label,group,p_groupwise,p_textwise
0,g0,0.49162360870335964,0.2645995374784198
0,g1,0.04226191532300388,0.05246866052213105
0,g2,0.884952602400322,0.44103457249017336
0,g3,0.236509450393384,0.16385157410710577
0,g4,0.5076814234332444,0.28007061754532364
1,g5,0.34968871666485996,0.7773284511902029
0,g6,0.16165282400624448,0.12087666200431521
1,g7,0.36485065296436975,0.8370954630996095
0,g8,0.22140172279851036,0.15191463380874048
1,g9,0.28279344153339897,0.364997417017333
0,g10,0.1800058256448199,0.13597490181284513
0,g11,0.14373042453928128,0.15220475172223175
0,g12,0.3744982853910132,0.2239974794917092
0,g13,0.125588671540678,0.09525097305260244
0,g14,0.5015110818290274,0.23347269141043198
1,g15,0.4964492646899444,0.8690530310843472
0,g16,0.15261061771401502,0.11360197870944345
0,g17,0.06191205018035978,0.05493138007566869
0,g18,0.2599426144705326,0.18155164320311926
0,g19,0.44455284738601286,0.24559080058548186
0,g20,0.17015757673680498,0.1264603122849401
0,g21,0.06160853215303534,0.06880518849098444
0,g22,0.05027377859271606,0.07476639388387207
0,g23,0.29233689369336985,0.22709422431807796
1,g24,0.5994753220365372,0.7687007424554532
0,g25,0.3393792826841881,0.21359535067566923
0,g26,0.03683111514903036,0.05275453326042045
0,g27,0.2168690576866268,0.1931065414812083
0,g28,0.13186439521013413,0.13633883744241598
0,g29,0.09167760663112065,0.10105150773142516
0,g30,0.526236457964362,0.28183676487309917
0,g31,0.12121516344775672,0.11036612386592748
0,g32,0.46744967726839964,0.24710190803285825
0,g33,0.08932493147074162,0.09083648138666582
0,g34,0.33873377049328784,0.24731816409010235
0,g35,0.1520434530785129,0.116572631643462
0,g36,0.06005119778169816,0.0779957653956821
0,g37,0.15897069279599385,0.13330332263194347
0,g38,0.45351988214205574,0.21892722506741943
0,g39,0.2095776522071917,0.16466878422493564
0,g40,0.21669426087106153,0.15561499006574164
0,g41,0.08475706924627749,0.08098932357052586
0,g42,0.16695987741612583,0.14699732486339134
0,g43,0.21149190663790438,0.15105631845333997
0,g44,0.27625158133272454,0.21488498757853985
0,g45,0.33799851430160033,0.16383739391702487
0,g46,0.2719916831868959,0.2092895581558612
0,g47,0.6705126799360404,0.36432293454000525
0,g48,0.19616883138475952,0.1932908821608788
0,g49,0.24585064772915785,0.2011795100620456
0,g50,0.0908768631344254,0.0826654161403448
0,g51,0.1477442808905068,0.12440093404144638
0,g52,0.1685181301332106,0.15237339587709284
0,g53,0.32834799731304887,0.19254787840086962
0,g54,0.32547147764082524,0.24678206367297315
1,g55,0.26871988775035777,0.6522015594030806
0,g56,0.22963497679349337,0.28845682618433693
0,g57,0.05771065493379854,0.07335272690894391
0,g58,0.23820883626271702,0.1513490665454868
0,g59,0.09844131080772087,0.08809520167283014
1,g60,0.8655993933416436,0.9125456027646001
0,g61,0.7051721745143809,0.3790195555105938
1,g62,0.651432469302074,0.8663357257936574
1,g63,0.5495286423119838,0.875787146582072
1,g64,0.16953409350207235,0.7937059992862484
0,g65,0.1573836924793926,0.15581045060965087
0,g66,0.09331679202442304,0.09666068145971589
0,g67,0.21331972416902917,0.20734890364016442
1,g68,0.5572954487097465,0.8609979072517118
0,g69,0.10955091120565152,0.13355364297785097
0,g70,0.13011693417761894,0.1384485060666321
0,g71,0.2350667270904495,0.1646008776554793
0,g72,0.06413795399393653,0.06677439881993387
0,g73,0.6359194279571277,0.3411056615225774
1,g74,0.4399824961521499,0.7159595835728305
1,g75,0.09924233555368298,0.7625500042335405
0,g76,0.0934469002499026,0.0888563486007288
0,g77,0.26178907244328,0.2027769864877743
0,g78,0.1378201279537872,0.13983953180555186
0,g79,0.1265915383777774,0.13235883952223954
1,g80,0.861650336496063,0.9199714246756892
0,g81,0.13158768361415185,0.14013163720333885
0,g82,0.4373562825089801,0.30967129002461324
0,g83,0.31222767506437915,0.19062352379487374
0,g84,0.19094454577382444,0.1679127153480801
0,g85,0.37997829180943754,0.18252416601514057
1,g86,0.7663118547547785,0.8609361642441336
0,g87,0.3681699627716241,0.2043382303075405
1,g88,0.1957979249335223,0.5685011435347311
0,g89,0.0790382269151962,0.07354207257766877
0,g90,0.12732735836625936,0.11030689433583346
0,g91,0.08095926472711565,0.08164746400165492
0,g92,0.1621982050175967,0.1274046918745099
0,g93,0.24951243619017943,0.1867354373267162
0,g94,0.057126022338414705,0.09485732809772103
0,g95,0.12296301139751448,0.09776385133119896
0,g96,0.11713698665822209,0.13407534635966417
0,g97,0.06221155642776224,0.07411410461457603
0,g98,0.06120675676302631,0.06700686977831724
0,g99,0.05941086738436571,0.08516866454767238
0,g100,0.13555714284649753,0.12774119175229662
1,g101,0.12981721402795726,0.5442056099585718
0,g102,0.06135752324281709,0.0670228664875607
0,g103,0.13391989911041463,0.11850871516650559
0,g104,0.17220042087241597,0.12688036100844083
0,g105,0.11916945157161989,0.09152442949810043
0,g106,0.25957234284594893,0.20213476388402077
0,g107,0.07397936527712987,0.07954320647467923
0,g108,0.2795074261114437,0.23547586017272282
0,g109,0.14593535653690845,0.11505924349876946
0,g110,0.06311324708638066,0.08696392315202481
0,g111,0.20321138692744212,0.2147394047894029
0,g112,0.0930251231637018,0.09866463652687364
0,g113,0.04513655961429563,0.06392005089266242
0,g114,0.4594297723096452,0.33575294188349364
0,g115,0.2776000757737227,0.17823448470433237
0,g116,0.5369178092847641,0.28170678124048476
0,g117,0.4386879433620377,0.28131115142404844
1,g118,0.6297708411694574,0.8652383937444666
0,g119,0.14414446471747117,0.13331941718689325
0,g120,0.12273695195506826,0.11029814795710254
0,g121,0.09408654495597077,0.10282787007472674
0,g122,0.21252520198497524,0.18664533076356674
0,g123,0.15483002708425522,0.17159833318336676
0,g124,0.15027294226952942,0.14521208142847236
0,g125,0.16630782464749572,0.14256784274041895
0,g126,0.18437367020144282,0.13449204775208984
0,g127,0.24994387452386005,0.26408035665059365
0,g128,0.0841459598994351,0.10891990426443598
0,g129,0.08454545570977814,0.09449354663325973
0,g130,0.7971059349096635,0.3646289234684456
1,g131,0.6154562480563782,0.8757497350704623
0,g132,0.29444080189850685,0.16593701474869232
1,g133,0.3964647721657751,0.822282836642161
0,g134,0.22469928874295989,0.20717934417777123
0,g135,0.1627160886037785,0.1401385386381339
0,g136,0.04781209127520783,0.05551430873127812
0,g137,0.09780431134840092,0.09783934406890525
1,g138,0.8106578284221527,0.9126145513819905
0,g139,0.2712647948610002,0.15372122108884706
0,g140,0.2602048907566613,0.3256888070705729
0,g141,0.0402826809483498,0.04056868298414272
0,g142,0.11528528500843785,0.11146063182302672
0,g143,0.16182540123920267,0.2007383680786263
0,g144,0.1437638602745422,0.12627557032567016
1,g145,0.5785654485023117,0.8353128468559712
0,g146,0.1356339107109684,0.12216624651686714
0,g147,0.10032816721529705,0.10231550102432746
0,g148,0.10510395313527782,0.09053364777790007
0,g149,0.10372941631230594,0.10432662483575383
0,g150,0.13373911618601353,0.10373716306454657
0,g151,0.08857063190660104,0.09834594931949563
0,g152,0.09060140058265678,0.10148307270610336
0,g153,0.2628484541589801,0.17679620983309516
0,g154,0.09734575756505424,0.08102411008250306
0,g155,0.06728009560384558,0.06934308649224644
0,g156,0.1341792575641154,0.13217187679818765
0,g157,0.05992756346577084,0.0764807085747968
0,g158,0.06639661020914682,0.0765295165979831
0,g159,0.13064389525162917,0.1192271292397123
1,g160,0.25480843348584675,0.8128000887268046
0,g161,0.25606543011097394,0.17122979410409284
0,g162,0.07212833773887499,0.08420184406196188
0,g163,0.12440379749273846,0.13308872353749837
0,g164,0.15665302463843694,0.1308962727940559
0,g165,0.48365383113408755,0.2505223145205883
0,g166,0.512143983966374,0.25227625544527993
0,g167,0.1065421300579695,0.08553603981645999
0,g168,0.17615651759753573,0.17541544402068404
0,g169,0.08378497955643427,0.08693017306539251
0,g170,0.1355345994229008,0.1117813854035306
0,g171,0.021643087307282597,0.026882878143758736
0,g172,0.20758838910606503,0.12641847614134316
0,g173,0.09094101640154253,0.094647197966865
0,g174,0.14461972394752434,0.1335524642010549
0,g175,0.07193267233222833,0.07488229575929502
0,g176,0.29093575170173497,0.20186347207851837
0,g177,0.07908146619021954,0.0641470216399213
0,g178,0.06742053501200053,0.07285375511026249
0,g179,0.32540204994394134,0.24353505769048692
0,g180,0.1817884809412152,0.18238809023836844
0,g181,0.11251635798224767,0.08759224038665442
0,g182,0.09887342765343016,0.12353917003132851
1,g183,0.3966761171651727,0.8087234442736155
0,g184,0.17862486330316069,0.13129724685309643
0,g185,0.044277077080374524,0.04773328911851753
0,g186,0.05662145110088512,0.051864335900849275
0,g187,0.11365654229787314,0.09585390608569025
1,g188,0.44330635941789437,0.7908149319845948
1,g189,0.23225687826209557,0.7964682120136024
0,g190,0.1662196627671726,0.12367104755332814
0,g191,0.05873786244004684,0.07062485589277542
0,g192,0.08404127612318352,0.088792763253055
1,g193,0.33659011970214747,0.8247077668116629
0,g194,0.03603959276987702,0.0591944067636474
0,g195,0.0409228766976603,0.04037059049856835
0,g196,0.0969017478796593,0.12172926509542309
0,g197,0.25810011256022136,0.1405925696274111
0,g198,0.05882062883764456,0.06101676069302544
1,g199,0.07138914106846786,0.06866786778323343
0,g200,0.0780753036064983,0.08987819718697027
0,g201,0.5432873688073632,0.24648019192179094
0,g202,0.06449958448499422,0.0718818434975343
0,g203,0.1346523747032854,0.12530699778726764
0,g204,0.35943208295752127,0.19428334071000186
0,g205,0.06413452130452535,0.07611055926549043
0,g206,0.2905188079608491,0.18118759477781843
0,g207,0.10658613021857699,0.08943034770272831
0,g208,0.19804720502326273,0.14440130327523576
0,g209,0.23017577633468417,0.2226938776530369
0,g210,0.25156755162679717,0.1856795693039256
0,g211,0.11916531055725785,0.10716592567334189
0,g212,0.17117454803938714,0.1358385057704385
0,g213,0.46496716729689763,0.20949261834358013
0,g214,0.034074563473804866,0.0449758865025453
0,g215,0.05766685869972898,0.07522090650295706
0,g216,0.21164368585841703,0.17131924337398188
0,g217,0.15807619723065774,0.11792703358566657
0,g218,0.1014637078067345,0.09958527451604957
0,g219,0.16078820783687825,0.16767273328427934
0,g220,0.09008462592163553,0.07913902324793697
1,g221,0.3736629034518923,0.778718106310179
0,g222,0.1513867957025731,0.14583073885992312
0,g223,0.12914955313285043,0.11303781285613237
1,g224,0.2619125599053432,0.7919900676964876
0,g225,0.3998796880026986,0.22494878083019906
0,g226,0.10203981259083125,0.0696021162094353
0,g227,0.1975308082888342,0.17830745412277554
1,g228,0.6402055018001982,0.8585660982345835
0,g229,0.10158483502980394,0.10165087163007319
0,g230,0.4566577542035431,0.21589602791593035
0,g231,0.18442338062581565,0.15222133068205373
0,g232,0.10950369111764913,0.10949651605127839
0,g233,0.05174508238684473,0.054365678044204474
0,g234,0.1541353090524284,0.12569926472288462
0,g235,0.09573368277647457,0.09262325159324351
1,g236,0.4891954193908326,0.8554754073776557
0,g237,0.21805393156252859,0.13866334148947043
0,g238,0.0920563720456859,0.0790483066910529
0,g239,0.045854001329369,0.0702119523267065
0,g240,0.17658467465525832,0.12986514493548
0,g241,0.0457251006422265,0.05885713921946159
1,g242,0.2692820762027659,0.7602640713088682
0,g243,0.09191759491323652,0.1094911456337293
0,g244,0.25697830830575225,0.18651408346257684
0,g245,0.1825343100577581,0.14711065703005044
0,g246,0.11440413627728921,0.09446291927319996
0,g247,0.05807669522195049,0.07168627138841731
0,g248,0.2531618360669328,0.1928944758089678
0,g249,0.2819238360055709,0.18486828576854814
0,g250,0.03970469656994051,0.05456692613285644
0,g251,0.15047660530836404,0.13985118942213276
0,g252,0.3706464736930147,0.2548087534518482
0,g253,0.138327301759727,0.0972813033169925
0,g254,0.09240841777499471,0.08867206235010994
1,g255,0.6242733128449844,0.8442985631644025
1,g256,0.22440142951240513,0.8220809792343053
0,g257,0.13144428941200414,0.11078535607706434
0,g258,0.41501310286619836,0.46761605292775016
0,g259,0.1266524784305615,0.1287895458807639
0,g260,0.06095720438969027,0.08059003537246556
0,g261,0.0689558932023986,0.06743257299918395
0,g262,0.138268205297015,0.10216764496973728
0,g263,0.09126625412516845,0.07155752463505972
0,g264,0.09677138352896626,0.12408425716669864
0,g265,0.08795113842786192,0.0826943999186684
0,g266,0.06589775280420153,0.08479758636139506
0,g267,0.18005738459288123,0.13264464804695603
0,g268,0.46536380765433244,0.24521349875354623
0,g269,0.04921744691720113,0.05600771447781128
0,g270,0.13600510117716139,0.14028932140151967
0,g271,0.21652785406115035,0.21993079903887958
0,g272,0.056307152291575915,0.055687189817833244
0,g273,0.09151400757634306,0.09716929617495222
0,g274,0.4147877984956877,0.2384746533878906
0,g275,0.6282624309670307,0.30122906541993494
1,g276,0.7529318947985348,0.8881717406267613
0,g277,0.40961855168067124,0.27464061000005363
1,g278,0.5336491137448551,0.571368622885049
0,g279,0.16711685947475352,0.14066024206799693
0,g280,0.3542041683615304,0.17309557321279273
0,g281,0.14460652737335403,0.14911795501814856
0,g282,0.1998717775990683,0.12823772892240526
0,g283,0.0691726696067553,0.06648924606306886
0,g284,0.12591499080690186,0.11559135046684128
0,g285,0.13628750503118053,0.12630893420905687
0,g286,0.17621396991249277,0.16418380347771447
1,g287,0.4984427757474491,0.8378847924766982
0,g288,0.5884553009736244,0.3204849817384798
1,g289,0.42213385828279554,0.6450923767583302
0,g290,0.314736027435538,0.22906378091460022
0,g291,0.20773669479069354,0.20789543798795973
0,g292,0.18377325611221212,0.20455924237745282
1,g293,0.15915656908793682,0.8099288767463453
0,g294,0.31728716510953425,0.19450732121270986
0,g295,0.5258354329163317,0.337027640882365
0,g296,0.24049357895702828,0.15361301876438735
0,g297,0.1638013074492518,0.12785833746233513
0,g298,0.10501492865024455,0.08777848887933513
0,g299,0.08255548082864413,0.079721513328289
0,g300,0.24672660713567493,0.19724410490773314
1,g301,0.7281609811748324,0.878658585648831
0,g302,0.7411500843519799,0.3793822786448965
1,g303,0.12378245956389092,0.7669984968482504
1,g304,0.6673689653202491,0.7792256418568302
0,g305,0.09868184687645162,0.10023822922802554
0,g306,0.44741253897879985,0.26143100650781165
0,g307,0.25602257509015863,0.15627768171780834
1,g308,0.28031790080321095,0.8003828831389671
0,g309,0.4486101314459338,0.254834680980404
1,g310,0.6317519859079767,0.8141807666960391
0,g311,0.11642047954024627,0.12093127989402482
0,g312,0.2812350305821484,0.21185194332550658
0,g313,0.6496457993159637,0.3528609463153721
1,g314,0.26404173749056326,0.6244276709429128
0,g315,0.15084527612186016,0.13195739879872515
0,g316,0.2361941964844331,0.1569637430346508
0,g317,0.18212646825451884,0.13613854530717726
0,g318,0.11832827557786556,0.11342844469836784
0,g319,0.13078593569778402,0.09921998065024312
0,g320,0.3019610940354853,0.19055464333396338
1,g321,0.8605099686891362,0.8964525450808631
1,g322,0.3673615075069262,0.3736146559499632
0,g323,0.31469035872741374,0.22457131528199567
0,g324,0.6450280485590497,0.3969494633203285
0,g325,0.10788867161168397,0.09174397425867138
0,g326,0.06362547129552021,0.07380690382836173
0,g327,0.06092175772500436,0.08141450147416973
0,g328,0.5399286031647373,0.27630841977619386
0,g329,0.4253896854000825,0.2562635943168489
0,g330,0.061963342891314034,0.08661166038115083
0,g331,0.16399309102298867,0.18673598622788815
0,g332,0.24570147980600324,0.17389460915887064
0,g333,0.1479810578940419,0.1730228012122655
0,g334,0.07996336096982201,0.0868167634931616
1,g335,0.5391159599634947,0.7827985353723916
0,g336,0.13367761086975163,0.12734418737790293
0,g337,0.315044922964197,0.21571271670117212
0,g338,0.1585615972015805,0.12443871469938374
0,g339,0.22786127500165412,0.16733706724060668
0,g340,0.1700050123973597,0.15767438279954124
0,g341,0.10817970583049434,0.12653762794147233
0,g342,0.1638524942363611,0.15036574773661288
1,g343,0.6472518923634712,0.8594387030275732
0,g344,0.19371569325044916,0.13580079710172954
0,g345,0.2078866161976682,0.13139701418194746
0,g346,0.18554208244193662,0.13546537278030002
0,g347,0.25108692510142977,0.1887998131738157
0,g348,0.07920727718593545,0.07190721885687754
0,g349,0.09955128275455985,0.09676273661830655
0,g350,0.09700166605273335,0.07522958840085729
1,g351,0.152425582847927,0.6373315954830532
0,g352,0.2557341767140841,0.16608355247088466
0,g353,0.44648395417774606,0.22439254564060332
0,g354,0.04808167740910766,0.05991604668786993
0,g355,0.30818815861274174,0.1778499941162298
1,g356,0.36525376200492504,0.7818541461561749
0,g357,0.33726133370018085,0.22354161232983902
0,g358,0.30355216002442104,0.2163708336128175
1,g359,0.5732662905474785,0.7233171196105999
1,g360,0.4187855060752827,0.8552405061919567
1,g361,0.25766793658642245,0.7510712469387604
0,g362,0.25691258425254326,0.16842504087217974
0,g363,0.6099254357727265,0.43295380613892026
0,g364,0.3089276437780816,0.2133499686245887
0,g365,0.12675993422779702,0.13028680288123076
0,g366,0.15599942052581378,0.13805136243665345
1,g367,0.17528475561950366,0.8031774091010376
1,g368,0.49132089914942234,0.8666131610245508
0,g369,0.38479107993960776,0.26270209456376875
1,g370,0.1958716733259417,0.47941921772630247
0,g371,0.16318575350543718,0.13681618382685115
1,g372,0.2175271037115445,0.7473161327719304
0,g373,0.15752630317635588,0.12884537272042726
1,g374,0.6729259431089559,0.8679553889935924
0,g375,0.21819158052639356,0.17355816568194468
1,g376,0.553582879227788,0.8356774414714183
0,g377,0.1542858183276419,0.1592008078437075
0,g378,0.46449115246647943,0.21358701049672613
1,g379,0.26039315036327804,0.8325572109753631
0,g380,0.5029517165603847,0.30288713603953726
0,g381,0.8014252012879137,0.36616136396078414
0,g382,0.40733497607006186,0.21523616519544422
0,g383,0.30020291240984703,0.17832132869644704
0,g384,0.17001275958492265,0.16275873550003062
0,g385,0.10543468148267121,0.09641482065653535
0,g386,0.04755054238514797,0.05458360541908218
0,g387,0.09725579793170783,0.07677113460886262
1,g388,0.462445813863628,0.8363875756815929
1,g389,0.6258735586026919,0.8647286177123504
0,g390,0.2040064664922941,0.20695315741000042
0,g391,0.17300385479761188,0.14770343139636155
1,g392,0.4605319339466773,0.8559674239000716
0,g393,0.17044168995934297,0.13760005614654172
1,g394,0.7591008666104925,0.8714372657708696
0,g395,0.18885839214590314,0.17124578730961298
0,g396,0.45177625743321553,0.24307928977839877
0,g397,0.08644125670718499,0.08092066151548996
0,g398,0.38488987890386833,0.30987187148133755
1,g399,0.12955909593504872,0.7433002478815705
1,g400,0.6422130005180781,0.8824335184132449
1,g401,0.6024414839379668,0.8669850891937531
0,g402,0.171751061314758,0.18899560507863214
0,g403,0.07761124683254159,0.10058624286531578
0,g404,0.07396100152800589,0.07072699358959784
0,g405,0.16618942908713882,0.12168777002339769
0,g406,0.25792360064820263,0.1765493703530461
0,g407,0.13721931276856592,0.1454020074640029
1,g408,0.7164795371025644,0.8601694392807177
0,g409,0.13420281715334034,0.11661001613142342
0,g410,0.41232634891413616,0.2154674838721348
0,g411,0.7529331734951477,0.36907773999721316
0,g412,0.3053710459724088,0.2404226776707935
0,g413,0.4123343394819749,0.21483743557623095
0,g414,0.4711601122773812,0.3290339968291131
1,g415,0.17735213662676547,0.7139447945248507
1,g416,0.5291405448016525,0.7126274556558247
0,g417,0.11355380817504408,0.09927408645924365
0,g418,0.24590316026173853,0.21435064938179066
0,g419,0.2159030624142407,0.16942337870805965
0,g420,0.2438382533946112,0.19246705620052876
0,g421,0.05075261107244243,0.055593511042384566
0,g422,0.24572171859699385,0.2056481590092477
0,g423,0.17868683511408034,0.15255442073907383
0,g424,0.10254375554363138,0.09879005474160713
0,g425,0.14111655425761296,0.14345917358344623
0,g426,0.05553420008648488,0.05575991557113009
1,g427,0.4697730617732716,0.8589433118665726
0,g428,0.4019541355850549,0.22726463371807326
0,g429,0.3086371329914868,0.20840953465098452
0,g430,0.10350693741508081,0.13274285465299424
0,g431,0.587358628068424,0.31634743221627304
0,g432,0.11735157592234272,0.10814075190206489
0,g433,0.12394354743994797,0.14831391184693668
0,g434,0.22576885403668354,0.20239600502801725
0,g435,0.30316971796107206,0.24547303305424895
0,g436,0.2852643270095634,0.21134441119308325
0,g437,0.08225259717873497,0.0776754833805141
0,g438,0.25349639788170125,0.15837278133312283
0,g439,0.3075853009616293,0.1903461455687368
0,g440,0.11562191982247975,0.1253538382247692
1,g441,0.5120513939341074,0.8385826433606121
0,g442,0.05243644480335573,0.06062368763949678
0,g443,0.12422811172914501,0.13138276536460444
0,g444,0.2027843869115239,0.22588007363626353
1,g445,0.33044621200878266,0.7970581012751753
1,g446,0.5861373906606645,0.879344234693743
0,g447,0.0875932414972054,0.1045701227904933
0,g448,0.11092266385608487,0.10990610937211931
0,g449,0.15743186490657668,0.14115832882782492
1,g450,0.5918261408850968,0.8633401354703729
0,g451,0.0260224209914942,0.03869405108742809
0,g452,0.16034057144074307,0.12235273804369619
0,g453,0.12321900150946742,0.12295205369112744
0,g454,0.15258019269061251,0.11478362230308531
0,g455,0.28743614924838035,0.1699651271332505
0,g456,0.39768838968708936,0.22932922568755745
0,g457,0.1946028461762962,0.14086776003918822
1,g458,0.5618136059233905,0.8488789316141497
0,g459,0.1506666782514779,0.09932150970661673
1,g460,0.6484296549024559,0.8744828163547719
1,g461,0.3048887781847015,0.7967359065808673
0,g462,0.26143124745976726,0.1791326525062457
0,g463,0.14265703213041997,0.11609608207982512
0,g464,0.2715453897453674,0.1878399953936522
0,g465,0.6045662328369418,0.31817628245603463
0,g466,0.3492538005110587,0.1987415536056767
0,g467,0.24663626817783768,0.2975819522179187
1,g468,0.743997898135409,0.899556196256214
0,g469,0.3342429286193097,0.304270091521492
0,g470,0.13699918454015078,0.10562900985897072
0,g471,0.14331326091100086,0.11953220092427959
0,g472,0.23673746077485544,0.16664824087470134
0,g473,0.14149685384514946,0.10785775543289124
1,g474,0.38394848331177794,0.6554558412782381
1,g475,0.38379377922996344,0.8346838849963314
0,g476,0.09281545996771179,0.10850233974995069
0,g477,0.07400532585282381,0.08720627479945295
0,g478,0.24338840687925203,0.14330153750089536
0,g479,0.5092770648037286,0.2825590513272752
0,g480,0.3866315202294991,0.2738562522673794
0,g481,0.42518637978787494,0.2652823347752823
0,g482,0.23695820417286428,0.16830088584833475
0,g483,0.2875342718896822,0.1615934820376945
0,g484,0.3224026517807597,0.1910833638508335
0,g485,0.6586567537792428,0.6398616959739554
0,g486,0.08885418641007344,0.07115702320407476
0,g487,0.16688934702023997,0.16708044373557776
0,g488,0.3841677447570151,0.2009298064316762
1,g489,0.11593029225327053,0.729166547644303
0,g490,0.19939565346007668,0.14055955226017403
0,g491,0.384561311207624,0.2190971671822917
1,g492,0.6922975404922411,0.8300992412927295
0,g493,0.1348385032492902,0.13393765090052984
0,g494,0.4990127356893409,0.28358913828576804
0,g495,0.4228981025122808,0.2308793511551299
1,g496,0.5376986896303924,0.8164753850490318
0,g497,0.10164409348014712,0.10295229838386949
1,g498,0.34235957806661044,0.8286435897705218
0,g499,0.23414603043329746,0.2843449961621955
0,g500,0.27423201819830384,0.21857629144752408
0,g501,0.22560864487136045,0.18699939220876985
0,g502,0.09338625783011732,0.09280999199104868
0,g503,0.12166806322052298,0.11083808395470691
0,g504,0.10275860291946384,0.11747794865577514
0,g505,0.124073480430109,0.09931632078553652
1,g506,0.28904948543899445,0.817365386430993
0,g507,0.1513199110524573,0.12552040607706721
0,g508,0.10713528088164292,0.1011067862142757
1,g509,0.5396783781562406,0.8684629149994783
0,g510,0.29577333416243623,0.1796386652081899
1,g511,0.7111986119878188,0.8927716033359573
0,g512,0.3670240118076126,0.20160079145975301
0,g513,0.19361375312625945,0.1472858368109637
1,g514,0.6594076052558315,0.7834768032601385
0,g515,0.5658411931533449,0.27386892630349124
1,g516,0.226775549559781,0.8069145641323958
0,g517,0.29464221824471104,0.2242926787149819
1,g518,0.48761505404722555,0.8607947591440294
0,g519,0.033222495340543994,0.04126669775825564
0,g520,0.23351475632590618,0.14396583490111342
0,g521,0.41049843289532767,0.23225614049155355
0,g522,0.586069609184983,0.2790999488949188
0,g523,0.29511515395628707,0.24232945399997022
0,g524,0.24042856184089473,0.15858557677500332
0,g525,0.24235454563475226,0.22687747773819933
1,g526,0.568696357981437,0.8580073545221014
0,g527,0.15862504007689956,0.16263879101894996
0,g528,0.4982051600797625,0.255382284609932
0,g529,0.21047591698455223,0.19672903718046447
1,g530,0.5326254625404295,0.8487733084472623
1,g531,0.644134895732426,0.8653834998352126
0,g532,0.27400238543397265,0.18534863179254665
0,g533,0.10686560018021396,0.1157687382687732
0,g534,0.6929543016271168,0.32727323906475597
0,g535,0.3690412210808854,0.1994599490406557
1,g536,0.06855373748276258,0.46182383904965624
0,g537,0.1674847712352835,0.16765105563995772
0,g538,0.10470194139446466,0.10608069352713725
0,g539,0.25185916274315306,0.23950951172120383
1,g540,0.23117162727922072,0.7572681157076068
1,g541,0.5394557919589302,0.7855132559571717
0,g542,0.10642548892496144,0.09230638124002793
1,g543,0.5997607761176635,0.8429683077228627
1,g544,0.5513983611933545,0.8221745960034349
0,g545,0.13913821506647306,0.1317506260451068
0,g546,0.11374783679175653,0.1287022001994604
0,g547,0.41871817316623594,0.2122342207193366
0,g548,0.20131790031827793,0.15371485178774064
0,g549,0.06876225523547828,0.08538994209829065
1,g550,0.06397868927174433,0.6592577778428048
0,g551,0.10471227256335676,0.09137935904653628
0,g552,0.2607342513806088,0.1972903335891241
0,g553,0.17440102423984802,0.1226179717578775
0,g554,0.27638784618661905,0.17875376645487429
0,g555,0.37537889122538887,0.22069205912881432
1,g556,0.5650945940363296,0.86708768172487
1,g557,0.24891838687723378,0.8050606282909674
0,g558,0.4265446099102517,0.25875308682252035
0,g559,0.2184603175421809,0.1521798220585645
0,g560,0.3349639686708912,0.2729389094193965
1,g561,0.6795402876377775,0.8711931337536231
1,g562,0.4330856583376534,0.815360104779333
0,g563,0.0969734575275713,0.1066417751728073
0,g564,0.21302810045611859,0.12322998906389618
0,g565,0.2720002427597089,0.1761945837459898
0,g566,0.17584916493138933,0.13620630421815777
1,g567,0.2775143409090023,0.7815239216174099
0,g568,0.24237631025190393,0.18581579949145224
1,g569,0.6680348634818944,0.8895396558630008
0,g570,0.8460234200506942,0.4754628936859144
0,g571,0.18644526704384418,0.1456639924996036
0,g572,0.296817984417089,0.1625820875688918
1,g573,0.3869719780452303,0.562236391172043
0,g574,0.503907246676223,0.32518764577370635
0,g575,0.08243056852018249,0.08415374754203006
0,g576,0.7516691549456095,0.3752493416636477
1,g577,0.35526612196168506,0.8051277285742424
0,g578,0.0800753135294892,0.10481621926247864
1,g579,0.27353410325054767,0.768183857255338
0,g580,0.13722495387281314,0.13028162365919657
0,g581,0.5679766856788405,0.43238428499555065
0,g582,0.25373269557633354,0.24890460309451773
1,g583,0.23430455308101605,0.8145771827819153
1,g584,0.644361693153263,0.8108498814647858
0,g585,0.20770908128587848,0.1699189684392497
1,g586,0.7773509756988901,0.8999439878298646
1,g587,0.1187798120017146,0.562294931626673
0,g588,0.2875199573944291,0.18542981182063195
0,g589,0.33032123644723566,0.2330025196403197
0,g590,0.282851895900126,0.18316862627689198
0,g591,0.16143945150118683,0.13616691060270045
1,g592,0.6536771112194251,0.8934918597963636
0,g593,0.31040608954343535,0.1772853195542595
0,g594,0.18036508649599206,0.17721892125144104
1,g595,0.2204017291429037,0.8002998946338893
0,g596,0.3865836004012725,0.35952886283238106
1,g597,0.6152939098969501,0.8583286836379751
0,g598,0.026707442720628076,0.035395115985359674
0,g599,0.4679465052405058,0.24643879560069148
1,g600,0.7758892201568468,0.8814182664979976
0,g601,0.15788336113228066,0.12993140821059615
1,g602,0.1597572058687929,0.66579566304774
0,g603,0.15701977583357613,0.13067385321005107
1,g604,0.39860065480613055,0.8375002068176418
0,g605,0.6986687296091989,0.36953998426120804
0,g606,0.19559477383475118,0.1388710185943588
0,g607,0.1454727992690398,0.13801480614584583
1,g608,0.21597218760944273,0.6926757020996753
0,g609,0.10783366947814921,0.10189961557883138
0,g610,0.19258421162843087,0.18411371390060657
0,g611,0.13257948316064294,0.15214489332073425
0,g612,0.37828962994147675,0.4088070092076758
0,g613,0.1393000594951161,0.13145637749934677
0,g614,0.06629236503224394,0.08891389273565667
0,g615,0.1182275906174576,0.10971545678063857
0,g616,0.0660191827510864,0.05332733969821984
1,g617,0.28235928357037765,0.646955227341219
0,g618,0.49260133053571464,0.30655414408410325
0,g619,0.6138723071213646,0.3229680053823576
0,g620,0.14756211118705348,0.15219006467982243
1,g621,0.7474877304885185,0.8298997366296986
0,g622,0.22555140030746887,0.2098791649598833
0,g623,0.16565109672520767,0.10808186735707703
0,g624,0.48144011947907794,0.3215944248811723
0,g625,0.30088403002515585,0.28506556815161266
0,g626,0.17412124557636105,0.1798367870198545
1,g627,0.5076682721166056,0.8704193123827223
0,g628,0.41686505344236363,0.25476959821400896
0,g629,0.2747476268496496,0.18134650577822908
0,g630,0.4551549732361491,0.24734239369885305
0,g631,0.46407629081539503,0.2487603031136358
1,g632,0.14364289722018592,0.6892860421420952
0,g633,0.23372944788333372,0.154790824578109
0,g634,0.0731511981571935,0.0843324302561709
0,g635,0.05261004205117163,0.06235426663526376
1,g636,0.6071410404008836,0.8472992970185708
0,g637,0.19898711216492826,0.1502711147375477
0,g638,0.09292542247936941,0.09186629960547131
0,g639,0.091840291424436,0.08295453572676416
0,g640,0.5682226244307749,0.331340866000959
0,g641,0.2417327380216017,0.15250653723433058
0,g642,0.4025736657935108,0.22644429573962893
0,g643,0.038866049466673186,0.04006623666525734
0,g644,0.471694595742383,0.28141783951422084
0,g645,0.5715130218751878,0.3088344476284202
0,g646,0.2642585868569537,0.2506949866222064
0,g647,0.5445306046821737,0.28492295828997827
0,g648,0.1659578925793427,0.12619284049243748
1,g649,0.7213465292383532,0.8910112352573231
1,g650,0.7565594763913627,0.8859075831742282
0,g651,0.11217967129477398,0.13311644909088838
0,g652,0.19908113928391383,0.1556276616872067
0,g653,0.7230537863572335,0.340106251942101
0,g654,0.10182215713488903,0.11408266046183581
0,g655,0.12300225210885976,0.10956332662570485
0,g656,0.22129903271821394,0.17239765409955335
0,g657,0.09301455921032398,0.08619463304238205
0,g658,0.14662290060155483,0.13273726777546258
0,g659,0.7888188424455042,0.3529447482124562
0,g660,0.28362906494703205,0.3019637110555825
0,g661,0.10835916518591304,0.09989121248266125
0,g662,0.25307525442685846,0.2279554241256322
1,g663,0.5637391002079687,0.8609582078622585
0,g664,0.4742928126514561,0.35415486793293177
0,g665,0.12504808836296935,0.12366431690889908
1,g666,0.4913809420097203,0.80568625986101
0,g667,0.06666062605962043,0.07722564678117488
0,g668,0.10366473050771641,0.1116630368324582
1,g669,0.8196098822649299,0.8911224769850741
0,g670,0.10460759601009893,0.09480794338904627
0,g671,0.4391063086189512,0.23348076150342154
0,g672,0.27260264828889497,0.2211405291391454
0,g673,0.20593869854366328,0.14515770963904284
0,g674,0.3199467285053331,0.24704105315672265
0,g675,0.1032325940543981,0.10202903464192281
1,g676,0.20337108380590307,0.5663151463930028
0,g677,0.5837715528439658,0.29447867586499143
0,g678,0.1644547623250107,0.13888160140869588
0,g679,0.14260058507258422,0.13349890340395082
0,g680,0.4925577459162623,0.27722084057169216
0,g681,0.8063654627968252,0.40949254185350137
1,g682,0.38055069775838435,0.7981793319781951
0,g683,0.4581017398829284,0.245605789304928
0,g684,0.281330569456858,0.22030863926777233
1,g685,0.7192599103448128,0.860776288605667
0,g686,0.19194500187688468,0.2101384690738879
0,g687,0.3079108202659454,0.17823577808762273
1,g688,0.3963523113536965,0.8383972500274234
0,g689,0.09915788383828367,0.0920433899314252
0,g690,0.5430923751883984,0.2958296441686876
0,g691,0.7075506925949622,0.349856463361377
0,g692,0.1222481276869073,0.10575075816493927
0,g693,0.1423293649508215,0.11380688323168894
0,g694,0.47141856288480743,0.21887362727690943
0,g695,0.2814073012368315,0.23070839120032266
0,g696,0.16546135627139905,0.1301713702755121
1,g697,0.39542415696039596,0.6188075806494112
0,g698,0.3045724507956631,0.2287444069156064
0,g699,0.21935830357685274,0.1575758047397883
0,g700,0.17847937578172973,0.14185632569186202
0,g701,0.11449622016731072,0.14802416921661002
1,g702,0.36430732073725486,0.8182732038887337
0,g703,0.15057778338227834,0.1406326267449436
0,g704,0.038070182123035264,0.0489486949033439
0,g705,0.13484714202063333,0.1191640897111998
1,g706,0.6184871781802818,0.8617345718731931
0,g707,0.04364221236544272,0.054738456474414894
0,g708,0.09125642729006585,0.08847229153519459
0,g709,0.19857622973988673,0.18665163699577517
0,g710,0.3747979185924667,0.19610839472161892
1,g711,0.649368755683739,0.8634041174262155
0,g712,0.07621361207273997,0.08583427524355396
0,g713,0.06863047471190327,0.10377460277970714
0,g714,0.18238811951897274,0.16655578547380295
0,g715,0.44327415249656066,0.238043074349517
0,g716,0.11133059679517784,0.10977615735775959
0,g717,0.16490941395975706,0.12785663989071697
0,g718,0.0831239839956429,0.10712591793634266
1,g719,0.7484964976026354,0.877290346016662
1,g720,0.43901868256420923,0.7023292177633348
0,g721,0.2545955863621823,0.2011533590589438
0,g722,0.1802181134083838,0.19398133673219436
0,g723,0.14302835100398756,0.10933237872253751
0,g724,0.22032721710300135,0.20187422776017064
0,g725,0.03507610028363511,0.04157086721939585
1,g726,0.5784681847686375,0.8435717588330389
0,g727,0.06945478853195472,0.05664994437783993
1,g728,0.31027318619335664,0.761299378153965
0,g729,0.1598215535134127,0.1406156885411883
0,g730,0.04406139288885985,0.05185579921890966
0,g731,0.10257765131786332,0.10680235835316015
1,g732,0.8106840825752979,0.8983557659298256
1,g733,0.08794663705858687,0.7667821602612075
0,g734,0.21372239908990792,0.171321307248096
1,g735,0.3766662537401256,0.8057538101735177
0,g736,0.23167433531128906,0.1506244604473296
1,g737,0.4396399266423278,0.8218795104402455
0,g738,0.10871555448695493,0.11554790932941787
1,g739,0.5642919140158521,0.8444870084808673
0,g740,0.29612410316261745,0.19384281502188852
0,g741,0.08920841387566669,0.08449701328133039
0,g742,0.14884913161728422,0.1476359884011874
1,g743,0.5031745969274646,0.8347359298798551
0,g744,0.1554859356084652,0.15281299033902346
1,g745,0.7360745273694861,0.8801003069798229
0,g746,0.10113313069805432,0.12460646576546358
0,g747,0.04655318606017942,0.053589225489167336
1,g748,0.7482410631158549,0.8901168726114614
0,g749,0.06441484886003096,0.07639166396291322
1,g750,0.8106090828183833,0.9084192253663814
0,g751,0.08991453793662957,0.07207540077927843
0,g752,0.11368372650594102,0.15645964624482678
0,g753,0.13376542141846842,0.09682369477913079
0,g754,0.45515972953269734,0.2804125053212667
0,g755,0.512272018229388,0.26815753029469414
0,g756,0.17345898075221275,0.15792504201431062
1,g757,0.32949335519794276,0.6418926535188142
0,g758,0.10554466770225611,0.12041736139787328
0,g759,0.10043001809817685,0.09820140162049978
0,g760,0.05760445595328901,0.0587211597085574
1,g761,0.7835119167697825,0.8928441855618129
0,g762,0.5177596348417427,0.3359504193145188
1,g763,0.6742298594983199,0.8732362333051599
0,g764,0.7632237994256247,0.4236654447809163
1,g765,0.6574145191079108,0.8560609983315699
0,g766,0.1656598575471518,0.1455807325084784
0,g767,0.05784950534087465,0.0792400745313367
0,g768,0.11843666636085637,0.13565009998800784
0,g769,0.5954483860813858,0.342971128164158
0,g770,0.11569583637281455,0.11918764021584811
0,g771,0.2413154091434843,0.19579027152409648
1,g772,0.6720322157675798,0.8668843480126137
0,g773,0.4487482619670241,0.28568008019915087
0,g774,0.5597933900873847,0.3869739887853746
0,g775,0.16422828913161225,0.1403920411318931
1,g776,0.6782228170759232,0.8557219196728041
0,g777,0.11881679686919328,0.09942185002152383
0,g778,0.21132637836458365,0.14918579007391222
0,g779,0.08363213186661114,0.09645840966363027
0,g780,0.21789196758839927,0.2090308649888031
0,g781,0.2786807898152373,0.19754569300530622
1,g782,0.22607888974173262,0.7876726859946043
1,g783,0.36782828674432444,0.6526416651543769
1,g784,0.6439491341624917,0.8753493855919868
0,g785,0.28833194625087694,0.2261889689092263
0,g786,0.21373126635658754,0.13802634537012998
0,g787,0.6683146812390702,0.37336041902633205
0,g788,0.31892983126161734,0.2290921380531759
0,g789,0.07016902166161125,0.0909668368010671
0,g790,0.4012062512421104,0.22461958991630726
1,g791,0.4945078009426917,0.8565255116640043
0,g792,0.1065271827143627,0.09299811372031937
0,g793,0.35218202417357836,0.2006659222213798
1,g794,0.890651027518915,0.9066063434257265
0,g795,0.16125915947698963,0.13497521246050043
0,g796,0.16366914170119698,0.17779788635087856
0,g797,0.4158865498422017,0.2282716075481778
0,g798,0.12823869687003275,0.11649719345970104
0,g799,0.7621030538082444,0.440532062145559
0,g800,0.16563149595200746,0.15015466775438738
0,g801,0.15031898798056556,0.14279482799362597
0,g802,0.12120592236011829,0.12229238468326205
0,g803,0.4909048832628238,0.23433240890481352
1,g804,0.5351350357037491,0.8136971481366484
0,g805,0.2559412855013486,0.1817924268328003
0,g806,0.22893531532041725,0.15874119808548853
0,g807,0.14848336724947764,0.1518709419064173
1,g808,0.7764956947777956,0.8954443752363861
0,g809,0.07665008336914658,0.08592113246586029
1,g810,0.19298899337399425,0.45966383319690685
0,g811,0.19262867375515397,0.12830184387838728
0,g812,0.22839739361708264,0.18702766793413447
0,g813,0.1685073653269017,0.13058916977944324
1,g814,0.23122900741004487,0.7462423415034903
0,g815,0.15989133807382253,0.12625460008478737
0,g816,0.09464766191816475,0.09648901297133083
0,g817,0.10838678566986237,0.10357963300957551
0,g818,0.2884696834797975,0.20894985326168852
1,g819,0.5738767901089283,0.8557560458300181
0,g820,0.12071855264176484,0.10728554931892526
1,g821,0.8648695066782892,0.9185359323036794
0,g822,0.4450943594505921,0.22543232220397258
0,g823,0.2984016096184272,0.19162153491428763
0,g824,0.07113950311571364,0.09057380905766788
0,g825,0.3710175182304858,0.2179936415731802
0,g826,0.0668378896567122,0.06650518611094262
0,g827,0.1228533994711363,0.14715070021888654
0,g828,0.23091273853787878,0.21666214721212018
1,g829,0.6098354358949594,0.8366298418293852
0,g830,0.22894995054774347,0.17012602814509792
1,g831,0.38670258778405525,0.7406718348375733
0,g832,0.213328756017826,0.24096559803799938
0,g833,0.1438336643970909,0.11258834722632385
1,g834,0.6725535790624324,0.8764317527548917
1,g835,0.31343621140905376,0.7160889436547516
1,g836,0.2491345848853399,0.7624285313476051
0,g837,0.172751505964776,0.15392148933526428
0,g838,0.17844529131820702,0.14665914909588826
0,g839,0.2490849459981259,0.14718761331161026
0,g840,0.09552968087975217,0.10050223481732241
0,g841,0.17275979434433092,0.17998412169155353
0,g842,0.47990527848901926,0.25098578136359956
0,g843,0.668834634732116,0.30949284665812193
0,g844,0.5306402641406602,0.3466081849978013
0,g845,0.16717908493125666,0.13857198940894502
0,g846,0.28383442733006353,0.2283733351076086
0,g847,0.11973844084467358,0.10796123014711713
0,g848,0.060596473883007304,0.07257392240816539
0,g849,0.08186276495538607,0.07055747872117525
0,g850,0.1269927205521409,0.11635541873201156
0,g851,0.04744298961793182,0.061014855538372846
1,g852,0.7472854397983925,0.9093475118844533
0,g853,0.30727247639829475,0.1712864624002614
1,g854,0.5329974803578508,0.8674061391813819
0,g855,0.4215200068611835,0.32978715590526925
0,g856,0.058400506925744756,0.0734740796430558
0,g857,0.14003896749880929,0.11654349811855402
0,g858,0.5569726826048556,0.25312649543007737
0,g859,0.10756351983580582,0.12157660786402417
0,g860,0.18155472666945932,0.14081984039225265
0,g861,0.34028391760210025,0.18865343759259678
0,g862,0.16911894385576717,0.17664420646441914
0,g863,0.24256566569682828,0.21311823447035527
0,g864,0.1176157999762524,0.11010445812024319
0,g865,0.3113513246919117,0.21332211325093717
1,g866,0.5593681438855093,0.8503108664198015
0,g867,0.12043505403145668,0.11650633506481538
0,g868,0.1219768749111657,0.19425443346550927
0,g869,0.06820852759230603,0.10927888610887553
0,g870,0.14468677016796214,0.12139269715316846
1,g871,0.43991849925086274,0.8426107845296111
0,g872,0.370332537723062,0.23732217645121914
0,g873,0.2827374345081724,0.19665275223388104
1,g874,0.7799165599009932,0.9035676695654951
0,g875,0.12684046870406138,0.11020612038337733
1,g876,0.40958076296215223,0.6591395585666306
1,g877,0.6675973963026536,0.8644075959928201
0,g878,0.05383539812595925,0.08520103060607062
0,g879,0.2666039908684448,0.26403815839148803
0,g880,0.1890204169989513,0.15299378401171718
0,g881,0.36485212693687635,0.26379565265303334
0,g882,0.5273549978243658,0.3142153985293164
1,g883,0.5762206719198042,0.8147258213518255
0,g884,0.14117582978765628,0.1612464801808489
1,g885,0.48424032912588616,0.8707885741304618
0,g886,0.07531166574360719,0.09077259208809052
1,g887,0.6663909383893722,0.8810616664953766
0,g888,0.054637412610301375,0.06260969545762797
0,g889,0.0646019409066767,0.0595857210402336
1,g890,0.85762898327663,0.9103499231340014
0,g891,0.1640929102555117,0.12153880152974238
1,g892,0.3633754675021914,0.8159942045881101
0,g893,0.3297799798410626,0.2188352494865007
0,g894,0.02914319610590258,0.03208137629467151
1,g895,0.5072294585281599,0.8564419553570611
0,g896,0.1781314186282145,0.12619297792423112
0,g897,0.10640785212623083,0.09818496086071961
1,g898,0.7042603744541802,0.8789684828786369
0,g899,0.07933269919723093,0.08017222666534159
1,g900,0.7211822153526228,0.8304075072929603
1,g901,0.7378160000986397,0.8541800252027109
1,g902,0.5213756945694646,0.7794030525445669
0,g903,0.06588630159450554,0.0578459019515064
0,g904,0.6592866195455562,0.30644390218288037
0,g905,0.2787264986451658,0.20501300017142163
1,g906,0.7694666246937805,0.8427063309149154
0,g907,0.1110589242401184,0.09620994876554456
1,g908,0.38282479775527756,0.8185616208453043
0,g909,0.08603058814342003,0.11752712986435034
0,g910,0.10486113269235608,0.10270373787209877
1,g911,0.491976615848532,0.8516160446331812
0,g912,0.4198847184707423,0.2818671647731486
0,g913,0.15304727281103855,0.13793458055959193
1,g914,0.5718452143285115,0.8839847251684959
1,g915,0.2528868672190341,0.7601278476866642
0,g916,0.5946115359993652,0.3037605889077809
0,g917,0.26856680473930805,0.17124273961339792
0,g918,0.274173030096371,0.18268759902681195
0,g919,0.03928020331623771,0.03506510771181984
0,g920,0.11097044404141802,0.08749893667860312
1,g921,0.4491475734611372,0.696202120560566
0,g922,0.37811767438298305,0.22422002733714055
0,g923,0.7754837988028661,0.42592587558146244
0,g924,0.34448900483127687,0.19748218646716406
0,g925,0.3919679315442815,0.2333898055748884
0,g926,0.15541204614067478,0.13875406552903083
0,g927,0.4237673350327964,0.247635933540141
0,g928,0.1139132071395826,0.10230444528565248
0,g929,0.42080199142745206,0.2431748697210518
0,g930,0.4434685984733864,0.21394000717943196
1,g931,0.43867535694332566,0.840970989627162
0,g932,0.2916594573792125,0.21388892915023006
0,g933,0.11777486228731873,0.09623127074111029
0,g934,0.2398953146837861,0.21618386714382615
0,g935,0.1182182042429889,0.13635519215881992
0,g936,0.2134380959378494,0.15276079511222326
0,g937,0.08989157859493573,0.09848213762956787
0,g938,0.4497614590603348,0.41861889361433596
0,g939,0.3626374625599182,0.21115249020561463
0,g940,0.5639893398576308,0.6090167575074578
0,g941,0.1391993438800218,0.12741466199722482
1,g942,0.33301261349250844,0.8050135367507374
0,g943,0.12511940816700517,0.11971741267121934
0,g944,0.08991266435739016,0.07657613328294902
1,g945,0.31411980918780635,0.7797979260791099
1,g946,0.6870642736369318,0.8534990006722186
0,g947,0.07414760673639788,0.08993874873361674
0,g948,0.08758093564172571,0.08981779438436793
0,g949,0.06659438540116683,0.06280932320397938
0,g950,0.1493719415862652,0.128868741774403
0,g951,0.2990959367896286,0.2477235005740717
0,g952,0.12484122895598954,0.12814049994176793
0,g953,0.08421271425013065,0.10875056426008223
0,g954,0.1395577725504538,0.14674621178749878
0,g955,0.1253548039850907,0.11195760930108281
1,g956,0.6186990727743297,0.8740729808901223
0,g957,0.15403245187238576,0.13319347082901276
0,g958,0.3426167945714854,0.26490896686041143
1,g959,0.17542643650894374,0.3815208361453745
0,g960,0.09892364764121445,0.09954528072310018
0,g961,0.05915802562584572,0.07261998999495059
0,g962,0.10154347810585969,0.11154552091371002
0,g963,0.3089626138457897,0.2826242394497111
0,g964,0.17719098002795544,0.1533466430259414
1,g965,0.49996807723741676,0.5388165462762994
0,g966,0.08488735457511615,0.09728048409935201
0,g967,0.4629819463948231,0.23060157115551524
0,g968,0.3721576574041293,0.2377505980380369
0,g969,0.16730415320561712,0.14899653818468242
0,g970,0.12687114412171746,0.11852567778800013
0,g971,0.24011240669685638,0.246930204060838
1,g972,0.5262509894143659,0.8696810656798787
0,g973,0.14004761148626838,0.10145442689936762
0,g974,0.2688898521437541,0.15952826575939663
0,g975,0.3474075870389574,0.19822880358047762
0,g976,0.2607402431703687,0.2465043088742659
0,g977,0.30431002823616643,0.31001158743140644
0,g978,0.133793898190106,0.15722724527288598
0,g979,0.4951077815865713,0.2974258949930507
0,g980,0.25643054950395383,0.18040405171157725
1,g981,0.4979564867536274,0.8205188281325966
0,g982,0.5122407872865893,0.2735547042257084
0,g983,0.3110831597733091,0.19344398188725007
0,g984,0.36687558195435355,0.20356749055000523
0,g985,0.313809626312133,0.1851765456886901
0,g986,0.1462715632783979,0.15571496725777056
0,g987,0.29670119778376725,0.16675436928276144
1,g988,0.4748561185226874,0.8402256182585114
0,g989,0.15761557310152877,0.1047681274772715
0,g990,0.12318438832368336,0.11982458300912185
0,g991,0.23638295034332094,0.17178431440280792
0,g992,0.1365732310185248,0.14384547819184623
0,g993,0.17096154210183537,0.1137775922374824
0,g994,0.14431542019857316,0.14396495822574218
1,g995,0.5653851547106281,0.8529620221386851
0,g996,0.05734415643100723,0.061253570896389574
0,g997,0.28597332659954006,0.2397536879777278
0,g998,0.11920457877224053,0.08768628435641382
0,g999,0.165544534493332,0.13468486902948218
0,g1000,0.30242770269405256,0.19437149209072904
0,g1001,0.12037023762201583,0.1256824176672546
0,g1002,0.4054938647942845,0.24440708967385089
0,g1003,0.49820765684330737,0.2934734952987778
0,g1004,0.13866864630887626,0.13126059652162508
0,g1005,0.28578782414888354,0.17927972383170154
0,g1006,0.32629787668375976,0.21283331175493297
0,g1007,0.09509312898802852,0.12279879666940663
0,g1008,0.17177607671284073,0.15605439286681758
0,g1009,0.38681929497967293,0.2529165728634649
0,g1010,0.11968600433537353,0.11697337338337487
0,g1011,0.16318116362723012,0.12321558722147251
0,g1012,0.19491785408649426,0.18713505324755106
0,g1013,0.10725670964405949,0.12161157887587422
0,g1014,0.16207861394842946,0.15050060831516718
0,g1015,0.05587151037703872,0.06478173398940988
0,g1016,0.08072343234470786,0.09873678446727054
0,g1017,0.13434510795408905,0.12775875767946093
0,g1018,0.14267813300265475,0.11282340287086833
0,g1019,0.35078963308613886,0.20506683587576804
0,g1020,0.3602457109368918,0.18267355271359662
0,g1021,0.04368491699930628,0.058781195143498
0,g1022,0.07895652900935753,0.09687138692811828
1,g1023,0.5109590713497189,0.8123304292499068
0,g1024,0.4855964861156449,0.2980588384371784
0,g1025,0.14910846718481524,0.12176061980444389
0,g1026,0.13835519233414625,0.11221330952679281
0,g1027,0.059887869280610614,0.08307215656746458
1,g1028,0.5186944396293319,0.8172323756504162
0,g1029,0.3847819704147691,0.19671747107692264
0,g1030,0.23985422561138325,0.16072354516495543
1,g1031,0.6751203386999702,0.8700191673191131
0,g1032,0.03935781790142796,0.04088679557813488
0,g1033,0.16014003420688097,0.1566499715955645
0,g1034,0.412814077109918,0.2619967796980185
0,g1035,0.09643633800197092,0.09306287030856518
0,g1036,0.28651275108398994,0.2160809231534314
0,g1037,0.14823732979080353,0.1139135002468922
1,g1038,0.4215851344259518,0.8433208167935087
0,g1039,0.4697154049923822,0.23059091793722503
0,g1040,0.2261063268442935,0.18297073761021238
0,g1041,0.08280409993685184,0.08577338667323113
1,g1042,0.48091671512643575,0.8396763476162441
0,g1043,0.10766061536355562,0.12786799983666758
0,g1044,0.06693033512322771,0.06806113916911402
0,g1045,0.43087411087144684,0.2526728236531015
1,g1046,0.8012117308587262,0.869886838708522
0,g1047,0.07753635413707119,0.07112672781419498
1,g1048,0.30582804400504954,0.6442892096340036
0,g1049,0.6356236561352675,0.3453045381015563
0,g1050,0.13660858409674953,0.11826011591449423
0,g1051,0.42101964705800576,0.2102845762951242
0,g1052,0.12256091854359202,0.1139979794338585
0,g1053,0.09525471768323146,0.11848786268426723
0,g1054,0.43776419221233226,0.2276826794204336
0,g1055,0.22047257007658205,0.1934763061695837
1,g1056,0.7679521253874141,0.9053907515607099
0,g1057,0.16681317505019647,0.1458176243175153
0,g1058,0.4669030945064121,0.24096267156135956
0,g1059,0.1948845757489845,0.15035682777944034
0,g1060,0.21526178396206697,0.1980014962485709
1,g1061,0.355477846751309,0.8389593518342174
1,g1062,0.2664047809309153,0.7213729663194677
0,g1063,0.07499976924241972,0.10113693978620154
0,g1064,0.171790052467685,0.1523938961395711
0,g1065,0.40425575399517805,0.24721339620847843
0,g1066,0.15058936002208356,0.13884244199975973
1,g1067,0.7058067191103486,0.8893695434270164
0,g1068,0.149686710831846,0.1404492658743209
1,g1069,0.22219255595273915,0.767181902065114
0,g1070,0.03104246516880802,0.04904019954451706
0,g1071,0.1912686595024086,0.16161138060770014
0,g1072,0.4241657981715271,0.23042051938326785
1,g1073,0.6457443455239922,0.8836210009206247
1,g1074,0.8303213916144166,0.8995433976012812
0,g1075,0.08293349385248028,0.07784479962228187
0,g1076,0.2567060574067708,0.18095358966178132
0,g1077,0.33407976718196825,0.22576972482961308
0,g1078,0.14607854397349623,0.18250077904616013
1,g1079,0.636744405645004,0.8558435697378891
0,g1080,0.3199975018652438,0.17775545064516912
0,g1081,0.14585977676357104,0.1403308129794928
0,g1082,0.08099094635061582,0.10209994161675459
0,g1083,0.11974005661691282,0.1410166110655014
0,g1084,0.2840612523639027,0.19648544751417507
0,g1085,0.05743343146078154,0.06146493504739496
0,g1086,0.16574323925193782,0.18944745989428474
0,g1087,0.18519624142919014,0.22491893407586233
0,g1088,0.12020935712348756,0.14175668087135876
0,g1089,0.43244835596582465,0.246529980695141
0,g1090,0.31385280432666113,0.17170186379482874
1,g1091,0.4545875555512537,0.848131127942559
0,g1092,0.17594502340616225,0.18437771622228336
0,g1093,0.3194833343869645,0.2700065404137034
0,g1094,0.14231940247700425,0.1362902259700356
0,g1095,0.30130616892843165,0.21703479136123235
0,g1096,0.18444101799407814,0.14459562910034993
1,g1097,0.7268305404338224,0.8980234415534991
0,g1098,0.31324693163923506,0.22701244280739355
0,g1099,0.06790941275271088,0.060545315225022565
0,g1100,0.2608737615455057,0.22435034537092013
0,g1101,0.2773425771393332,0.20987464679524598
0,g1102,0.13103181670854328,0.13168916573096684
1,g1103,0.6763571768683848,0.8806448823499267
0,g1104,0.2186820510537954,0.1799313207517729
0,g1105,0.30691357741515535,0.18640428742519782
1,g1106,0.700395542202783,0.8162753164879608
1,g1107,0.7818584149323271,0.891762919520886
0,g1108,0.31005623312086295,0.1750623812662269
0,g1109,0.05023790176212085,0.06746411871593329
1,g1110,0.32081159983485164,0.8133587597888522
0,g1111,0.1089310383829092,0.09573481373461451
0,g1112,0.171584951634151,0.13637042277516082
0,g1113,0.07759237123951469,0.08115436341985048
0,g1114,0.29612909546902905,0.17565947440269614
1,g1115,0.6584363642083877,0.8648793213198392
0,g1116,0.2566748134419451,0.15802098268825482
0,g1117,0.2324862575016387,0.16243676346786548
0,g1118,0.2907528696090538,0.252686088627611
0,g1119,0.2552444552166146,0.22172811348239513
1,g1120,0.5049531582004214,0.8343242918330992
0,g1121,0.36460318054639507,0.23466833997782005
0,g1122,0.2572354375114683,0.16971964149950328
0,g1123,0.13057016537170238,0.1289297586408884
1,g1124,0.47079777807515344,0.8150697919344774
1,g1125,0.696113728974608,0.8597880519804917
0,g1126,0.1410875320989412,0.1176948587199666
0,g1127,0.538139970115215,0.5354202137111824
0,g1128,0.14740314597391585,0.14119329386416118
1,g1129,0.39641066190279634,0.7698227646016504
0,g1130,0.08633567000383041,0.09775991739014184
0,g1131,0.24938008658799551,0.17829045109319144
0,g1132,0.22033140181255662,0.21807280917079327
0,g1133,0.13557145756580352,0.125002537763811
1,g1134,0.4552154200129872,0.759161914714157
0,g1135,0.18087775236396966,0.15832929540602875
0,g1136,0.24976488700508093,0.16348350784774882
0,g1137,0.1256664937938032,0.10783117784889029
0,g1138,0.15668541955330112,0.14952863877595748
1,g1139,0.5832856577502658,0.8679627760892545
0,g1140,0.20497521992219664,0.15644834576507563
0,g1141,0.16660405870725334,0.15057800662676324
1,g1142,0.7697307788079344,0.8946118365493885
0,g1143,0.277555590727392,0.1789937083887744
0,g1144,0.04109260470171746,0.04433293671963271
0,g1145,0.27349189598203094,0.20758104520919154
1,g1146,0.7383438102492484,0.8840452558240447
0,g1147,0.11831605375414152,0.1349591171193672
0,g1148,0.22823319100364006,0.16234080990708424
0,g1149,0.5276881740818946,0.23527311930508368
0,g1150,0.11492106056199058,0.105179157849196
0,g1151,0.25677869472368353,0.18608042522547025
0,g1152,0.07528871860639201,0.08164562181369486
0,g1153,0.1991870588729766,0.20437775129386618
0,g1154,0.27442090088698246,0.16960369922600702
0,g1155,0.2447757978208222,0.21816942133580533
0,g1156,0.5187543231422945,0.24646386285602778
0,g1157,0.2534570332874559,0.1925679684224632
0,g1158,0.030839223967930585,0.03834266149453666
0,g1159,0.42216306542309284,0.23660929088768087
0,g1160,0.17366941209075717,0.15665688804190345
0,g1161,0.11500101316737703,0.11005557038779533
0,g1162,0.1015065890279827,0.1163585245511731
0,g1163,0.17062060942168417,0.1592901208149424
0,g1164,0.3478411280183283,0.20695781008190753
0,g1165,0.0661190035251322,0.10998948705750376
1,g1166,0.31471192443778845,0.8015466614392922
0,g1167,0.050313150341885056,0.05542837347294083
0,g1168,0.3140635576533934,0.17334876405451444
1,g1169,0.5967802907681814,0.8667251901835001
1,g1170,0.32038783159784506,0.8241687993546093
0,g1171,0.803495154313884,0.42805315933502414
0,g1172,0.22565115793759077,0.18161543989139495
0,g1173,0.8287328262801956,0.4140114524214377
0,g1174,0.2324552897856996,0.1581862796082683
0,g1175,0.11381213018319657,0.12977897921421835
0,g1176,0.30747518498284104,0.1664624841592041
0,g1177,0.10383026750720789,0.11937516965436748
0,g1178,0.08540848420019055,0.11487269196022627
1,g1179,0.268983606471872,0.79396839205007
0,g1180,0.19884292516670418,0.14103546150668608
0,g1181,0.1234780862719569,0.10916117109085968
0,g1182,0.1094442444676756,0.10815043451788833
0,g1183,0.4298530288122822,0.23467428112745184
0,g1184,0.3127996829534264,0.1928286771201292
0,g1185,0.29939232164118706,0.1843452818944851
0,g1186,0.7146098925852284,0.30126256002294977
0,g1187,0.1438045745620309,0.11619846097117914
0,g1188,0.09910656442033454,0.08566492864467731
0,g1189,0.27409967975385174,0.19242234220206592
1,g1190,0.35841175956915394,0.7771472935350612
1,g1191,0.4508639549601526,0.8378464998823949
0,g1192,0.14305476881680024,0.11636597017075255
0,g1193,0.6217657919160149,0.3382806167281779
0,g1194,0.14266065746958,0.14847205985315187
0,g1195,0.08172301568438557,0.07770644299000727
1,g1196,0.17470104580277573,0.7437245750267043
0,g1197,0.30641103397629,0.18915448016379943
0,g1198,0.07657293046756626,0.06999959301491349
1,g1199,0.3035405217944975,0.7680307508738439
0,g1200,0.26726863630565356,0.1774844083391075
0,g1201,0.08124576673917747,0.07324024809213511
0,g1202,0.10909465441314992,0.11131960767798281
1,g1203,0.1874067276477718,0.7956972349358848
0,g1204,0.19745844701422643,0.17171023090240042
1,g1205,0.42100606823831405,0.8183287119008401
0,g1206,0.25163862418338945,0.1441148318984482
0,g1207,0.23244084250571126,0.13640004406627912
1,g1208,0.34663431965598396,0.8240198886969091
0,g1209,0.413365827865132,0.21268582207196776
0,g1210,0.1482663894458236,0.13792986605957586
1,g1211,0.4573559551702084,0.7636681304196551
0,g1212,0.04944728679270442,0.07267300414067424
0,g1213,0.36023111873892943,0.26265172743556003
0,g1214,0.261600836323817,0.22127978283211253
0,g1215,0.10683654594826927,0.090358331074891
0,g1216,0.25228973641190655,0.18392776740866779
0,g1217,0.13406552743765943,0.13658870516114058
0,g1218,0.39013846240289607,0.2207267173812462
0,g1219,0.03854749021757408,0.043045519497723485
0,g1220,0.3285726618591931,0.2356458029379376
0,g1221,0.12908962206063215,0.1299861900798722
0,g1222,0.11378651670203674,0.10066431306483697
0,g1223,0.05306698985066905,0.06205491979309921
0,g1224,0.16617468903401933,0.12624899068786147
0,g1225,0.2998917442428928,0.21692447072616164
1,g1226,0.7081144043745423,0.8804757167512761
0,g1227,0.14242140470984718,0.1258086816190868
0,g1228,0.06513377604464957,0.06971224788642837
0,g1229,0.14155044652731488,0.09600678985639892
0,g1230,0.1237109906466656,0.10122631453060382
0,g1231,0.6637851108064156,0.3040835174210408
0,g1232,0.10525429201744266,0.09777660808905023
0,g1233,0.1488585368889622,0.1604013937579429
0,g1234,0.05973714668347574,0.07783903109656301
0,g1235,0.6038805835162253,0.28342632274904495
0,g1236,0.12570239162517474,0.14564136165535724
0,g1237,0.17842380392739152,0.1405622693612857
0,g1238,0.38871437945882353,0.20578631367283354
0,g1239,0.13046324349664973,0.11370748711849156
0,g1240,0.16478538730971243,0.11847328843754433
1,g1241,0.2142389930607825,0.7791323305887079
0,g1242,0.1409544492012977,0.14881180677375536
1,g1243,0.24678342122866082,0.7757013198685829
0,g1244,0.33475044700092094,0.21455105707643315
0,g1245,0.06578597079841071,0.07963299369927715
0,g1246,0.18967720512039973,0.18037957510239405
1,g1247,0.8185098348679817,0.908707246120354
0,g1248,0.11738657911820359,0.12078598558635514
0,g1249,0.6383682963706392,0.34549803969095016
0,g1250,0.18557363869396828,0.15454724738069872
0,g1251,0.32082505229847336,0.17907045131448596
0,g1252,0.30441390576464183,0.22404262937561759
0,g1253,0.14556493943343787,0.1617187428565326
0,g1254,0.1699530677691623,0.15147432102268354
0,g1255,0.046445493689987453,0.0512472052282444
1,g1256,0.6685327827979198,0.8878205373745734
0,g1257,0.09094989018355738,0.09157920522898555
0,g1258,0.27713994683831267,0.21114675730085222
0,g1259,0.19447866475550146,0.1498287951542854
0,g1260,0.23464237952363193,0.21075903746869418
0,g1261,0.12144281981043774,0.09942449933046069
0,g1262,0.631937788447871,0.3408651193245316
0,g1263,0.37846458901120894,0.20972059257852846
0,g1264,0.18081605086168148,0.16566930156342582
0,g1265,0.07939620721688588,0.07222004951914784
0,g1266,0.7572057548170533,0.3836143624189652
1,g1267,0.143886328501209,0.7494415253958465
0,g1268,0.732258280155154,0.30296202595912025
1,g1269,0.6033859941560634,0.8540074225241279
0,g1270,0.10509590616777736,0.07903906519389656
0,g1271,0.1443317019182985,0.1405165989788747
0,g1272,0.14307093516495517,0.1154928803490879
0,g1273,0.22120207130866326,0.155306324181944
0,g1274,0.13598527144081196,0.11117622139255992
0,g0,0.4982472665466022,0.27189893142026716
0,g2,0.8807261691679416,0.42869642628399174
0,g3,0.21604438876389695,0.1486505115469315
0,g4,0.5244512391502226,0.2522493364664902
1,g5,0.35561966828424973,0.7799300571805162
0,g6,0.15124382057666086,0.13337565233185614
1,g7,0.37690591027144027,0.8237894328028991
0,g8,0.24031297218088143,0.1625151193921316
0,g10,0.1892139747753369,0.14210074323675295
0,g11,0.14916750007908597,0.1564390513700634
0,g13,0.1371083218775205,0.10242524676778789
0,g14,0.4800996888973974,0.23244849205203313
1,g15,0.4934229962459179,0.8774313225388168
0,g16,0.15701333656479008,0.12576481154175326
0,g17,0.07155681662839504,0.06300674113642679
0,g19,0.4497082167161941,0.2643704228018659
0,g21,0.06278921893548639,0.061213920726805454
0,g22,0.054508362607292936,0.083184029386592
0,g23,0.28583031288165966,0.22370619393166477
0,g25,0.3372517440189174,0.20239422553542563
0,g26,0.037573889174945786,0.05459348874877779
0,g28,0.1349897692958653,0.13431256729670163
0,g31,0.11942565255238081,0.10209843045676667
0,g32,0.4552963195838502,0.21824080126931575
0,g39,0.21002852648688206,0.15936782556262347
0,g40,0.21506900242144858,0.13951494176938983
0,g41,0.08850247047135881,0.0846142122498901
0,g42,0.17412722061839855,0.15878437661374087
0,g45,0.3489606122326335,0.17849670139646187
0,g47,0.6673852307729825,0.362407613769865
0,g49,0.24553775346414652,0.171458390055606
0,g51,0.151705240793104,0.12890942220314788
0,g52,0.16540989505734147,0.14369111721389985
0,g53,0.325975069481518,0.2200065224946686
0,g54,0.32594778572138783,0.24693616447035152
0,g57,0.05638422218179046,0.06776049291282717
0,g58,0.239294811442824,0.14757337450757774
0,g59,0.10572643362788177,0.08942362046216834
1,g60,0.8633384622716442,0.9041892909459933
0,g61,0.6949607055346744,0.37566811101568853
1,g62,0.6451266926552504,0.8685941660582626
1,g63,0.5396704705763347,0.8392189526087716
1,g64,0.16327762615724292,0.7250887686623645
0,g65,0.17714516917182038,0.15720171742043565
0,g66,0.09400248742049466,0.09174295827583219
0,g67,0.2191002657839781,0.21345699116042502
1,g68,0.576787339398443,0.855771671617645
0,g70,0.13527820718143743,0.14266371785351714
0,g71,0.2427327382145073,0.18209591784968882
0,g73,0.6279961453632171,0.3327954207861726
1,g74,0.43881018321910326,0.7655355575257216
1,g75,0.10205213115850229,0.6951940864519512
0,g77,0.2601296477847587,0.1575945552993119
0,g78,0.1382804967860218,0.13955498671584302
0,g79,0.12074823414060488,0.14439088323514543
1,g80,0.8596401912758019,0.9258451564766453
0,g83,0.30821473614574896,0.20606170473748664
0,g85,0.3807191471754697,0.21898808952812127
1,g86,0.7681574630839175,0.8823870947421997
0,g87,0.3442235345991961,0.20469494739237992
1,g88,0.18155967487843383,0.5649080011315389
0,g89,0.08581660112682399,0.07943606900650887
0,g90,0.14013649987429236,0.13166913064067523
0,g92,0.1625312673529409,0.12159618863780909
0,g93,0.24906321825030794,0.18480588595649866
0,g95,0.12322868762722541,0.0995286373028716
0,g96,0.11995657566527734,0.1386544605439578
0,g97,0.06437389335555359,0.07641383403299128
0,g98,0.06134991228486538,0.06831575361497517
0,g102,0.0658600325788081,0.07742523641477188
0,g104,0.18142974248599092,0.13446412105570896
0,g107,0.08844799421590244,0.09677797558482143
0,g109,0.14524113961721352,0.11532152439298646
0,g110,0.06795184257638726,0.08041253419197465
0,g111,0.21368849795927902,0.22205796880102954
0,g112,0.09288258756699026,0.09985955298057882
0,g113,0.046129935732233715,0.06464463624915806
0,g114,0.45766639746645843,0.2778771821712009
0,g115,0.29548865969812504,0.2535763433607775
0,g119,0.14637148038508838,0.133001960213396
0,g120,0.12550721986361174,0.11326683634164768
0,g121,0.10020683069309654,0.11182897972017541
0,g124,0.15455448489244827,0.15407896900458054
0,g126,0.18193997277094148,0.13507388628964373
0,g128,0.08754904508881375,0.10441791462594643
0,g129,0.09338653091127126,0.1035668182684506
0,g130,0.807235555514931,0.4352851980456899
1,g131,0.6232911847656222,0.875342422581226
0,g132,0.3043204263318145,0.17070177060412256
1,g133,0.41494818282021945,0.8262537904478942
0,g135,0.16445876142331003,0.14199444865298966
0,g137,0.0960236521660078,0.09664574362437282
1,g138,0.8140866261023858,0.8961418622405817
0,g139,0.27307146023317386,0.187581077449953
0,g141,0.04137723843102561,0.04299858370021887
0,g142,0.12349937371591102,0.12549122422218797
1,g145,0.5804911244345892,0.8320437157940178
0,g146,0.14273009609893342,0.13853482833682473
0,g147,0.1033595009322147,0.10307002967725959
0,g149,0.10922674509639378,0.10530945860083792
0,g150,0.1384459021895899,0.10189216708087244
0,g152,0.09266917349929575,0.09877839286446807
0,g153,0.2650342979742494,0.1898577505157441
0,g154,0.0919669996093038,0.08715657884519334
0,g155,0.069621918946059,0.068439679330789
0,g157,0.06036607248717136,0.07636039564702633
0,g159,0.1388365867897203,0.12685489422828755
1,g160,0.2551791664386349,0.8133732007127579
0,g161,0.2545713316753618,0.167971664683241
0,g162,0.07768957077460432,0.0888524815784647
0,g164,0.15987364360849401,0.13258401574242432
0,g165,0.48115271922562547,0.21403711933506564
0,g166,0.5265248957359709,0.2806644695239627
0,g167,0.1030076601059593,0.08011050469653097
0,g168,0.17721123772537736,0.17461291058954265
0,g171,0.023366911902684466,0.02842232122418918
0,g172,0.2150718770705884,0.14627860932283598
0,g173,0.09129290821068345,0.10509688788108479
0,g174,0.14898768736012466,0.138084224818305
0,g175,0.06979729182107532,0.07860175969951912
0,g176,0.3159665513195123,0.22060721185621882
0,g177,0.0833196187045445,0.06829649056577078
0,g178,0.06937528817859466,0.07715699649274776
0,g179,0.32044712146924703,0.21378280243513792
0,g180,0.18165761735685385,0.18369675011852968
0,g181,0.11127672613114432,0.09405774463150894
0,g182,0.10661306502965613,0.12572217992712725
0,g184,0.18494732795704244,0.13098578794986893
0,g185,0.04560716092233235,0.04445935494752702
0,g186,0.05932491733498895,0.04790878095222154
0,g187,0.11018947518672097,0.10467168069351798
1,g188,0.4337718374157278,0.8302614421745584
1,g189,0.2302078312601551,0.7943261937274394
0,g190,0.17717677683343525,0.13264623505528084
0,g191,0.0634887029778864,0.07069389470120618
0,g192,0.08727565316241656,0.08847863859082153
1,g193,0.3351338600994806,0.7946565857751963
0,g194,0.0417463039240447,0.05939193551128889
0,g196,0.09893240917712641,0.12254804509925842
0,g197,0.25830009864723436,0.16843379862372998
0,g198,0.057328121168277436,0.07191027610452047
0,g200,0.07900410059232196,0.08969239554075792
0,g201,0.5466102112488711,0.24146417232437145
0,g203,0.13987432624534757,0.12171363987904378
0,g204,0.35563837213674865,0.254910624760286
0,g205,0.06420739710619995,0.07649993274505003
0,g206,0.2825502598571135,0.16420106685388114
0,g207,0.10832252124186591,0.08815190524429536
0,g208,0.20757787398798572,0.1598150280574379
0,g209,0.22894336179537164,0.2235900260817136
0,g212,0.16426783333943062,0.14664004555587942
0,g213,0.4641877263548309,0.3098448877993431
0,g216,0.23485470495852862,0.19743720249805272
0,g217,0.16271826809965054,0.12192673963034976
0,g219,0.17220306851877457,0.1671548255007007
1,g221,0.3833760596370948,0.7801205508350202
0,g222,0.1547052232011249,0.14979000693355052
0,g223,0.138721055115934,0.12379721301330494
0,g225,0.3909810162059106,0.22200977201344055
0,g226,0.10385518202793953,0.0665522399595032
1,g228,0.6386783653856176,0.8552587461949548
0,g229,0.09982676265919109,0.09955523929928338
0,g230,0.4596938872317909,0.24307033220305976
0,g231,0.20716836922965545,0.16628676854925872
0,g233,0.05538094757234606,0.056753608455902174
0,g234,0.16454406935260468,0.14877787958845318
0,g235,0.09906975816212572,0.09773886552318624
1,g236,0.4894383380755173,0.8342651502623758
0,g237,0.21768108033346462,0.1480329303557343
0,g238,0.09434529834955854,0.08507439607587336
0,g240,0.17848765258928612,0.11981721363078217
0,g241,0.04632655602543833,0.058535096725643936
0,g243,0.09392184841411802,0.11206847990506699
0,g244,0.2584158604266894,0.18244020890193746
0,g245,0.1854865827556978,0.15071562118314843
0,g246,0.1264212834754727,0.10005459179418578
0,g248,0.2533621652724298,0.20913093730176716
0,g249,0.2832161223292587,0.18753278191497122
0,g250,0.041418294385472794,0.05232925267303577
0,g251,0.15178105776315232,0.13451631440580286
0,g253,0.1391480081250938,0.093120813530499
0,g254,0.09859484951403874,0.09786888581750974
1,g255,0.6197057349429832,0.86341693254257
1,g256,0.22233556807787813,0.7387849127691926
0,g257,0.1400688818367067,0.12494336137739451
0,g259,0.12505336721468438,0.13474325776602233
0,g263,0.0884928238559241,0.06400772588228659
0,g264,0.10116821131134511,0.11739790520007826
0,g266,0.06604954022571652,0.0844195354614053
0,g268,0.45393520168061136,0.24146763285435693
0,g269,0.05154610942882706,0.057933508976476214
0,g271,0.21518608100047387,0.21949786465496984
0,g272,0.05845274032564797,0.061094750218336095
0,g274,0.37360069091320647,0.2076733610978662
0,g275,0.6245324712915241,0.3150394448375573
1,g276,0.7592818842180863,0.8979515929709733
0,g280,0.34639842295708345,0.17456522845439554
0,g281,0.14173632510618112,0.14632705058596912
0,g282,0.20567483243569118,0.13310455065348872
0,g286,0.18334765582068097,0.15708728037127143
1,g287,0.4943772275081698,0.8706706148578738
0,g288,0.586355071969731,0.3217010747059718
0,g292,0.21831258745062188,0.2444726065057586
1,g293,0.15813588547439894,0.7489253714080623
0,g294,0.3185952276236156,0.16614561460489463
0,g295,0.53171813157524,0.28099913618609
0,g296,0.2476082911781896,0.132686901529104
0,g297,0.16994557035906654,0.1314511921514906
0,g298,0.10474882181421756,0.08947588578215578
0,g300,0.2535263563987998,0.16282419697293957
1,g301,0.7205435844176985,0.8735948699723801
0,g302,0.740088966951075,0.37809826379032335
1,g303,0.13006871702059916,0.7725515885283137
1,g304,0.6282838602954056,0.762324552629721
0,g305,0.10497116204913966,0.10070003104802545
0,g306,0.4435333386931279,0.27849943577457764
0,g307,0.26442958001364836,0.1682639402328528
1,g308,0.2801292067374042,0.7960184841721897
0,g309,0.4345063796969171,0.22551012603881387
1,g310,0.6220856702775482,0.8064320865396303
0,g312,0.2802392520479122,0.21013656290704197
0,g313,0.6460061981382378,0.42083120495560894
1,g314,0.27271548343011603,0.7160285265895255
0,g315,0.15173802715345092,0.12510197279220775
0,g316,0.24715993335600497,0.13932013487044065
0,g317,0.18083084954081996,0.1368867664362596
0,g319,0.13121980805706168,0.10933879280629646
0,g320,0.29648212035491056,0.1904095217934536
1,g321,0.8585969603548947,0.8949651930897509
0,g323,0.31677655187670295,0.22947945581392937
0,g324,0.6502295835004565,0.38194903552835363
0,g325,0.104855089093425,0.09109977692272017
0,g326,0.0612082110890071,0.06515632937107341
0,g328,0.5310692949566174,0.26820291936360013
0,g329,0.4250734593522017,0.2324362718101119
0,g330,0.06274113080160972,0.07767221297492352
0,g332,0.24321803686053947,0.17434879175382334
0,g334,0.08048886027551706,0.085124251544578
1,g335,0.5363481461679203,0.7681723107100082
0,g336,0.1431316773410621,0.14167424030373466
0,g337,0.31809998425403807,0.21048514171481836
0,g338,0.16121056534581293,0.1262010816768425
0,g339,0.22311204449876124,0.14648870275008918
0,g341,0.10626950934391025,0.11576500387940157
1,g343,0.6519345941157598,0.8749408661144743
0,g344,0.18296146882431064,0.1299246495520168
0,g346,0.18745894499255522,0.13609956705359555
0,g347,0.2604081797686914,0.18725841368179266
0,g349,0.0982440114827901,0.09699717006288947
0,g352,0.2645110366462825,0.1883280934063321
0,g353,0.44368179584798323,0.2870576216774104
0,g354,0.04774143968980982,0.059382886048120406
0,g355,0.31833647368794393,0.18308857374220477
0,g358,0.32843228928984564,0.21927088588274796
1,g360,0.4292941510713528,0.7580294541617721
1,g361,0.242871705471047,0.8166320727636123
0,g362,0.26638396612175985,0.1742669484557577
0,g363,0.6128883058236451,0.439562391419347
0,g364,0.3065112162256658,0.2149054459270291
0,g365,0.13699350617566874,0.13911184930440043
0,g366,0.15715422387706424,0.15576021542097637
1,g367,0.17910825462954708,0.7515159578899011
1,g368,0.5037411581568413,0.8363989712590885
0,g369,0.4052930695894121,0.329233240368569
0,g371,0.16543938304163375,0.13824879831560666
1,g372,0.21955701254215815,0.7719107938016931
0,g373,0.14589162063460595,0.1132428413333895
1,g374,0.6736492611280762,0.8692808493213772
0,g375,0.2339711809007181,0.18560634456068326
1,g376,0.550044244743645,0.8288699912849044
0,g378,0.4808612705865749,0.30006661439801513
1,g379,0.269326370184204,0.8304419629431847
0,g380,0.44721402294944823,0.2281097865512192
0,g381,0.7999958446044911,0.3836040534125329
0,g382,0.40550152385420984,0.1978225722708925
0,g383,0.29341040497382376,0.16851510014701007
0,g384,0.17762637379941476,0.16991515685641848
0,g386,0.051893607288911764,0.05913025471119548
1,g389,0.6286287466913678,0.8353941081314907
0,g390,0.2137798911838561,0.21090449299552755
0,g391,0.17722738782070718,0.14059529959899772
1,g392,0.46318147195953857,0.8353614911337449
0,g393,0.17709164101636923,0.14691950581232785
1,g394,0.7536140361549288,0.8910383492033499
0,g396,0.4301410217042792,0.24628761164818394
0,g397,0.0945671227210392,0.10226599576239173
1,g399,0.13020025815412736,0.6698129645228348
1,g400,0.6431057742403604,0.8364516643710943
1,g401,0.6274638598783787,0.8694977559241969
0,g404,0.07313680430155996,0.07612994131067718
0,g405,0.17331882053520933,0.13261186458637045
0,g406,0.26053525308490716,0.1609453321559905
0,g407,0.1357393683256017,0.14426923025246277
1,g408,0.7243262223585702,0.8608536933040385
0,g409,0.13388709488501926,0.11505597453506156
0,g410,0.4189980245513248,0.2145732903425332
0,g411,0.7574007091665734,0.34745792411229
0,g413,0.4246088204342442,0.24152663734847105
1,g415,0.19264290408741994,0.6013343903654362
1,g416,0.526723940173582,0.7086748491937157
0,g417,0.11582657384668228,0.10150469551442415
0,g418,0.24435176555762528,0.2133764000981277
0,g419,0.2221198572873831,0.19674600431679884
0,g420,0.2458416252636432,0.1874064217790897
0,g423,0.21168232238062282,0.15614226841227266
0,g424,0.10398909993195764,0.09911683131128668
0,g425,0.15291340808885628,0.15248734220989832
0,g426,0.06019524783884831,0.056250905610184546
1,g427,0.47006511620989366,0.8437796515432975
0,g428,0.4180323941413783,0.24786925186908498
0,g429,0.314730912182084,0.21687168701623288
0,g430,0.10660107486936304,0.12951609351478774
0,g431,0.5752151016883877,0.35336367209977676
0,g432,0.1160663044384114,0.1336877642113372
0,g433,0.12591369223494248,0.15079805646038663
0,g435,0.26960482154142307,0.21337028062001767
0,g437,0.09123560877302135,0.0792674532950459
0,g438,0.25381677928801827,0.15453347630365982
0,g439,0.30738285472364324,0.19225080175174564
1,g441,0.5117446259591248,0.8388782037156752
0,g443,0.12250906755816536,0.12463259597559284
0,g444,0.2104235939403442,0.22973880437606284
1,g445,0.3329749540904037,0.8148018220152371
1,g446,0.5893297064931285,0.8776639922922124
0,g447,0.08714601486520177,0.0984650667625229
0,g448,0.12327270424920779,0.12809462398614727
0,g449,0.15713120594772031,0.1288898564902006
1,g450,0.5853086314217313,0.8470430563050861
0,g451,0.037270554413346264,0.050969671535613735
0,g452,0.15918302485994856,0.121663885265727
0,g455,0.2915800950307501,0.22217466977173309
0,g456,0.4081118153454985,0.243630353860851
0,g457,0.19269354311968387,0.13596670626196866
1,g458,0.6122777947496155,0.8599657007195848
1,g460,0.6666463593486737,0.8885674398518995
1,g461,0.2959323107361381,0.8107883259854798
0,g462,0.2648486848485542,0.1868591979341224
0,g464,0.29707380352976764,0.20627253515529914
0,g465,0.6010063011045746,0.31473936507047917
0,g466,0.34988801705325473,0.2283172214909975
1,g468,0.7498062559949078,0.8798728109911302
0,g470,0.1417909214800304,0.11777060462553993
0,g471,0.13822298426613125,0.13034295812365376
0,g472,0.24257805243370667,0.17794639389214567
0,g473,0.1434519333066121,0.11770592924597229
1,g475,0.37395153473868536,0.8085578558500676
0,g476,0.09571302704416279,0.08791342062534677
0,g478,0.2352963091240111,0.15277700990130028
0,g479,0.519906357255908,0.29140345964452063
0,g480,0.3701741201471976,0.2472476825199902
0,g481,0.4245251105122298,0.25273974059884385
0,g482,0.23915250203527283,0.1718823846074785
0,g483,0.26565079183784085,0.16739863355904205
0,g484,0.3248320001436917,0.19014639600868194
0,g487,0.16630635702885185,0.16639988024858404
0,g488,0.40758634349571715,0.18515980284205663
0,g490,0.20213859924559707,0.13807462107465177
0,g491,0.39739068187598364,0.22390371929750683
0,g493,0.13512722505180588,0.14461706220829876
0,g494,0.48503892992954184,0.275109389081395
0,g495,0.42713492119267493,0.23475467664685923
1,g496,0.5457177589021597,0.8604270683298144
1,g498,0.3556615953445182,0.8298605073779668
0,g500,0.2673317808177021,0.21535985626793144
0,g501,0.23741990814607175,0.18754505657125492
0,g502,0.0964404567394026,0.0965116981647189
0,g503,0.12576931690971707,0.11783185890942188
0,g505,0.12170909944176085,0.10338386662193043
1,g506,0.28515799266075376,0.7106457463240266
0,g507,0.1421297883544379,0.14691606510074354
0,g508,0.10783375526910591,0.09770878154947846
1,g509,0.56380416181816,0.8746007214833558
0,g510,0.3065638822290583,0.19316251764798503
1,g511,0.7028825494582205,0.8888966728991758
0,g512,0.36864930300915594,0.20296928591170604
0,g513,0.20181462406301612,0.1476895790187468
1,g514,0.6427947736119841,0.8104371082750018
0,g515,0.5685895881744198,0.27955460862337667
1,g516,0.23308341249691536,0.8068180127855888
0,g517,0.29565035002181267,0.2004268375628851
1,g518,0.47911346499092683,0.8412452009255847
0,g520,0.24920910083890047,0.17113515593178394
0,g521,0.386618877809882,0.2217276523988077
0,g522,0.5659111865078139,0.29236995007205796
0,g524,0.25336051985986563,0.1715941193633022
1,g526,0.5756404480583098,0.8451530269642197
0,g528,0.49582112105266263,0.2566868864296952
0,g529,0.2222005922657982,0.20371198123237286
1,g530,0.5345397750052658,0.849945860138107
1,g531,0.660784564896902,0.8612517146763851
0,g532,0.278857932617814,0.2060248817630514
0,g534,0.6912740154679262,0.35723376449324923
0,g535,0.36351497003739724,0.24804906695190568
0,g538,0.09575006229773313,0.09736295624070711
1,g540,0.23180019848214958,0.752783516483839
1,g541,0.5282593190338217,0.7252223281777589
1,g544,0.5615453271554729,0.8240875168372179
0,g545,0.14927988162504172,0.1320373644596582
0,g547,0.42804521644072985,0.28666231186510355
0,g548,0.2040443309918774,0.14173552452063748
1,g550,0.06292476760786765,0.6488964031389823
0,g551,0.11276755381107352,0.10931805681718504
0,g552,0.2732324413562058,0.22943743580621692
0,g554,0.2868524852479807,0.1946190783217696
1,g556,0.5870814774881264,0.8410675426147128
1,g557,0.258573902127412,0.7991519259762608
0,g558,0.41853207672772375,0.25576506350896694
0,g559,0.21771490676930233,0.15341152168775482
1,g561,0.68863671831436,0.8580844624475633
1,g562,0.42921145162673646,0.7945547272819599
0,g563,0.10089993946162969,0.10839291019447571
0,g564,0.21653047422137522,0.17236221551164677
0,g565,0.2812439040977495,0.1925799088999807
1,g567,0.28658355939099756,0.754760200625378
0,g568,0.2416151316890183,0.16827393768835228
1,g569,0.6736154858930441,0.8679874051331504
0,g570,0.8568227270651589,0.4246522099915461
0,g571,0.18963960109503664,0.13583622288916247
0,g572,0.29234814214649213,0.16230857510522997
0,g574,0.5251181950640411,0.3416401542068597
0,g575,0.08156777046386313,0.08414707709979935
0,g576,0.7568910902614466,0.405238046822538
1,g577,0.35462226044423206,0.7941511551477971
1,g579,0.2890754636995179,0.7765610795671565
0,g580,0.14512851971756285,0.13195507809846105
1,g583,0.2239629975977982,0.7963654034000863
1,g584,0.6505590092738053,0.8152122663850817
0,g585,0.21156043103241018,0.17447730389695745
1,g586,0.7811662702329901,0.8795114743359294
0,g588,0.28819020648819166,0.18541079482794648
0,g589,0.34937541918824117,0.2414824399800435
0,g590,0.28902889628052786,0.18044389588322587
0,g591,0.16157023240645402,0.13549610615653007
1,g592,0.6451936320884955,0.8863460309317497
0,g593,0.3233663609396065,0.18549805926814
1,g595,0.2222530348141985,0.7752322922177053
1,g597,0.6241066900348926,0.8770996555035235
0,g598,0.03119411649330861,0.043107151409500874
0,g599,0.46186574887326337,0.21869633360622034
1,g600,0.7803067844414328,0.8810168443859396
0,g601,0.15992619322377197,0.13623036784838252
1,g602,0.1726572505111339,0.7517630045729478
0,g603,0.16666293426099701,0.1318135439595363
1,g604,0.3984189762676463,0.8082858274878875
0,g605,0.6933868411060908,0.3467773503541818
0,g606,0.20865889937886548,0.14472917336141314
0,g607,0.1425572825969729,0.1395286853152958
0,g613,0.13628376506244383,0.12030835129002294
0,g614,0.06840375573120178,0.0877995716281782
0,g615,0.12598270954688018,0.1169743352489397
0,g616,0.06499107767070898,0.054035611725582425
1,g617,0.287975323413412,0.7953292594365489
0,g618,0.4614001809136608,0.29240495285268225
0,g619,0.6077798839804561,0.3199416452100625
0,g620,0.15624939101135374,0.15970660451634772
0,g623,0.16827814677810343,0.12068682234482465
0,g624,0.49070217995563686,0.33130003366819477
0,g625,0.30434356291228604,0.29003582905841624
1,g627,0.49140402649011183,0.8271468800668703
0,g628,0.4075857256304792,0.2518586379647923
0,g629,0.2757181424768342,0.1567363553734818
0,g630,0.44221443505578123,0.24230381839051374
0,g631,0.4801998341839641,0.24227367150369516
1,g632,0.15372960244613176,0.6866581375653426
0,g633,0.22696678613998594,0.1655832124011325
0,g637,0.20025528116831254,0.15804058728103088
0,g638,0.08975826705459777,0.08895274061193816
0,g640,0.575740376877674,0.33658199234149444
0,g641,0.23538467350968698,0.13162560413118551
0,g642,0.3835370379649764,0.22925202785274137
0,g643,0.04345149792598397,0.04416578630754123
0,g645,0.5887268082980237,0.32384905014477416
0,g647,0.5459716989767694,0.31269999881005367
0,g648,0.17022166105216993,0.1184234187216506
1,g649,0.7229973972569584,0.8907907692546141
1,g650,0.786732785385132,0.8848061660960714
0,g652,0.19807618370861418,0.1614289217991362
0,g653,0.7248879771704712,0.39781231268198514
0,g655,0.12306895549836451,0.10942141078227707
0,g657,0.09382680118392658,0.07906640538914178
0,g658,0.15247658657295593,0.13961407493501005
0,g659,0.7864143730438073,0.3838725331097669
0,g662,0.25571251011816076,0.2256319092657078
1,g663,0.565663589666613,0.7950326306023068
0,g664,0.4772934108175372,0.2804162968108157
1,g666,0.49050134365778103,0.826284072498119
0,g667,0.06594749509891498,0.08897651941235969
1,g669,0.8158581509003628,0.9097668753461328
0,g670,0.10777776605001294,0.10006981456553482
0,g671,0.43413361965104647,0.23492212901388496
0,g675,0.11141433601244832,0.10963679442050579
1,g676,0.22918313073710433,0.604291034754447
0,g677,0.5964229234446504,0.29054035604707
0,g678,0.17159176826610265,0.15341200213507264
0,g679,0.15153691221489418,0.1395833055552234
0,g680,0.4954417100460291,0.232042364614619
0,g681,0.8015108613462885,0.39094121582860036
1,g682,0.3871768999484777,0.8239723656572906
0,g683,0.46757875958230716,0.27124422527286274
1,g685,0.7143502298543314,0.8849429794083836
0,g687,0.32025507029621325,0.20350856056610372
1,g688,0.4014763407329227,0.8399639756947884
0,g690,0.5526116335244761,0.2603156205604568
0,g692,0.12455808964787428,0.10639252501611457
0,g694,0.4611511207891975,0.2315837302672513
0,g695,0.3014127116081331,0.2683901552837102
0,g696,0.15492220491413045,0.12309438751123569
0,g699,0.21408023237878798,0.13966537970314574
0,g700,0.17622798083556085,0.18542250634825053
1,g702,0.3538182716520689,0.8101960045539438
0,g703,0.1508960550522567,0.14884932681723406
0,g704,0.04174724567798971,0.05096003974875407
1,g706,0.6372833041515935,0.8788941905142577
0,g708,0.0974588252597383,0.09106508987494516
0,g710,0.3881255665869705,0.24174186794281946
1,g711,0.6493880358485667,0.8625568655379129
0,g712,0.09239720394266356,0.0942621057973677
0,g713,0.0746025547030667,0.10355679296922117
0,g715,0.46333210834313254,0.270293876425502
0,g716,0.11013966900099365,0.10741288677454926
0,g717,0.16916982367711633,0.13975013677599918
0,g718,0.08210774329401208,0.10622376370886355
1,g719,0.7494574691335592,0.8744633194531548
1,g720,0.44849357826675373,0.7150246854628965
0,g721,0.25655919846275277,0.20479858466664208
0,g723,0.13709502627255768,0.10962425395317715
0,g725,0.036407879111510125,0.042606093543631124
1,g726,0.5693057468854434,0.843096645393737
0,g727,0.0715817118535322,0.05843148462235773
0,g729,0.1616466885479241,0.13581788207892834
0,g731,0.10732099301361939,0.10203800762956734
1,g732,0.8143877332152573,0.8991177627115566
1,g733,0.08877664584490046,0.7612468487089807
0,g734,0.20852820507607653,0.17280967777151934
1,g735,0.3808500676613833,0.8287059000338995
0,g736,0.22920487354360494,0.17889009523043373
1,g737,0.4315994515390618,0.8145585053173664
0,g738,0.11606957857705064,0.1369045681446374
1,g739,0.5511447723530468,0.8340293651373586
0,g740,0.2754848849494848,0.18056584696078884
0,g741,0.0977340020756565,0.08772745808823706
0,g742,0.1532551744758822,0.15170301315391857
1,g743,0.5062923770457852,0.8694475817996026
1,g745,0.7275381457978269,0.896125960653398
0,g747,0.049636812378130744,0.0555714437064845
1,g748,0.7470015438358093,0.8789713976083021
0,g749,0.06506771843598563,0.08083480321481383
0,g752,0.1337340632312902,0.18215183891585437
0,g753,0.1442193518661053,0.10242627459350336
0,g754,0.43499034326599595,0.27120204219284705
0,g755,0.49069175189700887,0.250127147688306
0,g760,0.05828318790371191,0.06432500596199067
1,g761,0.7817821840564834,0.8993755998414816
0,g762,0.5222951857004273,0.34750073558586003
1,g763,0.6925679112831682,0.8571973178704162
0,g764,0.7831085837116263,0.4119357927502789
1,g765,0.6365489581197776,0.8443613904782867
0,g766,0.17347520584175113,0.1503848966268048
0,g767,0.06425156731659123,0.08194942336523696
0,g769,0.6207267251084828,0.348134609360365
0,g770,0.11859658701944266,0.12330886020660735
0,g771,0.2517619687569721,0.19894196004234552
1,g772,0.6715123014838933,0.8647262122095972
0,g773,0.446017444782516,0.28591960768449587
0,g774,0.6040827122527539,0.41499264070241415
0,g775,0.17768625031857185,0.15168427316578337
1,g776,0.6665302787688013,0.8642450672826014
0,g778,0.21952959693779428,0.16994319757405646
0,g779,0.08696933422048526,0.08835956675332729
0,g780,0.22377484419972096,0.19794881101765033
0,g781,0.2427289836926863,0.15803749681465698
1,g782,0.2161780465177345,0.7736323001706729
1,g783,0.3638669796894304,0.5133136103647484
1,g784,0.6364212582038364,0.8824171717555733
0,g786,0.24907553178661943,0.16677541042588598
0,g787,0.6624227463952123,0.3715949633239444
0,g788,0.32991794499936844,0.24153873987892494
0,g789,0.07520408518715545,0.1008564960076057
1,g791,0.49598506337922854,0.8690669400266767
0,g792,0.11575381873158978,0.09947671625023147
0,g793,0.3559325516815038,0.19503211362064973
1,g794,0.8893538947736757,0.9198974201126326
0,g795,0.1634353725656034,0.13467385087900632
0,g797,0.4363265027125968,0.24655339853189037
0,g798,0.13009123805536774,0.11699080866476944
0,g799,0.7477906460317049,0.3887907897558411
0,g803,0.49362985440115714,0.2592754644680107
0,g805,0.25588145454418165,0.18906220925467965
0,g807,0.15980316572974676,0.14216652417236278
1,g808,0.7680206488052028,0.8890725688194352
0,g809,0.07916710771096455,0.08897172284371803
0,g811,0.18017103437259963,0.12645185344615817
0,g813,0.16666170218565346,0.12816886315166845
0,g815,0.16767230783372736,0.15051902940389608
0,g816,0.09370692866443031,0.10685154563970775
0,g817,0.11003219764670703,0.10925809443851822
0,g818,0.30316119356084426,0.19719139437952296
1,g821,0.869212501627855,0.9347711379249041
0,g822,0.4526584405804343,0.2540001926879582
0,g823,0.30744407124954115,0.19679513177544364
0,g825,0.3750564208650854,0.23355874060486456
0,g826,0.07148731794778569,0.06842833204788899
0,g827,0.12620715524408874,0.14678260397967552
0,g828,0.23446162308038385,0.21189889086532732
1,g829,0.6098173402308723,0.8360189295099719
0,g830,0.22860524191168038,0.16638220098473464
1,g831,0.3905448143616037,0.8297450669318961
0,g832,0.2108985137962385,0.2357207263611028
0,g833,0.15390133856371171,0.12009053279374106
1,g834,0.677340864389394,0.8798234100578556
1,g836,0.2565492063196035,0.7639553674010762
0,g838,0.17434154518125355,0.13983643270425722
0,g839,0.26135461315893893,0.15711287630451667
0,g840,0.09640712396196306,0.1011641870648779
0,g842,0.48780302454976365,0.2316633489167928
0,g843,0.6807167278754086,0.3126489924294425
0,g844,0.5124722504536917,0.31465836099011396
0,g845,0.15659763421870113,0.1307671057974688
0,g847,0.11946353597733546,0.10672422120754257
0,g848,0.06784421686095718,0.07816351428861197
0,g850,0.1274960143349965,0.11384941634064616
1,g852,0.733890045352858,0.8837184219026778
0,g853,0.3016190280525197,0.18692929865842084
1,g854,0.5433383027212135,0.8501762438815473
0,g855,0.42699977666400313,0.33695806548371343
0,g856,0.06134773084157922,0.07801695111604477
0,g857,0.14637527849335244,0.12305661680223239
0,g858,0.5804685211138468,0.2718559191345105
0,g860,0.17060195992639704,0.11811128866684728
0,g861,0.3386100412514921,0.21419706699334498
0,g862,0.17159022883459576,0.16102050690951555
0,g864,0.11884129977452496,0.1131603580014954
0,g865,0.3119743115322565,0.21329585629941297
1,g866,0.5526803402851919,0.8623601765597179
0,g867,0.13589231542750227,0.138430431832133
0,g869,0.07785072140628105,0.11433445279036011
0,g870,0.16263035658864217,0.1315100009620508
1,g871,0.4565081998259492,0.7891429227413693
0,g872,0.3589691060155942,0.23599946231398186
0,g873,0.2714853253666125,0.19768568749627327
1,g874,0.7735365453961669,0.8938142899498346
0,g875,0.12780317065617502,0.09923292583444712
1,g877,0.6605337906539487,0.8851832545827427
0,g880,0.2031728431826343,0.14641517648575236
1,g883,0.5670455212070294,0.8495177491905568
1,g885,0.4815907090955626,0.8405018529032418
0,g886,0.07478823275763596,0.08654067784376157
1,g887,0.6741313218475395,0.8818004243337115
0,g888,0.05596997524041604,0.06348951609920851
0,g889,0.06577878638565564,0.054816404910422514
1,g890,0.8602091251635652,0.9098300895122025
0,g891,0.16662011746763206,0.12272994239080844
1,g892,0.37242657897082593,0.792887617398923
0,g893,0.33149086951627643,0.2199410008967847
0,g894,0.029935520451328614,0.032901655383390016
1,g895,0.4956492152455667,0.7919995107506302
0,g896,0.17877740629681813,0.14245158469702648
0,g897,0.11031254222471897,0.10688142981358639
1,g898,0.7031389129094713,0.8775903642092833
1,g900,0.7224707398337679,0.8323490108571701
1,g901,0.7515991332193336,0.8877495693422948
1,g902,0.5088549558974559,0.8591389725203684
0,g904,0.6763105244228272,0.28421460698141837
0,g905,0.27710474952668634,0.20730266979927525
1,g906,0.7870029122448761,0.8504557974576961
0,g907,0.1092217278780582,0.09311615923487811
1,g908,0.37770919416683746,0.8328837138893485
0,g910,0.11836207778595341,0.11197821429535115
1,g911,0.5112954870487504,0.8567311120137029
0,g912,0.4293197392003354,0.24606361994702133
0,g913,0.1598803790496116,0.140473949583934
1,g914,0.5712618180409905,0.8719803568529373
0,g916,0.5979713349410348,0.3259567200728827
0,g918,0.2736994703317309,0.17179074670021657
0,g919,0.043980061957288916,0.03942134506078276
0,g920,0.11458020750278115,0.10052882622040699
0,g922,0.3854640246568706,0.23615373265180653
0,g923,0.7566692532865138,0.35244628720349164
0,g924,0.3542836988134159,0.21742089313558322
0,g925,0.39488511445972335,0.24566505604143854
0,g927,0.4179057161395775,0.2718160153146028
0,g928,0.12218213088617874,0.10669166469875864
0,g929,0.44951716547631104,0.28705744502541536
0,g930,0.4705377805450631,0.2338113639079222
1,g931,0.4486199717921909,0.85570526277752
0,g932,0.2870486084756995,0.18004902472296916
0,g933,0.12385869551436776,0.09765642907692743
0,g934,0.24224689989206433,0.21197090779783065
0,g936,0.21906137359250874,0.1655462839104773
0,g939,0.3570125759136028,0.22197254921623844
0,g940,0.5700874526819288,0.4597808753531912
1,g942,0.3400407224437013,0.8064770344560085
0,g943,0.12608415777511872,0.12538201816846045
0,g944,0.09008837231081876,0.09008111197438215
1,g945,0.30843778173600434,0.8045671600076422
0,g947,0.07424880146532938,0.08801579165107247
0,g948,0.1005994532677161,0.10683777545857252
0,g949,0.06669443095427334,0.06285851376253436
0,g953,0.08335880722257047,0.10572250748296498
0,g955,0.12844008236428925,0.0995849223588563
1,g956,0.6279060966075096,0.8769266406212463
0,g957,0.15387554873774528,0.13280130721878697
0,g958,0.33536896102744956,0.2870668721089538
1,g959,0.17997283996506405,0.5674609980822454
0,g960,0.09673802946438113,0.0970466290271973
0,g961,0.06310012225909506,0.07316112087539589
0,g962,0.10343119479537052,0.10262003154333153
0,g966,0.08407920389536375,0.09098620876457887
0,g967,0.47492741593675336,0.23811857679567178
0,g968,0.3724444458116847,0.22276336579965084
0,g969,0.16005255113614475,0.1289302828080196
0,g970,0.1264699853198191,0.10983738710025394
1,g972,0.5277493663871806,0.8542181295722894
0,g973,0.1572450039867234,0.11279845044088686
0,g974,0.27604044350196477,0.2114270104017843
0,g975,0.3617863861099101,0.2544448881828439
0,g979,0.46399330340924355,0.2841086606978579
0,g980,0.2577000077942423,0.18651631790438694
0,g982,0.5092189459725573,0.2507786672848194
0,g983,0.31827330919560765,0.18248922435795348
0,g984,0.3606097042008294,0.20182053936636257
0,g985,0.3116846314301287,0.17077543227773972
0,g986,0.15336311270873967,0.14196015065920642
0,g987,0.29474439020165605,0.18291466677232554
1,g988,0.47834864213162726,0.8725720193201175
0,g989,0.1591541699620861,0.10325728147443838
0,g990,0.11666140370716187,0.10877932545495313
0,g991,0.2373772027422073,0.17344558992029585
0,g993,0.16709049150768912,0.12586126926652477
1,g995,0.5513366981837101,0.8440652359543513
0,g996,0.05688566999244173,0.061673761759848206
0,g998,0.12454681572314152,0.09773179049781315
0,g999,0.1694917996367778,0.12739646275143018
0,g1000,0.30858364772246805,0.20989117655704373
0,g1001,0.11575443852012406,0.128778969603685
0,g1002,0.41449770641061406,0.23156919838789242
0,g1003,0.49650109824230076,0.2729402597184359
0,g1005,0.2919109666294474,0.19464341254835785
0,g1006,0.33542699274445154,0.2222432594467872
0,g1008,0.17606244314627806,0.15927080816867203
0,g1010,0.11822082185633544,0.10721835726397085
0,g1011,0.1635986121034766,0.11982745584704768
0,g1012,0.2056221831782567,0.195314641983958
0,g1014,0.16754949605922514,0.14245610370375122
0,g1017,0.13131834627068228,0.12628271626308568
0,g1018,0.13922479737793325,0.10579210149103084
0,g1019,0.34605653348374205,0.20598814207969163
0,g1020,0.36642419971472984,0.21046328492135316
0,g1022,0.079913191162757,0.0858201605744832
1,g1023,0.5121364235891581,0.812840277910786
0,g1024,0.49228378590123495,0.3264844753600045
0,g1025,0.14943533397616252,0.11151860283933872
0,g1026,0.13470340212076487,0.11737675774321574
0,g1027,0.061815814604997514,0.08055614698412929
1,g1028,0.4846263857656398,0.8424818552103337
0,g1029,0.4017488504901597,0.1976652568480415
0,g1030,0.2571558206569197,0.16964156525758656
1,g1031,0.6801124969192461,0.8663036228138914
0,g1032,0.04046524935812256,0.04088063114099484
0,g1033,0.16774035330578366,0.13434411607837327
0,g1034,0.4189269676404783,0.21114960269208127
0,g1035,0.09411920809973148,0.10489015896448582
0,g1037,0.15181841924699094,0.11760153520081762
1,g1038,0.42069739039599846,0.8555087767710873
0,g1039,0.4693874650438872,0.24981714813798223
0,g1040,0.2225285765871995,0.16368553036367747
1,g1042,0.4904894965965626,0.8506674881933463
0,g1043,0.11430440689337087,0.1196514106246126
0,g1045,0.43728374499944017,0.25298635475819775
1,g1046,0.8065389670718205,0.8705667814121905
0,g1047,0.0919640533359035,0.09223849369354621
1,g1048,0.35574147757955943,0.7471034356883351
0,g1049,0.6404592617119221,0.3090202344144923
0,g1051,0.41778690868532337,0.2100527229499948
0,g1053,0.09413808017074339,0.1207671264709578
0,g1054,0.4397239233020795,0.23056720180065526
1,g1056,0.7748088918336599,0.914284034529503
0,g1057,0.15482964509365932,0.13878522947905841
0,g1058,0.46956467761649945,0.24773391574451148
0,g1059,0.18492703761332357,0.14096448794783234
1,g1061,0.3808077704241187,0.8387386514655
1,g1062,0.2943758339040713,0.7335004874197202
0,g1064,0.18955939481235454,0.16062822012637734
0,g1065,0.40264793547274713,0.23141165443216552
1,g1067,0.7080651142330688,0.8866665068239682
1,g1069,0.21789471168549487,0.7318487575772737
0,g1070,0.03213913229712128,0.050036040974071126
0,g1071,0.18367430143363456,0.13330165863446802
1,g1073,0.6356902799630173,0.8684254142654835
1,g1074,0.8243271471965348,0.8995139135141476
0,g1075,0.0867849367351247,0.08398133721197364
0,g1076,0.26780337147064776,0.21093928889544278
1,g1079,0.6354762972090096,0.8542955430035529
0,g1080,0.34026686150305163,0.20426902927044321
0,g1081,0.16380888356650122,0.1427262996656151
0,g1083,0.12338332054634027,0.13736175059053465
0,g1085,0.059379630467315085,0.061220039621639674
0,g1089,0.42098999609273086,0.2527885737468177
0,g1090,0.3061773181971634,0.18123955851977647
1,g1091,0.4705735095397203,0.8323479781589473
0,g1094,0.14142404358890603,0.13105318738936447
1,g1097,0.7256594769622255,0.8902066031813965
0,g1098,0.32017587123236557,0.2337176814545036
0,g1099,0.07913946688820031,0.07906605463522287
0,g1101,0.2779582026057852,0.21188121553420375
1,g1103,0.6764651978830075,0.8691671070211882
0,g1104,0.2116817400901027,0.17875523998653303
0,g1105,0.2997460923707515,0.18296471786124022
1,g1106,0.6920409374797387,0.8674106253159024
1,g1107,0.7947764159246288,0.8964503460700168
0,g1108,0.3141448172300723,0.18791248355725054
0,g1109,0.050766505140731104,0.067549141871543
1,g1110,0.3236320769361106,0.8205498037882674
0,g1112,0.1758926281200461,0.13710333235277758
0,g1113,0.07708332380009926,0.07355637863738179
0,g1114,0.30374024600821475,0.1757089799573586
1,g1115,0.6582442603817013,0.8911348412069026
0,g1116,0.25883421464063544,0.17185858289832842
0,g1117,0.24641553117232812,0.1643192233796402
1,g1120,0.512342950762515,0.8527477566649808
0,g1121,0.3653953682201305,0.20120098075811735
0,g1122,0.25589140444407416,0.1619666178613007
0,g1123,0.14230892809081927,0.13986810620046225
1,g1124,0.4619686453490519,0.7743840349862566
1,g1125,0.7010954877334801,0.8756461603097788
0,g1131,0.2514564353667708,0.17922777816784088
0,g1133,0.13892094599414634,0.12708342777167958
1,g1134,0.4541202305693509,0.7561374354301383
0,g1135,0.17850411113453377,0.1301744759392415
0,g1136,0.2637799154741874,0.1820916862070597
0,g1138,0.1579952943501905,0.15210224078288714
1,g1139,0.5946519505160636,0.8154696792948717
0,g1140,0.23389422153752826,0.19167313753029605
0,g1141,0.18112544864740354,0.13741064990010676
1,g1142,0.77525331852852,0.8968109387210925
0,g1143,0.2745526090458769,0.18363601227296836
0,g1144,0.04676892976703408,0.047452876507340744
0,g1145,0.26121465903578783,0.17284440735878787
1,g1146,0.7329541976323021,0.8810707098889029
0,g1147,0.12145820326829969,0.11714017169000775
0,g1149,0.5339718992632834,0.26407508763032717
0,g1152,0.07683087287513335,0.08669918767407535
0,g1153,0.19984718138829732,0.19522345590459844
0,g1154,0.2852287373280035,0.17920457647534543
0,g1155,0.24933006704109256,0.2229049678824928
0,g1156,0.5123392580371997,0.26048000654790815
0,g1157,0.2498374710350542,0.18900332038817771
0,g1158,0.03623777865012204,0.04528112941464096
0,g1160,0.18330325808016368,0.15290740352159807
0,g1161,0.12038512711085024,0.10616411868522269
0,g1163,0.18915972984776364,0.17544279114523006
0,g1164,0.34798257962066387,0.22582384386519608
1,g1166,0.3181263141999977,0.8155394616759226
0,g1167,0.04750864906396038,0.05829703060352393
0,g1168,0.3097560491267393,0.15835318917962676
1,g1169,0.5923111721068377,0.8763019115353948
1,g1170,0.31331231726359804,0.7863346883544667
0,g1171,0.8028987773683276,0.37198432968352785
0,g1172,0.21486957267232923,0.16488426799978137
0,g1173,0.8277267252228124,0.42106553102937216
0,g1174,0.2324392043248754,0.16134945136941778
0,g1175,0.10660581447282545,0.12350345308328772
0,g1176,0.2964490438204427,0.18664099669734352
0,g1178,0.09659854437823322,0.12731552465486154
1,g1179,0.28102804720676866,0.7599924161870286
0,g1180,0.1960104801215209,0.1387415494793062
0,g1181,0.12340489373158987,0.12512302228943703
0,g1182,0.1104693206359835,0.09909869542680014
0,g1183,0.42482696825427096,0.2577161426337852
0,g1184,0.35349331681392326,0.24068941739107597
0,g1185,0.30203076496542663,0.191580354777158
0,g1186,0.7213961650964935,0.3207878696178535
0,g1187,0.1441718647300113,0.11888444634320468
0,g1189,0.2758823633875592,0.19491293329165787
1,g1190,0.36616461683842816,0.8430702924444116
1,g1191,0.47130652600458056,0.8253239419997376
0,g1192,0.1283508974539598,0.11750935201441332
0,g1193,0.6284999078340625,0.33407618365285574
0,g1195,0.08405443931960303,0.0763643012975993
0,g1197,0.2884283395174636,0.1816848152546073
1,g1199,0.3059872655500674,0.7516740850460776
0,g1200,0.25943387480874475,0.1700656348599715
0,g1201,0.08267118506542119,0.07663707219232706
1,g1203,0.17258954081543007,0.7983794464774733
0,g1204,0.21278927343951023,0.21439345617000513
0,g1206,0.24837168955547057,0.1501836708833887
0,g1207,0.255536542080706,0.1543866381212719
1,g1208,0.3611057803951772,0.7986821573445467
0,g1209,0.41659263956949194,0.21364014405603485
0,g1213,0.35286956941753517,0.22487538034941754
0,g1215,0.10668655697869533,0.08918557950443574
0,g1216,0.25094947561097836,0.18327550253917801
0,g1217,0.14209846506019333,0.12787429909867
0,g1218,0.4101745058872467,0.2406167775200899
0,g1219,0.039192633477081705,0.045741088408900656
0,g1220,0.33452064683387983,0.2165626668504065
0,g1222,0.11581840304037354,0.09834117052613002
0,g1224,0.17176386517136147,0.1319568687404067
0,g1225,0.2964760039432787,0.19379748307059766
1,g1226,0.7013105314168154,0.8879619689612133
0,g1228,0.0684689204442744,0.07646019952768962
0,g1229,0.15062330763164578,0.10972251831258457
0,g1230,0.13015540567227513,0.10362175932150411
0,g1231,0.6611204058163157,0.3028980580848363
0,g1232,0.10480495168241726,0.1003554461184804
0,g1235,0.6295956252216316,0.3380419211155785
0,g1238,0.4102514557335308,0.2520925392757979
0,g1239,0.1397934265004339,0.11486592970269739
0,g1240,0.1759251604195793,0.12348678804076375
0,g1242,0.14313473611319558,0.15028542194951977
1,g1243,0.2403860069457662,0.797791486452539
0,g1244,0.3501196520822957,0.20850381813289712
0,g1245,0.07374914368200942,0.07993319457674886
1,g1247,0.8146005216183212,0.9049716666160699
0,g1248,0.1295330547542441,0.1214670515360648
0,g1249,0.6404959014802062,0.35772050222471735
0,g1250,0.18975529471700098,0.15775570276356007
0,g1251,0.31451209502773153,0.1701655306262176
0,g1252,0.2990564221082918,0.1951134275452418
0,g1253,0.1468757539261595,0.16287575261877152
0,g1255,0.04400941856351819,0.04489712337713938
1,g1256,0.6724715071884083,0.8753705638257648
0,g1257,0.09654459390095774,0.08932515757033398
0,g1258,0.26297717069554266,0.19743648917087073
0,g1259,0.19614536445364622,0.1351306684742655
0,g1261,0.11815636345920867,0.0969881543509745
0,g1262,0.641187028314036,0.3584037104214057
0,g1263,0.3843025069356584,0.21273576902576932
0,g1264,0.17831778093600598,0.1505139598136606
0,g1266,0.7646440180937475,0.4266060252420705
1,g1267,0.15006531835958822,0.740741021935822
0,g1268,0.72813527228492,0.3414678514990867
0,g1270,0.10124214611504886,0.08804499855496907
0,g1272,0.14387414587714276,0.14420703125328999
0,g1273,0.24276493835839524,0.16831718924036979
0,g1274,0.14015414864184658,0.11367802176073265
0,g2,0.8878219247306499,0.4533882785555748
0,g3,0.2326543663421704,0.16503918238750825
0,g4,0.5318791098291271,0.2807587709594782
1,g5,0.3463693665071392,0.7724387952631654
0,g6,0.17469750456547598,0.14595010977149087
1,g7,0.3910373428521488,0.839055416511479
0,g8,0.2329857342011589,0.15644815833330797
0,g10,0.18912965521488453,0.14091716805976698
0,g11,0.14037117467105992,0.14789789864039654
0,g12,0.3987076736689165,0.2527841506481955
0,g13,0.123579683507475,0.09816750684361882
0,g14,0.4898076508110819,0.2803345787975532
1,g15,0.4763825564303961,0.8584900174275694
0,g16,0.1619023280165163,0.1282710727225885
0,g17,0.0641519800595661,0.05353167202512506
0,g19,0.4417225355042218,0.244017250158568
0,g20,0.1715736073654895,0.13131867990209078
0,g21,0.06162503980776635,0.06461497025790199
0,g25,0.33010428389814306,0.20698983835880852
0,g29,0.09441760101879208,0.11598954585974341
0,g30,0.49943433393536474,0.27714002945804544
0,g31,0.1130821313796754,0.09868670765302268
0,g32,0.438562186872912,0.2138567842291262
0,g34,0.3287310458205396,0.24455839171896976
0,g38,0.4615391683050044,0.22348570978906163
0,g39,0.20876207386106832,0.15331289292660866
0,g40,0.21399018056659144,0.1454019556111144
0,g41,0.08692204379121347,0.07803427000463804
0,g43,0.218034538783989,0.1609260810028945
0,g44,0.2750136929662447,0.2159983972263446
0,g45,0.34085392142919096,0.1792997043717659
0,g47,0.6642335485187271,0.32805596306503326
0,g51,0.14795005198169398,0.12659537232628193
0,g52,0.17416717591178826,0.14217687469839255
0,g53,0.3401417896613332,0.23311830346475862
0,g54,0.32964281553784847,0.22263568864146263
1,g55,0.27898620609590813,0.7569302954376842
0,g57,0.06476999167294469,0.07769180183623245
0,g58,0.2405176493717971,0.14707379040945595
1,g60,0.8639986809361259,0.9193233320762341
0,g61,0.7117491008278972,0.38942803948280325
1,g62,0.6528577781030265,0.8516609049813159
1,g63,0.5630013100546303,0.8778932834251533
1,g64,0.21656634983684636,0.8268788588651413
0,g65,0.15981159075699336,0.15738357358763164
0,g67,0.2002676066077761,0.17006324712801746
1,g68,0.5787230505426303,0.8527700608315038
0,g71,0.2398659759332691,0.18632105229991255
0,g73,0.6401707692435016,0.3546293359374237
1,g74,0.4274967703129576,0.7008985092230974
1,g75,0.10826761182772196,0.666821336771631
0,g77,0.25879179627724935,0.2040675486865357
0,g78,0.14355988774712775,0.14633951291202613
0,g79,0.13600922552808753,0.13963898918450043
1,g80,0.8491434113015405,0.920381797701764
0,g82,0.4254409623732969,0.2575658206082714
0,g83,0.32172376133740066,0.218219955684144
0,g84,0.16405277211726552,0.15848318652697999
0,g85,0.38308072706924967,0.22548997440609164
1,g86,0.7650499412509064,0.8608952102768159
0,g87,0.34547487931301585,0.22536718576355
1,g88,0.19797987348666032,0.5654468160014486
0,g89,0.08315394296452921,0.0794558736065008
0,g90,0.14755658989552037,0.13239521040843383
0,g92,0.16527612715173073,0.13671268578721207
0,g94,0.05921008425331013,0.05592579150669843
0,g95,0.12267209312552392,0.09488835663663997
0,g96,0.11713351783837288,0.1369943488802119
0,g97,0.06338424875316963,0.07145134125920798
0,g98,0.06456218558266094,0.07229322179067357
0,g99,0.06604446881525207,0.08628477754056343
0,g100,0.1343080000907555,0.1271112087736886
1,g101,0.13787581852826594,0.5474134581337783
0,g102,0.06443436901484778,0.07521736905135896
0,g104,0.1688530455198225,0.1285563446719547
0,g105,0.12323816871912772,0.10586070933233653
0,g106,0.2531330910764199,0.19651405302585084
0,g108,0.28161926033600904,0.23303247646786307
0,g109,0.14316651144153347,0.1144655181703167
0,g110,0.06725044341043662,0.07639526367474633
0,g111,0.2036053359319081,0.17409059221919967
0,g113,0.04484161390659721,0.0641027058805369
0,g114,0.4476034877197618,0.3299705808239299
0,g116,0.5300937460686492,0.2820791057178735
0,g117,0.4332273618570148,0.3250059471001136
1,g118,0.643494059127204,0.8702978853225065
0,g119,0.15424171798032638,0.1381758534032904
0,g120,0.12642935043188572,0.10589131739693763
0,g121,0.10069245362517525,0.10994352497697527
0,g125,0.17016369582232949,0.1456769805298674
0,g126,0.19588005053832233,0.13386972256303692
0,g128,0.0910066517858366,0.11711703765125105
0,g130,0.8058563308001545,0.43806481074008236
1,g131,0.624299326362373,0.8752086270921547
0,g132,0.2711786593842198,0.1579823773543116
0,g135,0.16858054451315196,0.1392123443106389
0,g136,0.04979081976974172,0.056389056347562465
0,g137,0.10169806278779434,0.09966304150836333
1,g138,0.8260870748315831,0.9016033085708701
0,g139,0.2628696126256708,0.14926301036427397
0,g142,0.1293459765363375,0.11429563259304794
0,g144,0.14225722406724542,0.13228970668106269
1,g145,0.6009990366420338,0.8570476453937682
0,g146,0.1657964303059091,0.15411185387074955
0,g147,0.103487176567554,0.10219736108945605
0,g148,0.1107421207828072,0.1096646239901913
0,g150,0.1418335346747012,0.11410310019753014
0,g152,0.09303096895716163,0.10398257517149014
0,g153,0.2649770976792191,0.18593952941225755
0,g154,0.09746392781701453,0.09355524779762986
0,g155,0.0678767752344158,0.0644858117858412
0,g157,0.06250961691918994,0.09203849523223875
0,g158,0.07311375688141236,0.07723541848241293
0,g159,0.14516571027572242,0.1178300969902743
1,g160,0.24685486569108953,0.8059674756811219
0,g161,0.2523632959023701,0.17642790169039607
0,g162,0.0793891682066957,0.09515939534227856
0,g163,0.12208004836469748,0.1294823024711111
0,g164,0.16746371867273402,0.14426916342509596
0,g165,0.48099410869974113,0.2264174131267043
0,g166,0.5458615841979921,0.2763824868917449
0,g167,0.1210641556032211,0.08867495443583655
0,g168,0.17913575864725548,0.1571970096704497
0,g169,0.08931821323000332,0.09438548417139156
0,g170,0.13772897967580494,0.12204124386968948
0,g171,0.022946984708908064,0.028110672004065907
0,g172,0.21811561786090522,0.1359934585258184
0,g173,0.09500466519544823,0.10783492542095245
0,g174,0.15243259010131013,0.12093637472856793
0,g175,0.0734418216987423,0.0748342048670386
0,g176,0.29099537535340886,0.18454694358126195
0,g177,0.09096971267189527,0.0664017633350338
0,g178,0.0682856293862163,0.07684425170428116
0,g179,0.3053246238505486,0.23604652881067273
0,g180,0.1793391655362727,0.17720580859891402
0,g181,0.11563027347746441,0.09774485752565759
0,g184,0.17473148683084086,0.1295713317170431
0,g185,0.04495458241062706,0.04588930821748773
0,g186,0.05882348515888213,0.05802160316158317
0,g187,0.11871501980693129,0.10894440478963588
1,g188,0.4419653925537302,0.7863076546322049
1,g189,0.23550736336980327,0.7923795715757171
0,g190,0.17251164362356372,0.13474648926216065
0,g192,0.08305461969309547,0.08789565930864053
1,g193,0.3422130782172806,0.794109847631055
0,g194,0.04180830508280905,0.06650873060267418
0,g196,0.09719228115769728,0.10305099014174901
0,g197,0.28476281011775695,0.18794965922790996
0,g198,0.06126589098625151,0.06479322848932029
0,g200,0.08377977327955473,0.09737082520210417
0,g201,0.5432383588513263,0.2375034481340054
0,g203,0.14578889349158416,0.13209813983313032
0,g204,0.3606375614927051,0.2596567001907437
0,g205,0.06745852220119078,0.07661026465115742
0,g206,0.28874796420660415,0.16712287935708484
0,g207,0.10510705847602968,0.0873182314659478
0,g209,0.22577115367468784,0.18455352728021351
0,g210,0.25309013828590465,0.15914044922637594
0,g212,0.17069663464365378,0.1338662599897009
0,g213,0.47026922957850725,0.3121713552505944
0,g214,0.03959231005750116,0.047526225454100235
0,g216,0.19913534704992625,0.1661546221989063
0,g217,0.16495582329906974,0.12134893945134743
0,g219,0.18832280601421236,0.1895826695326447
0,g220,0.09181133054946371,0.08005771533359082
1,g221,0.38597458452701255,0.7524271854454241
0,g222,0.15134598923037298,0.15166948486344747
0,g223,0.12171000578768408,0.11400404314881751
0,g225,0.40824688319273,0.21753879274983023
0,g226,0.11442912267069451,0.08336872853310602
0,g227,0.20244131117762681,0.18007486524746644
1,g228,0.6308852816281734,0.8534906075805887
0,g229,0.10192183505612866,0.10216822681978141
0,g230,0.4637521677026409,0.24452391721525096
0,g233,0.054773999545408805,0.061405805381827626
0,g234,0.170779974541279,0.1512578974611067
0,g235,0.09870722928173797,0.1045861990542581
1,g236,0.49771130500916566,0.8574540629874573
0,g237,0.22852580747980317,0.14921750718739635
0,g239,0.05639246926745186,0.0734365310085921
0,g240,0.17134866178867061,0.1281861760398253
0,g241,0.051734724297317354,0.061530193560657975
1,g242,0.2543696057249243,0.7430674573014002
0,g243,0.09832221452168217,0.10881081089930937
0,g244,0.2571492466584797,0.1758181400231713
0,g245,0.18322125169126116,0.1479510270503934
0,g247,0.05807150837514461,0.0704102973689717
0,g249,0.29563960714495446,0.19121294009675244
0,g250,0.04341097955149939,0.05215363954424294
0,g251,0.14810518544790607,0.13648480943110208
0,g252,0.3703227912705287,0.26584020529355784
0,g253,0.14331706101245503,0.10411401446545826
0,g254,0.09738224474306677,0.10061576237866683
1,g255,0.6310932867805976,0.8433697494735369
1,g256,0.2163026650129418,0.739335069438021
0,g257,0.13911955407391194,0.12067938391983832
0,g262,0.14137179447444956,0.11182013461278671
0,g263,0.09331444587487289,0.0730457598769573
0,g264,0.10069532399817564,0.12897368769742468
0,g265,0.09297115778189902,0.08404970093696469
0,g266,0.06471209888397489,0.07602236769205231
0,g268,0.43086940694446074,0.2033290536399878
0,g270,0.13168655966655357,0.10955546168593362
0,g272,0.055175219368865394,0.056824653116400115
0,g274,0.37258960025647997,0.22689081226215882
0,g275,0.6106343307419105,0.2765944512473981
1,g276,0.7534160981287255,0.8777631486815184
0,g277,0.38894931337619243,0.27828962503538734
0,g280,0.3707070552156134,0.19209932774409805
0,g282,0.2164606266729983,0.13990571688134393
0,g283,0.0657888961169223,0.059315643532149485
0,g284,0.12656658873137605,0.11724626687500211
0,g286,0.16618260383295339,0.15591526947403642
1,g287,0.49115235578024935,0.8525721416810995
0,g288,0.5920803012794402,0.266096453424475
1,g289,0.4160680134784578,0.6290622819992158
0,g290,0.3487221768736589,0.23543293637913834
1,g293,0.16114633582546695,0.7969113738170269
0,g294,0.3312163326426422,0.20240509416533328
0,g295,0.5411012564880117,0.2949810100704473
0,g296,0.23387531040706186,0.14206543258871243
0,g297,0.15976848370455604,0.1267335767032992
0,g298,0.10927875204334657,0.09253108386571889
0,g299,0.0835268891988081,0.09026464675516833
0,g300,0.24283803263893286,0.19469232582503335
0,g302,0.7466923524475839,0.4070253007576149
1,g303,0.11781506661449173,0.7562570118833412
0,g306,0.4538507264991893,0.27057995512415584
0,g307,0.2507051463128627,0.15129210624112935
1,g308,0.2843666849298337,0.8176092524084045
0,g309,0.4466619587839563,0.27279601089474514
1,g310,0.5988347138472476,0.8191321486595347
0,g312,0.27302373963794074,0.2068181848068227
0,g313,0.6249455301996685,0.4110862673215939
1,g314,0.25441089531981603,0.6097832675248814
0,g315,0.1548268332787671,0.1357133527134643
0,g316,0.23217708165837794,0.15723274790867475
0,g317,0.1808624292265926,0.1355415242697322
0,g318,0.13684275841965446,0.13228557004907124
0,g319,0.13376069926339487,0.10226829679834021
0,g320,0.29721918455214313,0.19173140211072698
1,g321,0.8671559746772266,0.9106246391086404
0,g323,0.32370432177347624,0.2347947107455004
0,g324,0.6366121613333344,0.40669451174671534
0,g325,0.10971998023642703,0.10899974949231717
0,g326,0.06475128022971231,0.07321297668927851
0,g327,0.07704267001552483,0.10308367396850611
0,g328,0.5377446064694358,0.2669901718148069
0,g329,0.42415263020163885,0.2628015754055484
0,g332,0.2640227229897591,0.1802535108090988
0,g333,0.14352572740072364,0.16865146045773705
0,g334,0.08056913695894997,0.08504835773673364
0,g336,0.13326264503556084,0.13119142483226362
0,g337,0.3200953237625547,0.21655011059198026
0,g339,0.23092110921993309,0.14718304995625428
0,g340,0.17488393866194407,0.1541560836532943
0,g341,0.10824578391269,0.11486659734169936
1,g343,0.6455358929157096,0.8712828547919288
0,g344,0.1863382302162016,0.12649175742731256
0,g345,0.20668049263276408,0.13014365894902513
0,g346,0.19275198586752593,0.1410541765320846
0,g348,0.09129300913292994,0.07655897097286052
0,g349,0.10588652315107383,0.10162396029117025
0,g350,0.09816491657970151,0.07548537375579424
1,g351,0.1720108117800922,0.6836391849645383
0,g352,0.2806126004747461,0.20621100484987745
0,g353,0.4563887864974598,0.29687325962279487
0,g354,0.05343068347081268,0.06366407404886548
0,g355,0.3313165568141848,0.20819265356063205
1,g356,0.3590483546182474,0.7799756100423217
0,g357,0.34491995530889774,0.21046043526779656
0,g358,0.3025032467095507,0.19742287090510802
1,g360,0.45268303606566335,0.7654171802012794
1,g361,0.24419293225465738,0.7350032640033906
0,g362,0.2536473196512126,0.19467217907843948
0,g363,0.6168848496906046,0.43767770126692707
0,g364,0.31060096729783676,0.1752694417325407
0,g365,0.12316601854629028,0.11319078562868334
1,g367,0.18353244700983964,0.7793373086279001
1,g368,0.4928923683374619,0.8328753967955779
0,g369,0.3686506282569756,0.2518906078931359
0,g371,0.1716373180347306,0.13573371951552476
1,g372,0.21714647731298858,0.7381253589298471
0,g373,0.1511022103275275,0.1143352219550726
1,g374,0.6726931083061709,0.8714021321997973
0,g375,0.21306247032991193,0.17072098274326158
1,g376,0.5598392355029324,0.8309327210512988
0,g378,0.46564741489355815,0.24448777750803158
1,g379,0.2661884728042325,0.7981226247293988
0,g380,0.5095170730982554,0.30910144566430775
0,g381,0.80263716599622,0.41099840010568967
0,g382,0.4177987570921731,0.24069848121796095
0,g383,0.308627059453245,0.17664930770764425
0,g385,0.10544105009563126,0.09632727179832375
0,g386,0.051893607288911764,0.0591302547111955
0,g387,0.1010944991462633,0.08768736917482965
1,g388,0.4640048840837661,0.8119679200988211
1,g389,0.6229651527055138,0.8360339179322538
0,g390,0.23932717905888748,0.24295401537261718
1,g392,0.46555211027320886,0.8551009842308134
0,g393,0.17003108222359373,0.13837433667968113
1,g394,0.7632841350956722,0.8720704471944792
0,g395,0.2007143824488725,0.1776400875863189
0,g396,0.4416631908137042,0.24360534668739564
0,g397,0.08865454733432387,0.09311581914919718
1,g399,0.13331133722939167,0.73536738548545
1,g400,0.6453556947270812,0.8393244791522989
1,g401,0.6039735906679854,0.83471701519621
0,g403,0.07718590039630438,0.09715487591519109
0,g404,0.08624373046526188,0.08095367011274594
0,g405,0.17813884886529716,0.14157632513691412
0,g406,0.25548254941931103,0.1713263359385115
0,g407,0.1342928920407723,0.1365561527836014
1,g408,0.7191047141706537,0.8599571419824514
0,g409,0.12993328653395395,0.10372195864060058
0,g410,0.42774796745708366,0.2301884821934123
0,g411,0.754536136387248,0.3634896239373871
0,g413,0.4117495783723441,0.22895385250851136
0,g414,0.44844530939241434,0.3112660037304391
1,g415,0.18663392248832547,0.5694899510270086
0,g418,0.2448721361449938,0.20309124884046845
0,g419,0.21113789692411303,0.16558483902080134
0,g420,0.2566594067567538,0.19781737059558638
0,g421,0.06161521318590874,0.0658016717938277
0,g422,0.24477002055801336,0.2074916624309282
0,g423,0.20760885354821937,0.17490741838221296
0,g424,0.11060706213224948,0.09595518857557389
0,g426,0.058213237930835146,0.05893201763372684
1,g427,0.47180294009307705,0.8623768744408041
0,g428,0.4154913791958398,0.24796436799898564
0,g430,0.10582311832389309,0.14008703614223353
0,g431,0.5999214367144398,0.3164642915847916
0,g433,0.12707387215733193,0.14728607723830228
0,g434,0.23171344177034645,0.20947372821279617
0,g436,0.27855030207723674,0.18977101216061973
0,g437,0.08990204908295815,0.07859596007209955
0,g438,0.25527920865443243,0.16468948446498183
0,g439,0.318680233683066,0.18530985899587107
1,g441,0.5148071346948644,0.8552494363349696
0,g442,0.06307514269713792,0.07121251444876482
1,g445,0.32375596088715347,0.8152445971506772
1,g446,0.5753592956444438,0.8585558607677031
0,g448,0.13167582550719956,0.127670105168135
0,g449,0.15619961227881704,0.14113927361275647
1,g450,0.5951231005489082,0.8821610748395019
0,g451,0.035267927570420514,0.05241419999876612
0,g452,0.16608385483802113,0.12600587387968046
0,g453,0.13078037441867696,0.1396198043066672
0,g454,0.1591330472995,0.11871631786388576
0,g455,0.30023025334837516,0.18092473139954338
0,g456,0.4036383235058101,0.24949618664472975
0,g457,0.19263120582837306,0.14220298073033652
1,g458,0.5834147446994391,0.8519764941746681
0,g459,0.15001141845585086,0.09976920139141658
1,g460,0.638225643036677,0.8512488897678132
1,g461,0.30657789637520794,0.7735511933916684
0,g462,0.2696692893897667,0.18451223395141028
0,g463,0.13736876601883838,0.12742242616089858
0,g464,0.29488997334346123,0.19647426208345223
0,g465,0.6001463638947645,0.3133722862838867
0,g466,0.3458597850381393,0.21521189232611357
0,g467,0.22784855725300948,0.2792220791309572
1,g468,0.7434854207809046,0.8759012694843646
0,g470,0.14746612977728912,0.11922819545565701
0,g471,0.1440819461758364,0.13521290944839492
0,g472,0.23420185095821883,0.1741732366905855
0,g473,0.14340505340725462,0.11791869449282624
1,g475,0.36669374819522016,0.8407053559913594
0,g477,0.07819505576792568,0.09112819387112256
0,g478,0.24070559347690584,0.16151052160578375
0,g479,0.5015332202914147,0.2794674722668695
0,g480,0.3890311614681357,0.28562931887032333
0,g481,0.4348162705155842,0.27428756074457594
0,g482,0.22894469787500288,0.17813289301736412
0,g483,0.2761127357500841,0.171482928708912
0,g484,0.31907819780894464,0.19038590148803297
0,g486,0.08630376596142834,0.07983871506176922
0,g487,0.18465968969775898,0.1712229244893394
0,g488,0.3777870261230745,0.1847954312465757
1,g489,0.11933702438570348,0.7633917486326232
0,g490,0.19657471235214108,0.1364937091112342
1,g492,0.6842408600544347,0.828315103457146
0,g494,0.5008519223058279,0.2875567533029774
0,g495,0.43194400985469267,0.22856403104292383
1,g496,0.5568049486740286,0.8256542189452818
0,g497,0.11663208501366593,0.11359685331125478
1,g498,0.34909984952472445,0.8374446710098112
0,g500,0.2669211907862994,0.17727254282281124
0,g502,0.09768200784323072,0.0936931962145417
0,g503,0.12728451361852872,0.11447479541548337
0,g505,0.11908004314640451,0.09544760878170595
0,g508,0.10958400014445671,0.10226045214457623
1,g509,0.537292166364265,0.8488394276062243
0,g510,0.29999506692891303,0.18954990592512003
1,g511,0.7109699801001986,0.8891893351134106
0,g512,0.37552713019311756,0.19368707317175185
0,g513,0.200998747583995,0.1517452798823962
1,g514,0.6407221470932475,0.7638542044449531
0,g515,0.5944792244068805,0.2994913994650276
1,g516,0.2363440793420789,0.7179693683418957
0,g517,0.30684954994925495,0.22835866872590238
1,g518,0.5079011663369217,0.8339284675476781
0,g519,0.03567656231809192,0.042174859296030986
0,g520,0.24722430248165678,0.17258494146788303
0,g521,0.4090090006789018,0.2323979637735784
0,g522,0.549474523694518,0.27242050530749895
0,g523,0.3067767399453848,0.19928340936519148
0,g524,0.23547977159610484,0.1549198746272736
0,g525,0.24651516523967104,0.2315673089684183
1,g526,0.5580642397019948,0.8541228101239625
0,g527,0.164293569160896,0.16495006477462493
0,g528,0.5043720707994942,0.23617146307700734
1,g530,0.5419863122815196,0.86280936807812
1,g531,0.6766778327637845,0.8653997347955165
0,g532,0.2850053067007959,0.2092183893363158
0,g534,0.6982248988045979,0.32960210629413744
0,g535,0.37036788073216464,0.25161888823158285
1,g536,0.07058837414763275,0.4580901997196796
0,g542,0.11594459805249505,0.09447317264006903
1,g543,0.6066251088587843,0.8690223347789954
1,g544,0.5507823676526555,0.8389924659643897
0,g545,0.1466168687036501,0.13605264376402143
0,g546,0.1174231835626982,0.13210002237936852
0,g547,0.4367816674382774,0.29363242453360255
0,g549,0.07308096655731054,0.07863845929896418
1,g550,0.06700731683803698,0.6518028899610175
0,g551,0.11107467775152234,0.10985480462846325
0,g554,0.28306778360153656,0.18582931776470324
0,g555,0.362311594577161,0.2090646344092127
1,g556,0.5066920151068183,0.8382618685788682
1,g557,0.24511662026077038,0.7948610364864763
0,g558,0.4278314404321979,0.2442349821610751
0,g559,0.21894808308807345,0.15318106032704018
1,g561,0.6853437848514117,0.8743643951109489
1,g562,0.43999660008275004,0.849560732835433
0,g563,0.10463747670941334,0.11013749010644756
0,g564,0.21941670779967018,0.1756935469769231
0,g565,0.2840643174729143,0.1905657076181114
0,g566,0.15979151890319618,0.12848378889811446
1,g567,0.2854870479305732,0.7520650129681691
0,g568,0.24856052630637235,0.20554856325745813
1,g569,0.6804928397980402,0.8856039644982346
0,g570,0.8502973615869696,0.47157795624640764
0,g571,0.18283403865660844,0.14394873772957978
0,g572,0.30285400561476383,0.1787541618807826
1,g573,0.40900557636812795,0.781719915975072
0,g576,0.7666117077727488,0.4140199022588054
1,g577,0.3457952782151638,0.7954707672937539
0,g578,0.07915597388764618,0.11215627961609542
1,g579,0.26273799224040373,0.810304717566654
0,g580,0.13872726951632833,0.108655739745322
0,g581,0.534516141079549,0.41411114328741105
1,g583,0.24965758480568512,0.8197096858778326
1,g584,0.6381502484195429,0.8680869401479483
1,g587,0.10884297124832161,0.5127426153112207
0,g588,0.26641197550481094,0.18353986619745358
0,g589,0.3442841831610661,0.2175468661178684
0,g590,0.3041415880779327,0.18539941165080617
0,g591,0.1711842676691588,0.1468904781322937
1,g592,0.6571392863918631,0.8813395519192991
0,g593,0.3087212366578285,0.1738567216617719
0,g594,0.1825479062356197,0.16554920176693397
1,g595,0.2215129654983632,0.7930694898992975
0,g596,0.39715139172251923,0.3686820278027185
1,g597,0.6274309759279498,0.8655148218733453
0,g598,0.027757067971653664,0.03828208843913409
0,g599,0.4706835078109517,0.2547861020393637
1,g600,0.7784544266435832,0.8833569178967446
0,g601,0.1606527385551685,0.12603891639869244
1,g602,0.16447811481096009,0.7118311973687759
0,g603,0.16011368830323944,0.13329291109686625
0,g605,0.717583963962887,0.3962277926397366
0,g606,0.19634005828305662,0.1359025866431787
0,g607,0.1499839945511556,0.1482763107671331
1,g608,0.23988370185858204,0.7004008148331907
0,g613,0.14196798427839033,0.13102638613189443
0,g616,0.06472945128491153,0.06006679242229748
0,g618,0.4864034628481047,0.2660642945452446
0,g619,0.6059710897551497,0.3226676100112666
1,g621,0.7327610422092456,0.8175063782714842
0,g623,0.1694829061372366,0.11122509998991227
0,g626,0.17801669007263696,0.1637069971710236
1,g627,0.49448501173619974,0.8524290917747983
0,g628,0.4189828182362229,0.23932079409368154
0,g629,0.2781042768815117,0.1864696431841298
0,g630,0.44182155827512976,0.2399696505352764
0,g631,0.47718643741708955,0.2515769083648978
1,g632,0.15794316150860221,0.7722925689910466
0,g635,0.05617182156546138,0.06750639443142702
1,g636,0.609400825311826,0.8512600451986456
0,g638,0.1166835534814479,0.10172337011473417
0,g639,0.09094080970167223,0.07815759168757282
0,g640,0.5649077972754881,0.27875570738605976
0,g641,0.23642671311066052,0.14824106405579188
0,g642,0.40647744879424375,0.22816077234252732
0,g643,0.03955733775259621,0.03871592051217121
0,g644,0.46798140770265384,0.26740233451260975
0,g646,0.2670208951655936,0.26505632631169573
0,g647,0.5387966899575942,0.2851691568625241
0,g648,0.17080721878027638,0.13184910129565283
1,g649,0.7157014446029367,0.8815067381321311
1,g650,0.7501805098663704,0.8683960665608571
0,g651,0.12113824226551892,0.14097650818298232
0,g652,0.1926036854144727,0.15213064468831847
0,g653,0.7281421655400305,0.3765166656410031
0,g655,0.1269764075317868,0.11812689226582036
0,g657,0.09208874300886151,0.08585060983064467
0,g658,0.14519877125324115,0.11937380558283867
0,g659,0.798381709974204,0.42131798596065323
0,g661,0.10787838004398799,0.09667156793163445
0,g662,0.2525430249077551,0.2038839556435311
1,g663,0.5627233153372938,0.8591031426779434
0,g664,0.4798360856808957,0.30345145468830004
1,g666,0.49719638746677924,0.831162740768161
0,g667,0.07811171383868812,0.08486681224143983
1,g669,0.809171008043845,0.8861482707430341
0,g670,0.10371391416342547,0.09962716498850947
0,g671,0.43380063976160843,0.21791560065417853
0,g672,0.27066878699208785,0.2008356921425127
0,g674,0.31641040590265884,0.24807702126837136
0,g675,0.10642556876236128,0.10780429692378203
1,g676,0.22150147841636048,0.7305314420865163
0,g677,0.5859150690265846,0.2814197262290264
0,g679,0.148724737408925,0.11986221952872446
0,g680,0.5103787161420305,0.23751543102525344
0,g681,0.7974294213567804,0.3814220099075326
1,g682,0.3848726579313312,0.8189780744328525
0,g683,0.4637038703267686,0.26783609888647203
1,g685,0.711304673389903,0.8756227377809602
0,g687,0.31487957070301503,0.20205908756946314
1,g688,0.3922479596530119,0.8224490146788364
0,g689,0.10359529971075729,0.09721001944681536
0,g690,0.5668677371569826,0.3158589150393081
0,g691,0.6711024893643265,0.28916436596310846
0,g692,0.12435640182018848,0.10487838316087718
0,g694,0.4657285140194675,0.22501279256878728
0,g695,0.2702895689798839,0.22359600772575003
0,g696,0.15985932458240443,0.1316987571691331
0,g698,0.3161373599433813,0.22480741284683856
0,g699,0.22191816545716708,0.14569045489698332
0,g700,0.17194834131303324,0.18330479007097847
1,g702,0.37567626729153936,0.82052715469731
0,g703,0.15790636825494028,0.1429260919951908
0,g704,0.03854761002820074,0.05269386014133713
1,g706,0.6210781866815588,0.8619768204498183
0,g707,0.04895204295362087,0.06363850615018489
0,g708,0.09097405570578558,0.09829021759190569
0,g710,0.3821354869038771,0.24530198877896967
1,g711,0.6673305272610824,0.8794924473682453
0,g712,0.08354242393562987,0.08702072329692707
0,g713,0.07120351005429813,0.09686333783470748
0,g714,0.19077574993904944,0.17861553286465917
0,g715,0.43947273720196284,0.25309850883932633
0,g716,0.11310117395971316,0.11334811682881751
0,g717,0.16264403329715937,0.12600418543437059
0,g718,0.08445508893058903,0.10926560041504163
1,g719,0.7618128329847309,0.8776630646833111
1,g720,0.43400913648158024,0.6888102952551305
0,g721,0.2551818445749638,0.17603047318500423
0,g723,0.13834544961934792,0.10366088997001557
0,g724,0.21020660519227458,0.19373226009162733
0,g725,0.03736289090791519,0.04348442971793064
0,g727,0.07332818547093352,0.05334922280412764
0,g729,0.16160843619966211,0.13258576689608936
0,g730,0.04642701600598112,0.054056821414159587
0,g731,0.115035906059715,0.11552482948803795
1,g732,0.7960487133606955,0.8892676237210789
1,g733,0.0841015453880303,0.5698032923896703
0,g734,0.22337960052547853,0.1799251446283153
1,g735,0.4001556552414909,0.8139210958113973
0,g736,0.2371232083065418,0.1505115725052028
1,g737,0.4350407599966268,0.8368538689562286
0,g738,0.1064540476936082,0.12246781911643044
1,g739,0.5378310278688854,0.8216941498022142
0,g741,0.09128176849238669,0.08545367585416727
0,g742,0.1649738966349693,0.14607030843489155
1,g743,0.5167759099700109,0.8382835143772269
1,g745,0.7460993207015683,0.9001318382620994
1,g748,0.7500615746722206,0.8920087817264835
0,g749,0.0658810027939554,0.07892931048368093
1,g750,0.7939426928886832,0.874263388316423
0,g751,0.09369107998751713,0.08211122260849989
0,g753,0.139603380382546,0.1005985883154503
0,g754,0.44038611377776843,0.2510321144553268
0,g755,0.5163316162742925,0.27641481402512735
0,g758,0.10574210192154535,0.087634177824577
0,g759,0.09513159917976044,0.08871893470668432
0,g760,0.05859355724334758,0.059262601593961614
1,g761,0.7881398349370812,0.9070346314544422
0,g762,0.4996263084020947,0.2761229155060149
1,g763,0.6781634978709793,0.8660409326430587
0,g764,0.755677561714808,0.426550090470073
1,g765,0.6693283112400581,0.8758244001224854
0,g769,0.594826216512547,0.34783300093283703
1,g772,0.6779301454063417,0.8692263149210171
0,g773,0.4528857445163728,0.33312351522324324
0,g775,0.1688261654740587,0.1342955701370111
1,g776,0.6590155602314083,0.8595034376289127
0,g777,0.11424435306401838,0.10157288530140039
0,g778,0.19648751691399466,0.15845244492534025
0,g779,0.08373387453150817,0.08425652793028357
0,g780,0.24102343935166082,0.18600307694646423
1,g782,0.24275053406425393,0.791943475294584
1,g784,0.6303428966641828,0.8663117654672285
0,g786,0.2270258614298025,0.15791032842890343
0,g787,0.6576134638919015,0.30481346072914606
0,g788,0.3296562778601449,0.18955075900807405
0,g789,0.074887121247333,0.08676613233726037
0,g790,0.4130729603381785,0.21854290900755613
1,g791,0.48474470922820695,0.8641187214501646
0,g792,0.11417287575113437,0.10020678811203064
0,g793,0.35073083413626543,0.2005304536094107
1,g794,0.8911768182831115,0.9051379435824773
0,g795,0.16078945123822977,0.13201894657352856
0,g797,0.42850628450194117,0.2558564510513651
0,g798,0.13453547024083687,0.10403757395469314
0,g799,0.7533026968016042,0.3900977010441149
0,g800,0.16104645794796915,0.13010367927598773
0,g802,0.11781658192309757,0.11218081284717493
0,g803,0.4921645818373797,0.25843522833972504
1,g804,0.5300667307214847,0.850713604892533
0,g806,0.24285265286464325,0.16266266322974463
0,g807,0.14648533442453154,0.1265186587697942
1,g808,0.7730278171034264,0.8984235599831925
0,g809,0.07636302106276198,0.08521988225192037
1,g810,0.19870230502390293,0.4347805271041207
0,g811,0.18768174465925966,0.13204177875020415
0,g812,0.23591165448782137,0.19865748385993787
0,g813,0.18211391520938466,0.136752332509673
1,g814,0.23447782403168796,0.7414952044137386
0,g815,0.16548216191405818,0.14904896056241476
0,g817,0.10440549182341918,0.10229641029237203
0,g818,0.2789668377232134,0.1689474390126531
1,g819,0.5531270579244018,0.846588614357027
0,g820,0.14083261689756002,0.12097033530114366
1,g821,0.863042594265072,0.9144462523954285
0,g822,0.4397786796640888,0.24863497824230962
0,g823,0.28846864910044934,0.165378566251695
0,g824,0.0748525569486788,0.0927338265414828
0,g825,0.37849125408743256,0.2245134547187957
0,g826,0.07319899573905139,0.06884266454972882
0,g827,0.13501456700363762,0.16057456474610213
1,g829,0.6182574955064937,0.886994514767353
0,g830,0.25704334144243735,0.18534596340504697
1,g831,0.3849531893418563,0.7392430708477726
0,g833,0.15144052727334692,0.13776667460891748
1,g834,0.6461494224141935,0.8510307941449863
1,g836,0.2570404965531319,0.745201972108261
0,g837,0.17286145819031826,0.15707206524786876
0,g839,0.2497392469543476,0.16016997605947172
0,g840,0.10122023823310053,0.09903067213247808
0,g842,0.47662773267998987,0.24625731223318353
0,g843,0.6745150120442188,0.3396105512212554
0,g845,0.17367011853493206,0.13779030279191565
0,g846,0.2920206782937503,0.21090237420899716
0,g847,0.124715958334971,0.1125502077315473
0,g848,0.07210777491465391,0.07057476200185304
0,g849,0.08030382912278859,0.0698301999559913
0,g850,0.12829301795043915,0.11368546838278351
0,g851,0.05747311583550551,0.07197555523180311
1,g852,0.7449086055223713,0.8702327288682183
0,g853,0.3077979354061478,0.203186770880654
1,g854,0.5324491080728083,0.8268706728777389
0,g856,0.057662659580058555,0.07014844454340384
0,g857,0.1384273278475854,0.12199185696029823
0,g858,0.604539765881065,0.31936000145705684
0,g859,0.10883328655577688,0.12517116806179193
0,g860,0.1777666912917327,0.13652695564085396
0,g861,0.3463604321810293,0.2215253154658803
0,g862,0.17543977189544627,0.17437311631782018
0,g863,0.24379210109361002,0.23430979681802738
0,g865,0.30764935693637435,0.17071102791388715
1,g866,0.5567254534951132,0.8552007290546151
0,g867,0.1169639534498953,0.11908897690177385
0,g869,0.06963911088472133,0.11532861719032364
0,g870,0.14611158636263333,0.1177843142628376
1,g871,0.46421476193512756,0.851215320154104
0,g872,0.3760507244970627,0.2411510087983099
0,g873,0.2938437551346021,0.23011477915006595
1,g874,0.7825514038662245,0.8971727145572609
0,g875,0.13181912637417087,0.10972771492614507
1,g877,0.6459564311314442,0.8548787777678645
0,g880,0.180423012230671,0.13812388424899835
0,g881,0.3466015267331605,0.2089575976180207
0,g882,0.52740055274951,0.2748970235422041
1,g883,0.5958591349727286,0.8726537840638219
0,g884,0.15529114299533955,0.17037748806996883
1,g885,0.4901033803241713,0.8560401027855805
1,g887,0.6648793446996557,0.8663068682225036
0,g888,0.05562946021941471,0.06624513474752805
0,g889,0.06835441621969758,0.06451131609961427
1,g890,0.8640269984805728,0.9110393567819253
0,g891,0.16701079077212075,0.11408340434837923
1,g892,0.36367952225141825,0.7876760011822769
0,g893,0.34015386953645854,0.20823443169459763
0,g894,0.029876790804209803,0.02982432714709442
1,g895,0.5037980266310194,0.7927600414472762
0,g896,0.18103282192352843,0.13198196076298058
0,g897,0.10614409619363556,0.10717570941303256
1,g898,0.704995858252071,0.9041623618618105
0,g899,0.07785899101850387,0.08878396900240744
1,g900,0.7014000361780268,0.820582559525909
1,g901,0.7400522757742634,0.8855333981537853
1,g902,0.5213588593575458,0.8538089020796251
0,g903,0.06754934719328971,0.0876847554880918
0,g904,0.6866129421707315,0.3265159238455744
0,g905,0.2787178472321964,0.20799427122720737
1,g906,0.7868627356152007,0.8793284097428211
0,g907,0.10941531179185203,0.09339745063499978
1,g908,0.39133019450739037,0.8503288269815715
0,g910,0.12947474583232862,0.1223463830554495
1,g911,0.517701150342395,0.8455129728321299
0,g913,0.1549482234780591,0.1475440343176966
1,g914,0.5686635666625883,0.8704339604934168
0,g916,0.600977806982997,0.2988262089166169
0,g917,0.26554841564041626,0.17046906503194623
0,g918,0.2658569416705761,0.17059985991453525
0,g919,0.0457158483813425,0.03876144338896736
1,g921,0.4473350468243273,0.8110677474779634
0,g922,0.37544940183449244,0.22463098367836035
0,g923,0.786092337872474,0.3824433095313497
0,g924,0.3624233837657845,0.19031494582251696
0,g925,0.40529588442123804,0.2773697455624634
0,g927,0.4209536909494342,0.2788903113930218
0,g928,0.12424445856828797,0.11612913390515037
0,g930,0.44416691261741104,0.2760261412321846
1,g931,0.45197381221719757,0.8430342458010514
0,g932,0.28921487570352733,0.19398244621386168
0,g933,0.13462789121781532,0.11766313747170334
0,g936,0.20425428838827922,0.14290823093758223
0,g937,0.09661450826667826,0.10680057924227934
0,g939,0.36141035228605745,0.21584670535404238
0,g941,0.14570967384991118,0.11660924414008558
1,g942,0.326771078807179,0.8081937971676869
0,g943,0.13275595843864801,0.1183464517246985
0,g944,0.09550231096139877,0.08815299360512589
1,g945,0.3063462416520218,0.7676912739255547
1,g946,0.6729558336958981,0.8522242770030543
0,g947,0.07273492671218587,0.09176857152211565
0,g948,0.08427506918267183,0.0862291070582872
0,g949,0.06754790900337795,0.06507722520193908
0,g950,0.1516235250320683,0.12787313454080668
0,g951,0.30722505525727867,0.25029834943568424
0,g952,0.13047263918075863,0.13392997747833044
0,g955,0.12607002266590928,0.1160499899863053
1,g956,0.628859918013156,0.8765537285938367
0,g957,0.1567831367455326,0.11877248483180619
0,g961,0.06600736071185365,0.07956444279909769
0,g962,0.10048529156105525,0.11235224791107074
0,g966,0.08392419069544137,0.0901748527550618
0,g967,0.45135862348965095,0.2218291747574805
0,g968,0.3570738828544338,0.22163371285087338
0,g969,0.1603527662243385,0.14699999492153926
1,g972,0.516953590317532,0.8274074341466746
0,g973,0.14812125919890637,0.1089755080961117
0,g974,0.2665432889206964,0.20295626251098395
0,g975,0.34221758996614715,0.1877496642320925
0,g978,0.13953548457096956,0.12888734757194345
0,g979,0.47656699663235474,0.31657036892661267
0,g980,0.2464867422894826,0.18169855406813087
1,g981,0.5484224639792316,0.858252019363404
0,g982,0.48481057839762814,0.2492688278341908
0,g983,0.31596673124736985,0.19354566295513745
0,g984,0.3668691096953411,0.22699601040975256
0,g985,0.3205928642857748,0.21035156066810157
0,g987,0.31750571291902757,0.17691205902229454
1,g988,0.4776052541237137,0.8590336329681635
0,g989,0.15254145125151403,0.10792740333905737
0,g991,0.23520467594282257,0.17300573581596554
0,g993,0.16712022993505454,0.1298275869253944
1,g995,0.5722498261543967,0.8588961787845849
0,g996,0.06507802432298715,0.0683402312849011
0,g998,0.11713776419031485,0.0923570457090697
0,g999,0.1662279652608547,0.13769128269351624
0,g1000,0.3202603778136605,0.20853709251107752
0,g1001,0.11581098619329412,0.1250258656075202
0,g1002,0.4044558203658408,0.2544113760057841
0,g1003,0.497704859949026,0.2670074834925973
0,g1004,0.14159089325887883,0.13513076835021154
0,g1005,0.29966214689103676,0.18202515823248952
0,g1006,0.3479856735876243,0.2179608899088033
0,g1008,0.18531797902368666,0.15382436126821203
0,g1009,0.41802433548464485,0.24218467903685087
0,g1011,0.1845901094652154,0.14108188675568975
0,g1012,0.1930667119983432,0.15904590038073677
0,g1014,0.14725074172273658,0.13975997309184315
0,g1015,0.05794504564999732,0.06654707615516235
0,g1016,0.09286560911432516,0.11410809206972573
0,g1017,0.12949851891620923,0.1324783879555165
0,g1018,0.1475004802211747,0.11096393784506223
0,g1019,0.34238717690897374,0.21654367704391364
0,g1020,0.3872264839374422,0.22278484105401544
0,g1022,0.07985620677687312,0.08954922932437795
0,g1024,0.5181846469112867,0.3460129217098029
0,g1025,0.14735548891407244,0.10951033317860819
1,g1028,0.5301410932179789,0.8432874959312043
0,g1029,0.39725167777097503,0.21945286708413528
0,g1030,0.24035544534291084,0.1587628390168159
1,g1031,0.6706431940542479,0.8672424296247808
0,g1032,0.039807058390573885,0.03899121402228552
0,g1033,0.17108733374153953,0.16372495943972232
0,g1034,0.41536643370148135,0.26833098294787816
0,g1035,0.09762601252562784,0.10607848987660021
0,g1037,0.14552747795021587,0.11428430517398992
1,g1038,0.427307693137091,0.8274928543107174
0,g1039,0.4622785860726753,0.2486832388644734
0,g1040,0.23893277570469562,0.18159530123674641
0,g1041,0.08697306972915063,0.09049743535612342
1,g1042,0.48628122834038084,0.8520761712816948
0,g1043,0.1072073194312561,0.11551458160531464
0,g1044,0.07046837533913529,0.07305780578775878
0,g1045,0.4291078423489099,0.21624807202576923
1,g1046,0.7829666340229172,0.9056087457642472
0,g1047,0.10333894515085196,0.08849911548123342
0,g1049,0.6464400059722654,0.3507939418322973
0,g1050,0.14185647822242858,0.1238322341588877
0,g1051,0.4413629794937039,0.2371377773042657
0,g1052,0.14490351397069573,0.14702548568065724
0,g1053,0.10346338514047212,0.10446181226202622
0,g1054,0.434395938172771,0.2406621329399024
0,g1055,0.22558195886593477,0.19047820420305628
1,g1056,0.7717070318168033,0.8920478647010627
0,g1057,0.16678237469812854,0.15131806759584351
0,g1058,0.4720669323191784,0.2127352805970918
0,g1059,0.19182902731152843,0.14130943563131634
0,g1060,0.22490204519950815,0.18646359836334608
1,g1061,0.3476836535467673,0.8297293956638895
0,g1063,0.07517014818049204,0.09932222119689525
0,g1064,0.1747684438167971,0.16144025118246855
0,g1065,0.40475268669202386,0.26392803816360616
0,g1066,0.1434161702693988,0.1374934707789915
1,g1067,0.7083885984534505,0.8871643432473909
1,g1069,0.2268009568204167,0.7359219143260534
0,g1070,0.03231075273742689,0.04326275637744416
0,g1071,0.18234119699857748,0.1397659232921757
0,g1072,0.42952750187500516,0.25770096423273126
1,g1073,0.6477517212752214,0.8636638076014721
1,g1074,0.8226953993684629,0.8960374033459875
0,g1075,0.0886922197687664,0.08384219563640044
0,g1076,0.28215902179111363,0.22224213618286837
0,g1077,0.34655663674595627,0.2239922559453567
1,g1079,0.6418071289485244,0.8735441880783443
0,g1080,0.3218444372286568,0.18814453006368048
0,g1082,0.08610708089009207,0.10926249204539915
0,g1084,0.275426567948062,0.1845136300234511
0,g1085,0.058332326614480984,0.060520356778274595
0,g1088,0.1337962226412202,0.1475345348291223
0,g1089,0.43368855199745276,0.26413810772169805
0,g1090,0.3061903714523069,0.18486444472130223
1,g1091,0.43899700158897154,0.7749908240689887
0,g1094,0.1463593661996637,0.13125892240566012
0,g1095,0.29129783610887366,0.20287699667282716
0,g1096,0.17181598582429447,0.13217702544516322
1,g1097,0.7097508726794853,0.8819914997844828
0,g1098,0.30707967311770795,0.19757669639954817
0,g1099,0.06989679479305295,0.06236332478413629
0,g1101,0.27667550895766724,0.2156450756951644
1,g1103,0.692885376261588,0.8816602101861308
0,g1104,0.21517262744956478,0.18074932066062682
0,g1105,0.29557654482019696,0.1773799760107223
1,g1106,0.6810324822269945,0.8041113799204701
1,g1107,0.7877701190395131,0.8897950022961716
0,g1108,0.30938320849201256,0.19925184754145295
0,g1109,0.0498841840300161,0.06734223242801066
1,g1110,0.3317358567591572,0.7868685887213023
0,g1111,0.11612783240156106,0.09949652922614269
0,g1112,0.17497430638634964,0.13471962762008272
0,g1113,0.08683249727957362,0.08247819482765818
0,g1114,0.3096261356674059,0.18758372877713206
1,g1115,0.6620302163166496,0.8857111374884613
0,g1116,0.2522757500053844,0.1799785144930127
0,g1117,0.23189387484919924,0.1559408546102371
0,g1118,0.2912402726026007,0.24728198039212818
1,g1120,0.4946597426593774,0.8423416299658051
0,g1121,0.38199609228874903,0.22181102271888412
0,g1122,0.27999035744984646,0.19336809408700553
0,g1123,0.13887993497798948,0.1327786120019926
1,g1125,0.6922690648596578,0.854676006214213
0,g1126,0.15042615553556227,0.12762173473320615
0,g1130,0.09226646874047177,0.09875526454532123
0,g1131,0.27392375534528635,0.1838910512340301
0,g1132,0.2802091668352464,0.32173926745888426
0,g1133,0.14768892785174842,0.11335335987549171
1,g1134,0.4521322357865154,0.754869950097767
0,g1135,0.2010934020580078,0.14798719364995838
0,g1136,0.25388965700827626,0.18206884613377153
0,g1137,0.13306627804650933,0.11420469659068098
0,g1138,0.16301253412976238,0.1561497153892687
1,g1139,0.5897651242516612,0.8698822320127775
0,g1140,0.2081250835714263,0.16481861831551842
1,g1142,0.7701482378955729,0.8695492197969242
0,g1143,0.2732187735556762,0.18905809360333117
0,g1144,0.04919053300137121,0.04775267442292338
0,g1145,0.26174729781282624,0.1897849431704473
1,g1146,0.7346761441242016,0.8817876537708873
0,g1147,0.1260970083289836,0.13816029505544292
0,g1148,0.23457201871325017,0.16479119383557786
0,g1149,0.51594782024373,0.2631337957362924
0,g1151,0.24821740307363294,0.17596604398964413
0,g1152,0.07741800302141635,0.08032746263554075
0,g1154,0.26806895262392216,0.17052401937602552
0,g1156,0.5190732184239453,0.2488651256208251
0,g1157,0.26822995041315295,0.18097563794664662
0,g1158,0.03568712270845345,0.04267935249278932
0,g1159,0.4135969759390693,0.2415007529475909
0,g1160,0.17688501348836352,0.13778701928855355
0,g1161,0.12251050490570005,0.11164761788106585
0,g1162,0.10899410504627309,0.12081450629695226
0,g1164,0.3242646528528159,0.21797596680644749
0,g1165,0.07883614811813675,0.11722851682226582
1,g1166,0.317701107227773,0.7994121490791551
0,g1167,0.054347464659995855,0.05939743534130695
0,g1168,0.31470449134064266,0.20147307676141873
1,g1169,0.5855956377726195,0.8750984565702867
1,g1170,0.32773239591336845,0.8200763754460767
0,g1171,0.8046589524175284,0.43707826117291787
0,g1173,0.8276283141707872,0.40581417041062917
0,g1174,0.22724840792402745,0.1606665024244268
0,g1176,0.31641380063599267,0.19394256071983032
0,g1177,0.10671675231202071,0.11624430381510706
0,g1178,0.09259629071935824,0.11015428885872679
1,g1179,0.27332659018656075,0.7548175095417767
0,g1180,0.19232284961258747,0.1293217600575019
0,g1181,0.12188149616533145,0.12656136399193066
0,g1182,0.10987939043754359,0.1089121457276776
0,g1183,0.4419561054587721,0.22031776963286934
0,g1184,0.3464066011887833,0.22583704194904
0,g1185,0.3004836300033378,0.17371722105597792
0,g1186,0.7120385525838501,0.3159082132779992
0,g1188,0.10529918221969015,0.08867532505311786
0,g1189,0.28645144018173174,0.2047868067664123
1,g1190,0.37519738110397083,0.7841999625729338
1,g1191,0.440480563959797,0.8126409526165652
0,g1192,0.14557970216132443,0.12974702478578842
0,g1193,0.6184034498170226,0.3535015772933335
0,g1195,0.09250739771962187,0.09675660796957265
1,g1196,0.18004035365677368,0.7104355371213333
0,g1197,0.29863612189977007,0.18567815373520596
1,g1199,0.31065848790812906,0.7434972048183452
0,g1200,0.27869345263337975,0.18269982992229708
0,g1202,0.11265812743017915,0.1121628625300647
1,g1203,0.17797471748916133,0.7803263522004056
0,g1204,0.21092245090056227,0.20927653534848564
1,g1205,0.43327962036974615,0.8391108247396694
0,g1206,0.23658762321016447,0.14765642844439159
0,g1207,0.2285041067664865,0.14082198511602198
0,g1209,0.41284184576284977,0.21029024428444873
0,g1210,0.15091025089983146,0.14041483908811317
1,g1211,0.438843647264322,0.7568886869947054
0,g1213,0.3474932127003174,0.2525666092016846
0,g1214,0.26335588711967706,0.21980207260188542
0,g1215,0.11471053750041393,0.10137917657023322
0,g1216,0.2729805378836822,0.1968841411836768
0,g1217,0.1318771893169848,0.12288189570317047
0,g1218,0.38680130633202586,0.22056190626445604
0,g1219,0.041747404510979046,0.04644579169361377
0,g1220,0.357079637315492,0.25482559146186057
0,g1221,0.12784463101075008,0.1027511616461736
0,g1222,0.12239322025728877,0.10585166553870545
0,g1223,0.05913926380081777,0.06599195320708025
0,g1224,0.16007687800763384,0.1248144061903617
0,g1225,0.29899286745201925,0.19317018018036458
1,g1226,0.7099239293271028,0.8813957766799315
0,g1227,0.14659789239885204,0.12513687165370163
0,g1228,0.06980116422648705,0.07517562552707634
0,g1229,0.15432293415801104,0.11108602360091847
0,g1230,0.13994419983903317,0.1109055759030791
0,g1231,0.6637057870294452,0.32012492282102445
0,g1232,0.11340904632537539,0.10564006798881019
0,g1234,0.06340402016330969,0.08540153332645872
0,g1235,0.607781913263597,0.29385058439228384
0,g1237,0.17315990591062771,0.13285282964553893
0,g1238,0.39220594631065886,0.2512828962485493
0,g1239,0.13463338940506075,0.12879743308257402
0,g1240,0.16029569007591932,0.11955970276121063
0,g1242,0.14276705534032827,0.13288929808558217
1,g1243,0.2682640039602696,0.7843387541282676
0,g1244,0.342705890585137,0.20347809631070873
0,g1245,0.07099177051831414,0.08570791532157518
0,g1246,0.19868480073614392,0.18370142566149145
1,g1247,0.8256072421897659,0.9045942007092461
0,g1249,0.6289638633797601,0.34814182623802953
0,g1250,0.18994344475204847,0.143796911795002
0,g1251,0.32572707953658264,0.1853551439242869
0,g1252,0.30064673995641145,0.22048868608618616
0,g1253,0.14892278300399178,0.1599069903444177
0,g1255,0.045793761434633026,0.04695492203963465
1,g1256,0.6936755637875586,0.8835383791692492
0,g1257,0.11404603055686655,0.10832520523677412
0,g1259,0.20235070323932264,0.13811343924256525
0,g1261,0.12682684448058845,0.09425700953440887
0,g1262,0.6318400856460218,0.36130891202498594
0,g1263,0.3931084672205683,0.22337454593710485
0,g1264,0.18479030114812475,0.16507174225754725
0,g1265,0.07820335125003042,0.07105484658677567
0,g1266,0.7403350812202166,0.38059823631844725
1,g1267,0.14105291522073266,0.6885386525756029
0,g1268,0.734446065512562,0.3523638554348295
0,g1270,0.11225062524417657,0.09522015407381505
0,g1272,0.14756919736582508,0.12734374655978087
0,g1273,0.24449433971596754,0.16852312893839932
0,g1274,0.13087825856262947,0.10662942671431469
0,g0,0.49165003232075016,0.29246630268630375
0,g1,0.04493727599517517,0.05196401140660046
0,g2,0.8854641908214674,0.42155706927827047
0,g3,0.23853201388236858,0.163401503253723
0,g4,0.5610898257384197,0.31048398302152747
1,g5,0.35700365184279803,0.8091204766324313
0,g6,0.18128223542419833,0.14657419398271956
1,g7,0.39082742828623934,0.8048265076183223
0,g8,0.23110377985892433,0.15121446303527195
0,g10,0.17983902591874026,0.13681996764614895
0,g11,0.14287414007646662,0.1338746416491905
0,g12,0.330502820250529,0.2160012470778744
0,g13,0.13920750606012341,0.11357378476346593
0,g14,0.5077908372408774,0.29109032526491274
1,g15,0.47145743947694446,0.8560384683296258
0,g16,0.15943464324320433,0.12648806982049862
0,g17,0.07350322909065649,0.06273302949698985
0,g19,0.4351559713846618,0.29244497060799374
0,g20,0.18922598767811666,0.13439171417570717
0,g21,0.06667946392478373,0.07475109412548804
0,g22,0.0533445117119877,0.08845247901898563
0,g23,0.28536291867860425,0.21037342696880368
0,g25,0.32036737555818384,0.1837001906077925
0,g26,0.03952472034389022,0.056305798241023976
0,g27,0.22762013911197276,0.213862437267119
0,g28,0.13512173582717799,0.13658819001667508
0,g29,0.0950875518212568,0.10348948507619486
0,g30,0.5259229740667699,0.2644311290648376
0,g31,0.1127241442018245,0.09961045939072645
0,g32,0.4585264172245916,0.24000334104250676
0,g35,0.15679656374360465,0.13577874510706922
0,g36,0.06092896565007165,0.07895020381514398
0,g37,0.1757397838355258,0.14956340028848034
0,g38,0.4593415863928282,0.2757894088166971
0,g39,0.21134205118825103,0.15783796368316147
0,g40,0.22049128104848345,0.16586772407415099
0,g41,0.08443457561769269,0.08226962037300943
0,g43,0.20758338177736052,0.1597025163179704
0,g45,0.33146274669032966,0.1910752033502694
0,g46,0.2832810256952548,0.22599204561062758
0,g47,0.6821691025757898,0.34714873938822505
0,g50,0.0952907436069249,0.0896599153100846
0,g52,0.16824619135949695,0.13664023041423087
0,g53,0.3365134839876273,0.2247846120246334
0,g54,0.32433100663138303,0.21108041010598533
1,g55,0.2566852563504932,0.7509172766091807
0,g57,0.06387125312846532,0.08541177246996093
0,g58,0.2379677766348333,0.15026662975200664
0,g59,0.09821511762753621,0.08733333545787857
1,g60,0.8630998704360413,0.9025064655450588
0,g61,0.6940251167136647,0.3839316515024535
1,g62,0.6614386362284299,0.8713636015693507
1,g63,0.5648471084730133,0.8505302427180284
1,g64,0.17879170893117713,0.7401206083830174
0,g66,0.09686207512096867,0.09301065756990859
0,g67,0.20957346387938744,0.16926527748564613
1,g68,0.5669934760566117,0.8438582808008076
0,g70,0.13271923987771142,0.13749900826817335
0,g72,0.06598730315503168,0.06895652805416831
0,g73,0.6263124430433182,0.35311521411846786
1,g74,0.45377413652972703,0.7733462799732364
1,g75,0.11583875529055798,0.6717163766872927
0,g76,0.09818650264762603,0.10301087778569784
0,g77,0.26055720103069735,0.20198919067389898
0,g78,0.1454644149631918,0.1584835236541634
1,g80,0.8328801528237252,0.9152985629123108
0,g81,0.13456395318639383,0.14299922342053778
0,g82,0.43848048922203314,0.31501297263493494
0,g83,0.3306353746286531,0.2019991583162356
0,g84,0.20845854679914053,0.19478792464602857
0,g85,0.3647145257557531,0.22518241651340493
1,g86,0.7549752752417808,0.8929309349435449
0,g87,0.372758073120902,0.23472464794151793
1,g88,0.18833880935692437,0.7330711548426687
0,g89,0.0874594786820028,0.07711664109605357
0,g90,0.1268233505054891,0.11893427710611199
0,g92,0.17680393177619333,0.13028281696922048
0,g95,0.12356311480149895,0.10285296767679732
0,g96,0.11856382143516873,0.13738248622149699
0,g97,0.07189041376078244,0.07751154001900121
0,g98,0.06339850151355117,0.07182812832903397
0,g102,0.07053238683269203,0.08360204995699855
0,g104,0.17299884722071845,0.12825662115887038
0,g105,0.12426955090593403,0.09770381310865724
0,g107,0.07991277870346171,0.08420201682718996
0,g108,0.2791345500846111,0.22884460915541616
0,g109,0.14259394359998187,0.10722350592840128
0,g110,0.06876563387859903,0.0792825197234168
0,g111,0.20717720174653495,0.21669008109529628
0,g112,0.10151347580070258,0.10321816220877085
0,g113,0.046939007258751886,0.06148491991321854
0,g115,0.282683501318595,0.23778197941895282
0,g116,0.5409739637727188,0.31062681148034604
0,g117,0.4310088966077444,0.32552797637413755
1,g118,0.635954126696222,0.8817793818316714
0,g119,0.14816526144105518,0.14028221978796734
0,g120,0.1324965232345569,0.12176979610800844
0,g121,0.1070936076326015,0.11355214301545316
0,g124,0.14535630927879295,0.14192649363692714
0,g125,0.16566628279744292,0.1274794897678697
0,g126,0.1994969366828214,0.13683022303795886
0,g128,0.09903765606018324,0.1173614463140327
0,g130,0.7706236844551346,0.3938558393690924
1,g131,0.6219999030856265,0.8748254321946154
0,g132,0.31113283229190747,0.17514686702555707
1,g133,0.4151637080876404,0.8085918454834292
0,g134,0.24731544094992625,0.24210803180263923
0,g136,0.049547773390551025,0.05613439378106082
0,g137,0.10664135615235576,0.10916606156424814
1,g138,0.8107507059670402,0.9093974037065116
0,g139,0.2688729319082751,0.188265773683632
0,g141,0.04712158543335726,0.046469952308752026
0,g142,0.12837436033935146,0.12696463840510758
0,g144,0.1422946841130639,0.1284150348654131
1,g145,0.6034361744750609,0.8712698480418146
0,g146,0.14424702984208485,0.13480259623852514
0,g147,0.1058781603982178,0.10246684454576138
0,g148,0.11543631667858543,0.09898921342126671
0,g149,0.10166141981731068,0.10877635903585085
0,g150,0.14174364371259435,0.11169339170307949
0,g151,0.09939245121742744,0.107337174985469
0,g152,0.09211977793296366,0.10191627609722391
0,g153,0.26455890931381315,0.18047182127967432
0,g154,0.09416019737067714,0.08350349400693914
0,g155,0.06971678183941393,0.06729473691090401
0,g156,0.15297612512736206,0.13948966756219033
0,g157,0.06826006764988644,0.09934301069391295
0,g158,0.08179251680027703,0.09206375564670896
0,g159,0.15563303889492594,0.1374567996962335
1,g160,0.23828048560468468,0.7958236161893966
0,g161,0.2528577397952824,0.16858333068959488
0,g162,0.07904392111261635,0.09133741454695696
0,g163,0.12404987679171668,0.12377614592539783
0,g164,0.1534335179904113,0.12906254228340128
0,g165,0.47568294988631615,0.2318637563505503
0,g166,0.5411070749329407,0.2592540530368914
0,g167,0.10324568741613466,0.07987538405404962
0,g168,0.1726111184439004,0.14500356511029674
0,g169,0.09233982102008072,0.09812801225786015
0,g170,0.13953200863536466,0.13196821901153888
0,g171,0.026706657765789534,0.032057315929849915
0,g172,0.22612753113763456,0.15572878929525263
0,g173,0.0954386807416962,0.10315663016282443
0,g174,0.14484858851169916,0.12235758917303274
0,g175,0.07990892584902794,0.08752652350110655
0,g176,0.28239681584739945,0.18096051356190493
0,g177,0.07938199559108375,0.05838899860791438
0,g178,0.06983698407444668,0.06983452465430998
0,g179,0.315367906916593,0.23514529952772692
0,g180,0.187552137323501,0.18813500809128844
0,g181,0.12457787937069209,0.10265280963511073
0,g182,0.09345247920114615,0.11113194289014669
1,g183,0.377534657274951,0.7987614119971792
0,g184,0.1817388889713953,0.15142019821225647
0,g185,0.05075319347585687,0.05573458081976318
0,g186,0.058508030512934746,0.05592926243787779
0,g187,0.15214900989156924,0.14244356058151614
1,g188,0.44027507896573015,0.8573011396020083
1,g189,0.2244141740626371,0.7836604668915125
0,g190,0.16284659006109173,0.10452767376973518
0,g191,0.06696109274539977,0.0762029644318668
0,g192,0.08663810210703762,0.0901441333556483
1,g193,0.35129233711727087,0.7951646057311594
0,g194,0.03798596770858239,0.05967723244912777
0,g197,0.2649736837488963,0.15729197855395952
0,g198,0.05882400018617713,0.07285306094965459
0,g200,0.07932259366562287,0.09434874425445776
0,g201,0.5432451924817885,0.2511458805434761
0,g202,0.06495460866560095,0.07258602655821349
0,g203,0.14170910317398747,0.1277224376034644
0,g204,0.3601028378648314,0.1993856656785384
0,g205,0.0660853713592845,0.07730015913444618
0,g206,0.2858581202476521,0.16164368256362124
0,g207,0.10962892967281267,0.09550083547525273
0,g210,0.25648165708359677,0.19648543918295
0,g211,0.128277798725548,0.1085243121392767
0,g212,0.1779191008377731,0.14302622921443905
0,g213,0.47742742893126344,0.31713565756031387
0,g214,0.0357790202749119,0.043433157132183396
0,g215,0.059723197321310886,0.08288838643530062
0,g216,0.19077061961689987,0.16323954170885616
0,g217,0.19066922859354368,0.1354214026729691
0,g218,0.12981274731649634,0.12015724296090471
0,g220,0.09233957708461503,0.08048606699684488
0,g223,0.13702130551761452,0.13357112723747427
1,g224,0.287975260010266,0.7854519455545497
0,g225,0.3888955687101653,0.21744188782772178
0,g226,0.12652991587109583,0.08989635651424822
0,g227,0.20816417548284344,0.18567655436644082
1,g228,0.6313438112201403,0.8509679881649901
0,g229,0.09723707591409773,0.10256646908529411
0,g230,0.4678109477609198,0.2287507333361352
0,g231,0.18373954555375258,0.14151505249573637
0,g232,0.12664645862827095,0.1159698436454143
0,g233,0.054437845153548894,0.05939190004059907
0,g234,0.15913669677336384,0.14603303741204082
0,g235,0.09983004049896295,0.09978614406967194
1,g236,0.48991392350899976,0.8348011715970507
0,g237,0.22394332213315257,0.15230649970419824
0,g238,0.09728474890925881,0.08777301552166983
0,g239,0.04962476763305246,0.0755334170700603
0,g240,0.18415175781005372,0.1291456012755092
0,g241,0.0477529145377049,0.06114027898301682
1,g242,0.25611952490061757,0.7425332526107955
0,g243,0.10471168328508648,0.11473160381705692
0,g244,0.2755648338446902,0.18817970858057612
0,g245,0.1829106235158663,0.12975053759120786
0,g246,0.13574902655026605,0.10158009513271976
0,g247,0.05758968369943257,0.06586048991838338
0,g248,0.26083748931209755,0.21375351437408993
0,g249,0.28479136127911403,0.1866508575234839
0,g251,0.1495911637072269,0.1250138813567724
0,g253,0.1386724662652719,0.0997871660644467
0,g254,0.09406853850672169,0.09918963916933045
1,g255,0.6222868225456364,0.8670072008392966
1,g256,0.22971450134184715,0.7978267140642312
0,g257,0.1308171081151813,0.11364931596212581
0,g259,0.12567664495731667,0.13246765037286193
0,g260,0.06453524836556433,0.08413758034468607
0,g261,0.09634753045595117,0.10035953194316534
0,g262,0.14346167643404234,0.10133879110811764
0,g263,0.0899202039846153,0.06930049900059994
0,g264,0.09197238062450312,0.1114935616825138
0,g265,0.09570325918221702,0.09298050976963491
0,g266,0.06521141503073528,0.08182915644342868
0,g267,0.181410307852056,0.1313410186885339
0,g268,0.4424981333269042,0.23912759601673633
0,g269,0.05037673420483944,0.05705284130232878
0,g270,0.1389323318179211,0.14418187667578705
0,g272,0.06195578789031635,0.05611899964444517
0,g273,0.0917685001884978,0.10208665878155086
0,g274,0.41528036844428473,0.25533294217631636
0,g275,0.6401389278355357,0.3416300144010368
1,g276,0.7557112181289102,0.8879935400410979
0,g277,0.3927238678079223,0.2376794253543492
0,g280,0.35144368246339414,0.20578505406966074
0,g282,0.18113169044540867,0.12920872109468623
0,g283,0.07133987674333953,0.07089333636394249
0,g284,0.1295031718692126,0.1150569427463752
0,g286,0.17742641103268475,0.16865310099480052
1,g287,0.4991540460770345,0.8560359836713686
0,g288,0.5793405876879174,0.2732343452013501
0,g290,0.3208269562135976,0.2405212715182251
1,g293,0.16268166290673083,0.7555705049950494
0,g294,0.3433489013807729,0.1882785107879548
0,g295,0.5379149197181419,0.35033666427043564
0,g296,0.24446238684353505,0.15409456415787343
0,g297,0.17768693556044812,0.1477571029782493
0,g298,0.10996320962499788,0.09482258887667817
0,g299,0.08285568546160028,0.08534359371328971
0,g300,0.25470347708263225,0.20104206333768454
1,g301,0.74379314602706,0.8825557271149165
0,g302,0.7563024206985269,0.3962815633005758
1,g303,0.12473366497710042,0.7857753347195297
0,g305,0.11127605228456167,0.09726164463002962
0,g306,0.460123295902792,0.32214437181827255
0,g307,0.2616091292973896,0.15788363490413285
1,g308,0.27973245287207144,0.7348538044015887
0,g309,0.44960794726522074,0.272881126570287
0,g311,0.12404195081000549,0.14185781831427832
0,g312,0.2786114961768544,0.20958756041593674
0,g313,0.6373086491824244,0.4431674675787149
1,g314,0.2382837562705428,0.5989082722505213
0,g315,0.1511275351617024,0.13942200667596588
0,g316,0.2312831698347895,0.14951523808582196
0,g317,0.16830772731250854,0.1249227425906867
0,g318,0.12883111012392917,0.10511697944240711
0,g319,0.14351990390423436,0.10595469667575877
0,g320,0.2915339273231601,0.1815469323765732
1,g321,0.8593603993886682,0.9066262414033405
0,g323,0.32221114095695297,0.20003051521646958
0,g324,0.6717709234315614,0.43204102581937176
0,g325,0.11398760370585775,0.11298330703654713
0,g326,0.06588572096021843,0.06910693191248007
0,g327,0.060698751994098646,0.07578769958926425
0,g328,0.5452229276725622,0.2750757779836526
0,g329,0.43782922111375994,0.26033012828030666
0,g330,0.06443152488017494,0.08761225132606813
0,g332,0.2614422135195341,0.19275525455398987
0,g333,0.14623802398384897,0.1678003185773318
0,g334,0.08463802313818576,0.09080589397285128
0,g336,0.13310938705894504,0.12961067058021086
0,g337,0.30882030385825554,0.2003931264522508
0,g338,0.14817109314143917,0.1141562573347612
0,g339,0.2367051868526201,0.1536501628487396
0,g340,0.1707898144871072,0.163653577892765
0,g341,0.11356935572459893,0.1314952193335997
1,g343,0.6345263449000883,0.8661617641372628
0,g344,0.19046581171217056,0.13531631855677909
0,g345,0.20521558284573269,0.1360099915239102
0,g346,0.22271826103867437,0.1564390489771547
0,g347,0.26642820369291126,0.1981992430296449
0,g348,0.09021461584247872,0.0792596122766135
0,g349,0.10215347252208416,0.09823129743779023
0,g350,0.10169032661702081,0.08179267020105405
1,g351,0.1949906528218138,0.7288358979545358
0,g352,0.26750809246767915,0.18805382499150733
0,g353,0.4574547570413772,0.23536566696021907
0,g354,0.055622221232640386,0.06711113770734646
0,g355,0.31398613104737305,0.17450617988008052
1,g356,0.3794801967578343,0.7741908407342017
0,g358,0.30574366695613014,0.221841727404386
1,g359,0.6135172556054004,0.7398858343222043
1,g360,0.43642528715849505,0.7598164430307992
1,g361,0.25420427957444475,0.811950669627806
0,g362,0.2596548230123327,0.19518988054928735
0,g363,0.6099751137865006,0.44429652104299094
0,g364,0.30456209438259146,0.17877388613720535
0,g365,0.12407914040385189,0.12127499122988189
0,g366,0.16939960874180995,0.1617410152075731
1,g367,0.17273477257813888,0.74810074866634
1,g368,0.5046985373486095,0.8553806116726868
0,g369,0.37921843593334836,0.3205495734755832
1,g370,0.19072973799494924,0.45702927578928243
0,g371,0.15785973095360814,0.1355505954233779
1,g372,0.21635289780602304,0.7909974709916964
0,g373,0.15555776115428263,0.12282212541462642
1,g374,0.6777669508244487,0.8518725451424742
0,g375,0.21136768132136313,0.1765311172113814
1,g376,0.5355554934035653,0.8458116833851376
0,g378,0.46129340502674954,0.28128060654311854
1,g379,0.2652437597893292,0.8048844612481855
0,g381,0.8002231454747663,0.37036307942685937
0,g382,0.42218203648858366,0.24509713131518002
0,g384,0.16614138026068964,0.1521716084905562
0,g385,0.10137979939273517,0.0935822327885574
0,g387,0.10097220709274372,0.07987077312096409
1,g388,0.4459275052570229,0.8020814929704614
1,g389,0.6188744798299693,0.8294769974316221
0,g390,0.2132346053724301,0.15592522610664455
0,g391,0.17669497770299344,0.15605874941266543
1,g392,0.4705176620896265,0.8572994842668082
0,g393,0.17587512227837804,0.1460629765977501
1,g394,0.76460106682425,0.872926441716088
0,g396,0.44383564253468166,0.23914749923968512
0,g397,0.0998376229161787,0.09274871735188436
0,g398,0.38244630743177943,0.30030745141123233
1,g399,0.127974665625376,0.7667864732877367
1,g400,0.622974613466448,0.8739604668470752
1,g401,0.6046526028356508,0.8588934755126735
0,g402,0.160783282197206,0.18844744405118302
0,g404,0.07620026014071256,0.07259050222404297
0,g405,0.16786408262508942,0.13868897963489857
0,g406,0.25783128118900567,0.16643359352459713
0,g407,0.14225499532763425,0.154748651401744
1,g408,0.7259418569126654,0.8619963600838231
0,g410,0.4039166557527369,0.2107947842574687
0,g411,0.7695781263966268,0.39611048614787997
0,g413,0.4096558504030848,0.2186240345648142
0,g414,0.4441448321391812,0.3239763229200295
1,g415,0.19724534959432816,0.7103512586601288
1,g416,0.5279419049321267,0.7077499262028736
0,g417,0.12355045471466226,0.0992956716333443
0,g418,0.26273330242568765,0.2110552869377886
0,g419,0.22080350686606015,0.16131247635854665
0,g420,0.2675840227377599,0.20438843467594814
0,g421,0.05283410711252412,0.059216171430490454
0,g422,0.24304091891574897,0.20232413361853813
0,g423,0.1933235628584887,0.1600385056078215
0,g424,0.10821756449710489,0.09436660541971265
0,g425,0.13960361378405636,0.12358231664377652
0,g426,0.057789160813623584,0.05835704695383106
1,g427,0.45313528900317557,0.816072713573045
0,g428,0.41677065277456826,0.24274964095125762
0,g429,0.3119425059587233,0.241124886759076
0,g430,0.11406501898480738,0.1380327244954729
0,g431,0.5612501483121061,0.35622038754581337
0,g432,0.12425962817965719,0.11292721401717465
0,g434,0.25162951389105226,0.22918218015425734
0,g435,0.3005054178135643,0.24393802635839748
0,g437,0.07988056031813305,0.07997133897418716
0,g438,0.26838716293072695,0.17186499793554189
0,g439,0.3108082049976011,0.18553567101224003
0,g440,0.11837863678393688,0.11608574395272038
1,g441,0.5201696598824553,0.860822899135137
0,g443,0.12557743445748043,0.15125988985594344
1,g445,0.3296471276747809,0.7816214474324907
1,g446,0.5783050858573411,0.8535719137884301
0,g447,0.08456009398881428,0.09681063804462063
0,g448,0.13284487224199423,0.1343689344495284
0,g449,0.16039387600653618,0.14948901375336993
1,g450,0.5931239586108132,0.8527910999068745
0,g451,0.028795481775972565,0.04151507240127979
0,g452,0.16161317859046467,0.12358821350801373
0,g454,0.15426491105504364,0.11587406732205753
0,g455,0.3025315646961781,0.2285524713210727
0,g456,0.38561592638188524,0.2410737141799557
0,g457,0.19820344887359637,0.14515625331572615
1,g458,0.5607749941887042,0.8430636450154243
0,g459,0.15038183719709597,0.11772126680505798
1,g460,0.6353999246056898,0.8719129875543835
1,g461,0.2886245308541002,0.7802920286249395
0,g462,0.27454902973670975,0.18948611685049335
0,g463,0.13826641394105385,0.12779809454644434
0,g464,0.30378936085766306,0.17655925409315815
0,g465,0.5941931530928786,0.3167551480633314
0,g466,0.3430912789953375,0.22999279209244522
1,g468,0.7445836861168382,0.8732899409314736
0,g470,0.12649501174176322,0.10209983456579513
0,g471,0.1434287121398969,0.11968272825136439
0,g472,0.22756932885621775,0.17812796303232856
0,g473,0.15418028021739966,0.13361268231681966
1,g475,0.37048029691578277,0.8488750217414124
0,g476,0.09965592411301871,0.11576047894038058
0,g477,0.08566892648911834,0.0976105452892245
0,g478,0.2365888298417178,0.1471021254633241
0,g479,0.4899667638137316,0.23797704704609893
0,g480,0.3842942427887004,0.25107911989459586
0,g481,0.4385043965460394,0.2791221046636432
0,g482,0.22398136000717786,0.15940825590378754
0,g483,0.27498213783613473,0.16029116229932353
0,g484,0.3298752840584751,0.18483398272359944
0,g486,0.09199872905402666,0.08510288864334821
0,g487,0.16630635702885185,0.15982372267999922
0,g488,0.3977826210794901,0.2074605630590786
1,g489,0.120460805901252,0.7256007506221567
0,g490,0.19798461305795198,0.1460877338760435
0,g491,0.3747646568259439,0.23404777350817765
1,g492,0.6937153044563407,0.8343124967539121
0,g493,0.14589569934203203,0.14560929134460746
0,g494,0.48519855414792046,0.24709640150011364
0,g495,0.4343793472102646,0.20836999580238164
1,g496,0.522278663619475,0.799736997018347
1,g498,0.33623370053446494,0.7931159872061334
0,g500,0.2821950561026095,0.21974958831399918
0,g502,0.09961830754889064,0.0947651557996874
0,g503,0.13136572393869167,0.11707320482166632
0,g504,0.11491346993779888,0.1247152678492509
0,g505,0.12191640027747434,0.10335452350632117
1,g506,0.28844526677965193,0.7126905178064149
0,g507,0.14361042571421845,0.1468072072710459
0,g508,0.11151254329194384,0.10372401786767133
1,g509,0.5400901041147015,0.8483773759093305
0,g510,0.30671376936160966,0.18633674683457987
1,g511,0.7224215441386767,0.8991411770590371
0,g512,0.3742750211671409,0.2050746802914097
0,g513,0.19476038055213868,0.1463072495233907
0,g515,0.6069139587678999,0.3120434319046683
1,g516,0.22767955230467238,0.7150792479388342
0,g517,0.29946188044576977,0.18780383662707947
1,g518,0.4953158856775431,0.8419500859018845
0,g519,0.032981730677103555,0.03950033172385574
0,g520,0.24364007223328,0.16534934985615407
0,g521,0.3981967082281584,0.2103984089154478
0,g522,0.5860188180687292,0.2960343410518375
0,g523,0.2986668481151372,0.20178106281328528
0,g524,0.2518149405848135,0.15857790495451118
0,g525,0.24112456689720607,0.223292527903477
1,g526,0.5647806763731071,0.8217325914875512
0,g528,0.49049999566828933,0.25477062029345915
0,g529,0.2330075502326015,0.18999369893012352
1,g530,0.5320030140387194,0.8622558030508266
1,g531,0.6380934649726251,0.8550109399530942
0,g532,0.2853626599824243,0.19521229189193384
0,g533,0.11368794572971612,0.12130825418282414
0,g534,0.7039525176739974,0.36147111709298024
0,g535,0.36561753870464997,0.23095975151422546
1,g536,0.07123188507951575,0.4898597243428337
0,g537,0.19138408160276071,0.1940719135049107
0,g538,0.1007647940429557,0.09853385368462836
0,g539,0.24418784963381654,0.23254511083751467
1,g540,0.24156269305507833,0.8097179369298296
0,g542,0.10536019762689994,0.0915096740854061
1,g543,0.6144325488742083,0.8500959488490184
1,g544,0.5654833711661625,0.843621514949269
0,g545,0.13431256603326955,0.12185815702296239
0,g546,0.1190941265917213,0.1355393031426144
0,g547,0.42480264004646867,0.2254988365942657
0,g548,0.20896151086600767,0.15133011815353606
0,g549,0.06779407433841787,0.07566093749155776
1,g550,0.07632555247256202,0.6246158107502335
0,g551,0.10077395931382255,0.09784924343402526
0,g552,0.25699744529658125,0.2082580431664961
0,g554,0.28427274259679597,0.1790078261384941
0,g555,0.36737326168211853,0.21215977057516835
1,g556,0.5746854850954057,0.8596296940182984
1,g557,0.2507552356572459,0.7940109482942737
0,g558,0.4304619068168807,0.24052761810122872
0,g559,0.21840194251477826,0.15562741049245332
1,g561,0.6909454723988451,0.8548050695730728
1,g562,0.4249031939869676,0.7740623912493688
0,g563,0.10114005317359265,0.10783858681700023
0,g564,0.23031447752921907,0.1801290995056056
0,g565,0.2728197222573169,0.17701628268251576
0,g566,0.1880333027824232,0.13538081812937153
1,g567,0.2836214158065351,0.7404366456517943
0,g568,0.2659582676955193,0.20224837810105364
1,g569,0.6823477589627819,0.8873615312986026
0,g570,0.8536084377322779,0.46946236170996464
0,g571,0.1806279721158956,0.14342655577867358
0,g572,0.30362601265832595,0.18565291904807757
1,g573,0.3973283227092448,0.5560604474444644
0,g574,0.4909425963320982,0.2811044894894221
0,g575,0.09464433807090959,0.09310192856150781
0,g576,0.7664312594005285,0.36856814261493764
1,g577,0.3602774083677212,0.7915094783045892
0,g578,0.07821614549978305,0.11177013135143661
1,g579,0.26348720571461104,0.7526729807254269
0,g580,0.1435191648086278,0.13077768345368165
0,g581,0.5619003145987942,0.3517897565954071
1,g583,0.23550083118736864,0.802518397763052
1,g584,0.6456659145792865,0.8091662838406632
0,g585,0.20749932814035468,0.1682748243056384
1,g586,0.7793540460352769,0.8793172739082407
1,g587,0.1313090472758385,0.75017645014198
0,g588,0.28878413059004127,0.17856265721495773
0,g589,0.3368535792505436,0.2436580707518017
0,g590,0.3111753618485063,0.189898539430159
0,g591,0.1673605038103091,0.13990112040585134
1,g592,0.63902823028267,0.860606398277497
0,g593,0.3233313826842267,0.17205162844998295
1,g595,0.21147234449688074,0.7574781482952944
1,g597,0.6092889612283281,0.8695915221401604
0,g598,0.028734595022134365,0.03565349536654895
0,g599,0.48210211854934637,0.24498470568974434
1,g600,0.7778988547682556,0.9080246552328484
0,g601,0.1605889941523967,0.14386473339902034
0,g603,0.17389063129600954,0.12771082704151626
1,g604,0.39407693771754715,0.7964662594404862
0,g605,0.7121490722324366,0.3938946292765862
0,g606,0.21688659816156047,0.14903722900644592
0,g607,0.14680326682015502,0.15492668515677607
0,g609,0.11694094434098341,0.11345865268703245
0,g610,0.20226002178199665,0.1679458644412189
0,g611,0.13141194063439401,0.14998466992257892
0,g613,0.1472562742089975,0.13415071400774478
0,g614,0.0688899209882337,0.08910123089927738
0,g615,0.12400687300205047,0.10793346749621754
0,g616,0.0676277849716488,0.05771448999652743
1,g617,0.28907445450420355,0.6453049567490295
0,g618,0.4886742035026646,0.3009122170561438
0,g619,0.606876336536261,0.29331315726744117
0,g623,0.1729489505446133,0.12415987323969707
0,g624,0.49021076663897456,0.33518255846263195
1,g627,0.4838452731996087,0.8251828843115636
0,g628,0.412835351750869,0.2542551598279162
0,g629,0.29205208842700686,0.1661395476769476
0,g630,0.4322385559203509,0.25126199552015904
0,g631,0.48152564322488706,0.25859474078429306
1,g632,0.15233056126694738,0.7344557298242729
0,g633,0.24690079061225392,0.1808187059942183
0,g634,0.0753697218171938,0.09065310667505659
0,g635,0.05336455456612937,0.06285889008482634
1,g636,0.597508779697752,0.8576822615370752
0,g637,0.2063369816686415,0.1480099561996174
0,g638,0.1014372966755353,0.08764982789048027
0,g639,0.09246577167663983,0.08440067368643128
0,g640,0.5601127254009429,0.336787526768095
0,g641,0.27315965740427683,0.17232117006533781
0,g642,0.3879402053016304,0.20888301626234174
0,g643,0.046920378918463006,0.0471472973761644
0,g644,0.45701022554732507,0.2440340326752764
0,g645,0.5312123685139101,0.29970325175722395
0,g647,0.5420813052576068,0.32166812348776147
1,g649,0.7224122671143468,0.8816801199733668
1,g650,0.7592712703465407,0.8740594333599172
0,g651,0.11610079467914403,0.14204028821851758
0,g652,0.19427038282688328,0.1542448016568642
0,g653,0.715617076467735,0.40149224494548663
0,g654,0.10609406169640749,0.11806289134906293
0,g655,0.12421683457386486,0.11990427988531584
0,g656,0.21761182663487957,0.19165066086541113
0,g657,0.09584274504283068,0.08956909526241806
0,g658,0.14387081709144292,0.10793596414273005
0,g659,0.8128738703528692,0.44205641355342706
0,g660,0.28888441676671767,0.2945832143053168
0,g661,0.10411602981238055,0.09205843950839543
0,g662,0.2601558070907567,0.20135575429796335
1,g663,0.5754838697218714,0.8000225993063582
0,g664,0.4893471763516153,0.3643803349982842
1,g666,0.5168693983230841,0.8143206762627861
1,g669,0.8065894926648475,0.9046252129472262
0,g671,0.4328454147430174,0.24347638512149833
0,g672,0.269252477111777,0.1967477854178149
0,g673,0.20659715467008993,0.15985400426927251
0,g674,0.3425399597849725,0.2785556167180039
0,g675,0.10589825019139446,0.10327776617883247
1,g676,0.19755407162035546,0.5575760421983005
0,g677,0.5710216201128481,0.3018542900242861
0,g680,0.4965703871375727,0.2808895431522975
0,g681,0.7971932678195823,0.43185828615072847
1,g682,0.4056464384255077,0.806273104181389
0,g683,0.45169894014590867,0.24784858140228955
0,g684,0.27771650768891243,0.2148344043565279
1,g685,0.7154479887784376,0.8770568364863087
0,g687,0.29580615459246484,0.20165157064567987
1,g688,0.3980812389434491,0.838849890522523
0,g689,0.10619294526617462,0.09928826708566107
0,g690,0.5395215720766128,0.2929425029823934
0,g691,0.690991310842398,0.33143568955068314
0,g692,0.1244418759884141,0.10975543316493025
0,g694,0.47365719771287473,0.229295726411272
0,g696,0.1581799296387852,0.13406361018145654
0,g698,0.33300128927465583,0.2412208201457706
0,g699,0.23319690315775352,0.16155863448039295
0,g700,0.1954514061851954,0.19840416358449905
1,g702,0.38726348436977065,0.833762867653875
0,g703,0.16536211972061046,0.16076155055131483
0,g704,0.04660702719970452,0.055130964725193625
0,g705,0.13555771096038446,0.1354652828950278
1,g706,0.6191642281687063,0.8820387999859025
0,g707,0.047328753254523744,0.05784776240904382
0,g708,0.09124293189672301,0.09612490315119421
0,g709,0.21839920436035684,0.18621503379776427
0,g710,0.37994610711527227,0.240260271965254
1,g711,0.6602875308529532,0.8698440145467691
0,g712,0.07764625645351565,0.08689172697829411
0,g713,0.07044545741162606,0.1058403592985489
0,g714,0.1981280848510225,0.17741516007109123
0,g715,0.43348459055179633,0.25230275900947574
0,g716,0.10940002717226568,0.1058675584406412
0,g717,0.169546789234462,0.1429403632823919
0,g718,0.07705246571518325,0.09963234224419368
1,g719,0.7503525208510985,0.8734227717832966
0,g721,0.24913107141772817,0.20039618600337772
0,g722,0.16456635064282918,0.1824637914059945
0,g723,0.16601456665328557,0.13205416164737888
0,g725,0.04049349381096268,0.04848611425408758
1,g726,0.5553702738070866,0.8489487890120634
0,g727,0.09206277947520933,0.07226240363108594
1,g728,0.3115712085838309,0.7613432258019828
0,g729,0.15520544488549468,0.12757867160189498
0,g731,0.1042452587856888,0.11613226055890452
1,g732,0.813007846110052,0.9119030199229945
1,g733,0.08775514141407222,0.56794735300375
0,g734,0.21200611490672813,0.15211965284487083
1,g735,0.37943651432769465,0.8124451765892896
0,g736,0.22375142948409257,0.149548694061723
1,g737,0.42993841204021616,0.8275209744897757
0,g738,0.11328984687851444,0.11221241644658651
1,g739,0.560067334188065,0.8249041584751025
0,g741,0.0918121899602461,0.07907034102763258
0,g742,0.16095193878799932,0.13234792464237738
1,g743,0.4921008695711894,0.8581373637319345
1,g745,0.7478148606018994,0.8905626435103515
0,g746,0.10455980689662553,0.10859511066619262
0,g747,0.0511207828136188,0.06033911920630905
1,g748,0.7424199207805924,0.870108582788747
0,g749,0.06773145590528971,0.08054863744860731
1,g750,0.7974279284031419,0.9075374458757679
0,g751,0.09432938748440485,0.07494005830313985
0,g753,0.1318736991672114,0.09588901976855016
0,g754,0.4272027944248711,0.23552488119841145
0,g755,0.4944612586209564,0.2583965720156764
1,g757,0.3248272020594941,0.6206651700417325
0,g759,0.11030936801977627,0.09811129064451989
0,g760,0.06232861475844953,0.06866355384396143
1,g761,0.8019564685684248,0.9130447729805835
0,g762,0.5125071128465708,0.33752455762295036
1,g763,0.6880959143794705,0.8677936728204935
0,g764,0.7562767354166203,0.39188752613024835
1,g765,0.6390613874704875,0.8395576025218472
0,g766,0.16447287140469877,0.12571171407527507
0,g767,0.0730895447224175,0.09662359314199634
0,g768,0.12350994182012962,0.13701846573013865
0,g769,0.6307384405151655,0.3801294141487464
0,g770,0.11595704246549027,0.12063675801085288
0,g771,0.24158684016833362,0.19240798885970342
1,g772,0.650347926829177,0.8632022539750641
0,g773,0.4532726313359337,0.331213337320804
0,g775,0.16730594296473159,0.12940133089173347
1,g776,0.6700084798917477,0.848820741313722
0,g778,0.22750810311330302,0.18005749554229236
0,g779,0.08581738314091118,0.0918539685848248
0,g780,0.2287114808055047,0.21814349247356973
0,g781,0.29427655031484623,0.21883533840405925
1,g782,0.2152722482252619,0.7488358061869743
1,g784,0.6238348085549194,0.8536891388038407
0,g785,0.2934132362319701,0.22254884210376036
0,g786,0.24390320245654118,0.15442249558508583
0,g787,0.6625954218196689,0.3078961891804966
0,g788,0.33936271759210007,0.21478022677379846
0,g789,0.07060572522438865,0.08968027156308504
0,g790,0.39764069952956393,0.20110287661375068
1,g791,0.48937731376192106,0.8406622210804559
0,g792,0.129269686782522,0.10823710970278405
0,g793,0.3534555075457387,0.1914920852988808
1,g794,0.8855120737128251,0.9163778535913726
0,g795,0.164724548313775,0.13834505534135197
0,g797,0.41861527882496186,0.23381280626932763
0,g798,0.13735499982941257,0.12523403028503222
0,g799,0.7413261958086744,0.3656461528765621
0,g801,0.1704542762921115,0.15259453995256989
0,g802,0.14211977233692677,0.1458214106137413
0,g803,0.49741634002081925,0.23023464678595779
1,g804,0.5373087065873102,0.8118781310286989
0,g805,0.27839189519746826,0.20444212726301694
0,g806,0.22726095561887058,0.1652276022003394
1,g808,0.7754909346416604,0.8864652622809135
0,g809,0.0785904725269243,0.09827056108828305
0,g811,0.18426704491186155,0.1341769393397496
0,g812,0.2493192999560843,0.21258572394437933
0,g813,0.19051110703868435,0.13610995933465694
1,g814,0.23769629290308739,0.7428878365547844
0,g815,0.1539833524640773,0.14237906600297104
0,g816,0.10299615970333832,0.1132112051146304
0,g817,0.11057296343026492,0.11258495837074063
0,g818,0.28210189833092586,0.20744356301395997
1,g819,0.5636354762680166,0.8264606335933427
0,g820,0.12304665285028846,0.11160827247507783
1,g821,0.8757234066575451,0.9268388571237417
0,g822,0.4482837026444315,0.26026759512182057
0,g823,0.297867439490493,0.1973428576749104
0,g824,0.08141644394261117,0.10321403366638177
0,g825,0.3817902257680595,0.23671968861981918
0,g826,0.06496264276622066,0.06377755219888209
1,g829,0.6253028269599286,0.8749006752994396
0,g830,0.24058876007718116,0.17480610820153855
1,g831,0.3912856538523935,0.7389418706253192
0,g832,0.2080901420070091,0.23608890799219612
0,g833,0.14785986794448724,0.13238666743600944
1,g834,0.6431997761866919,0.845826516445097
1,g835,0.3280690180391912,0.7114661218954974
1,g836,0.24905713897069734,0.8021021900316366
0,g837,0.19440864220850998,0.17800322297229762
0,g838,0.17434154518125355,0.1313156583021753
0,g839,0.25948613296859374,0.16325566319144294
0,g840,0.10410814263697632,0.10187140364713404
0,g841,0.16618400890438276,0.17009348384322093
0,g842,0.4728425405054921,0.24422751322036876
0,g843,0.6719389002387967,0.3363646025983011
0,g844,0.5421696430062539,0.3604650820616768
0,g846,0.2877963247089111,0.20695918715987344
0,g847,0.12778229055148196,0.10387295259553962
0,g848,0.06998680757604733,0.0712072171156072
0,g850,0.13169882338385427,0.11845807819711848
0,g851,0.04956503304414595,0.06272012940583897
1,g852,0.7513401715836078,0.8894241845107508
0,g853,0.3043584739669524,0.1812516813430497
1,g854,0.5480256402920178,0.851237748787666
0,g856,0.05752812495022647,0.07295651614514966
0,g857,0.13774844567307884,0.11761152781541306
0,g858,0.6021431160686395,0.2790525114046605
0,g859,0.1058448225567946,0.11780320401946956
0,g860,0.17430415577550598,0.13754683675695845
0,g861,0.34226485850205285,0.20719705692582957
0,g864,0.12456862351757873,0.1174038974462912
0,g865,0.32515573155832,0.22255807374001285
1,g866,0.5552708922115325,0.8482939443930593
0,g867,0.13348598885313162,0.1319278761083722
0,g868,0.1258936751067947,0.19178946882737827
0,g869,0.06679122534229738,0.09994224726924975
0,g870,0.1705507465459306,0.13327576392522852
1,g871,0.45877363338680016,0.7912548449915617
0,g872,0.39543110261025427,0.25913198376569224
1,g874,0.7737429469704871,0.8981489161875923
0,g875,0.14182495798491318,0.11099146825970906
1,g876,0.40279933991646966,0.652275882916194
1,g877,0.6593503050153507,0.8826115578861379
0,g878,0.06035048691126332,0.08280444100178884
0,g880,0.1833533248692864,0.15038679198047178
0,g882,0.5163484305345678,0.2806785452388825
1,g883,0.5706523184731931,0.8070851805251522
0,g884,0.15200386122245596,0.13552185804924238
1,g885,0.4931390523303788,0.8535016884820449
0,g886,0.09028832772894306,0.10066040642102199
1,g887,0.6579986494378702,0.8650193535372788
0,g888,0.05639889583434845,0.06359065159080343
0,g889,0.0692945270914625,0.0558302703907233
1,g890,0.8596523726010111,0.9073250523876443
0,g891,0.17265305021540767,0.1276367204520212
1,g892,0.3935537426567403,0.8098534229660944
0,g893,0.32979039240203234,0.20711059872404528
0,g894,0.030735545972229793,0.03464127296329093
1,g895,0.5057248513028636,0.8583583484157062
0,g896,0.1849871494745787,0.14561700651501047
1,g898,0.6968813687690971,0.8788309272986725
0,g899,0.08298981688337256,0.09235036900235367
1,g900,0.688478217193851,0.8747459781826075
1,g901,0.7402849690502036,0.882322582934218
1,g902,0.5281306150891957,0.779586958967915
0,g904,0.6743484559914149,0.29212481838076904
0,g905,0.28686052227836284,0.2083970913870975
1,g906,0.7783675848743903,0.8833418589314707
0,g907,0.11707314727855682,0.10044707544652924
1,g908,0.373781385752841,0.8092224324014786
0,g909,0.08712965854699335,0.11944045392675992
0,g910,0.1399354296012379,0.12062539362077618
1,g911,0.4929386052594319,0.8382911640915706
0,g912,0.4263674937848732,0.28752056782947105
0,g913,0.1548291616950422,0.13734859546192504
1,g914,0.5581696373706068,0.8630514852548424
1,g915,0.25563895413787147,0.7123669279898474
0,g916,0.6338986669305372,0.36747413602310286
0,g917,0.25722784656511116,0.15840839150259603
0,g918,0.2907699592805379,0.21233381125379014
0,g920,0.11421193170221396,0.09252311915859361
1,g921,0.4637008708790814,0.69480906880565
0,g922,0.38024503233616846,0.22710314259485131
0,g923,0.7936755736461202,0.37949917707134984
0,g924,0.3421098014449453,0.19730267470923268
0,g925,0.40036673970525366,0.25792884750054834
0,g927,0.42346579423793607,0.2737393025228102
0,g928,0.12375429204852026,0.10947890120042704
0,g929,0.48116996526654476,0.3092931311686907
0,g930,0.42409016790974047,0.2641989983477201
1,g931,0.4446703584217435,0.83816567642718
0,g932,0.2991493748214025,0.21825903205202138
0,g933,0.12900767118121975,0.10779983484472899
0,g936,0.20769365567715867,0.1426060323429286
0,g939,0.33617540040316274,0.21526510922632963
0,g941,0.14973402314062137,0.1278961951841035
1,g942,0.32382436200076015,0.7335943868923499
0,g943,0.12523138343637824,0.11873243724608967
0,g944,0.0977816461795348,0.08643344502621439
1,g945,0.3131162821771498,0.8117649953003406
1,g946,0.6662775946382377,0.8462423714040036
0,g947,0.07393207292267895,0.08648336385223367
0,g948,0.08466863288493295,0.09499032776638752
0,g949,0.0764040152751481,0.0693022356050755
0,g950,0.17417736598996295,0.1430166974371123
0,g951,0.2866834007509379,0.21838721174124015
0,g952,0.13719588645042832,0.13437836381541995
0,g953,0.08437111962510349,0.09281365650765225
0,g954,0.1293829924060261,0.12940619264214312
0,g955,0.12583752202848414,0.11485405881670814
1,g956,0.6076387521726018,0.8518512197401992
0,g957,0.1612916166937905,0.12603474828076244
0,g960,0.09831375005242991,0.10210848173048115
0,g961,0.06444326107443103,0.07004095518512493
0,g962,0.10576884403924931,0.11401800870877321
0,g963,0.3201500612460224,0.2881134647000008
0,g964,0.17466804787694437,0.15266496801930593
0,g966,0.0812192874744172,0.08447309615475079
0,g967,0.45241924821579066,0.2284331690071121
0,g968,0.3539208578547197,0.22357478487114496
0,g970,0.12011989347329005,0.11499854045998707
1,g972,0.5264996292253438,0.8511395944965356
0,g973,0.15986939881324216,0.1059023166008342
0,g974,0.27794113261312553,0.16299866156486906
0,g975,0.36783377051097127,0.2596295755473938
0,g979,0.47152981182960624,0.3202141221372397
0,g980,0.2531392876265955,0.18826209036540945
1,g981,0.5185765153341432,0.8275926679619421
0,g982,0.47545186670765743,0.2577162745955919
0,g983,0.3177904595107013,0.1972754597922821
0,g984,0.3719842427574692,0.23878423416763347
0,g985,0.30327982147524357,0.20138677587120454
0,g986,0.14109150411990878,0.13234062534440688
0,g987,0.31549508436355517,0.18894655933281118
1,g988,0.47458989271885454,0.8381623849092101
0,g990,0.12463999264913163,0.12299876531719338
0,g991,0.24566825794660335,0.1776735190902856
0,g992,0.13746152217114416,0.1522585315028868
0,g993,0.15940577053948934,0.10848803192765803
0,g994,0.14417850755270717,0.1400376340289103
1,g995,0.5567042824063809,0.8434533204597617
0,g996,0.06429257555194057,0.06575791503084395
0,g998,0.12412659205737168,0.09690962386863872
0,g1000,0.3189312164472616,0.19904695221749938
0,g1002,0.41585193432189677,0.2617647602440057
0,g1003,0.5009243531565197,0.2999950610976949
0,g1005,0.31572159406514977,0.20441801539383334
0,g1007,0.1005377252528008,0.1346001920841176
0,g1008,0.172214424118817,0.1396677965024276
0,g1009,0.39827921309677583,0.24728820267818502
0,g1010,0.13362742844649017,0.11507911840964222
0,g1011,0.17022611785272712,0.13858861469252123
0,g1012,0.18333214439803205,0.18395694463084625
0,g1014,0.16375645259978322,0.13728732055852455
0,g1015,0.06127399453495422,0.06878901071814472
0,g1016,0.08235832059302313,0.08500195157230285
0,g1017,0.13692650462953715,0.13914134740801767
0,g1018,0.14581155828653597,0.12230589687408353
0,g1019,0.34821754694693247,0.19550397432590766
0,g1020,0.3644291245749139,0.20461451723940707
0,g1022,0.07864002168057116,0.09539866834360981
1,g1023,0.5359261899557715,0.8561689690015667
0,g1024,0.48912074187141813,0.2990879640364627
0,g1025,0.16048548026493098,0.11202087918462852
0,g1026,0.13708136432153684,0.11877228323833663
0,g1027,0.06029256540686073,0.08375287449618231
1,g1028,0.5343874483970066,0.8211386751601828
0,g1029,0.41295310754597764,0.20941660289199018
0,g1030,0.2399088375269474,0.17291859604954735
1,g1031,0.6812010802386712,0.867709040256472
0,g1032,0.040100249818215083,0.039683458065990315
0,g1033,0.16675771580139534,0.13262407235325582
0,g1034,0.42251328838464036,0.2686443204199343
0,g1037,0.1597515683851241,0.11909848103268804
1,g1038,0.4268069265260134,0.8151452015201768
0,g1039,0.47140682689571417,0.23845454692755566
0,g1040,0.2363336898850193,0.19287306406683152
0,g1041,0.08682210883016253,0.09265921383126126
1,g1042,0.4730184978431317,0.8567338042153054
0,g1043,0.10920754692604717,0.13294815880505745
0,g1045,0.4227181915723807,0.2113427998233841
1,g1046,0.7983114324158228,0.9153900295683317
1,g1048,0.3672763780101336,0.673545850964909
0,g1049,0.6238308821225195,0.3344185475360705
0,g1050,0.13796114347484326,0.11748813428835615
0,g1051,0.43103771929055174,0.22129451610374412
0,g1052,0.12491793751315772,0.12556764986387964
0,g1053,0.1056583900803779,0.10782617685511842
0,g1054,0.4397233633798011,0.2319645038375086
0,g1055,0.2209083424700506,0.1853174889745032
1,g1056,0.7720967141520397,0.900927718627369
0,g1057,0.16965184285078522,0.1464105832759371
0,g1058,0.4582057489377995,0.2463752676837015
0,g1059,0.18617608277821993,0.13425251422250442
0,g1060,0.22146942120600696,0.20401521009648577
1,g1061,0.37094776173091304,0.8397806989040283
1,g1062,0.2679581200456845,0.697986046020782
0,g1063,0.07425608279741981,0.09664965579969122
0,g1065,0.41728840115203736,0.22686730109573783
1,g1067,0.7059626419710262,0.8738693886634932
1,g1069,0.2285081303175434,0.7342847126164542
0,g1070,0.032529779372714,0.042521267912532426
0,g1071,0.2044961733178757,0.15582685794099563
0,g1072,0.41745309642328166,0.2554010069399686
1,g1073,0.644879591403056,0.8826445734805652
1,g1074,0.8296726873249638,0.9097535524255553
0,g1075,0.0832022368326134,0.07549575734675683
0,g1076,0.25162217901155437,0.1822633520289236
0,g1077,0.3533758195407442,0.2324468860469462
1,g1079,0.6488560700854779,0.8557507646464354
0,g1080,0.3605602783512542,0.2102686963653459
0,g1081,0.15441053274823507,0.14926897318841661
0,g1082,0.09149358125972448,0.10714726452626201
0,g1083,0.1172577508442925,0.12163108103863148
0,g1084,0.30103167442383844,0.19854693944151336
0,g1085,0.061084808607420264,0.06371387468993742
0,g1088,0.13051124347243892,0.1337122383073528
0,g1089,0.43561385108786743,0.2520326813397742
0,g1090,0.3180545948204095,0.1881375565475313
1,g1091,0.47370521478167765,0.8342844010006872
0,g1093,0.28772024970074545,0.19526693135868747
0,g1094,0.14401730097094761,0.13606189831740076
0,g1095,0.29698240288820227,0.2034006911175608
0,g1096,0.19262062967673824,0.1827162080866274
1,g1097,0.7199914208946282,0.85655656408506
0,g1098,0.3047107943148374,0.19632971012398293
0,g1099,0.07194952335287255,0.06675626854833049
0,g1101,0.28220752585284725,0.21646087518189372
0,g1102,0.13682552528104064,0.14932339288267196
1,g1103,0.666493376942029,0.8611281697462747
0,g1104,0.22092936489199766,0.183965451530761
0,g1105,0.2907528318911353,0.17972238469446494
1,g1106,0.6972428846314918,0.8683724229905869
1,g1107,0.7829174930064241,0.909875985607593
0,g1108,0.31344896883666357,0.20011748312393404
0,g1109,0.05743313431669397,0.06494465194786952
1,g1110,0.32664449612771707,0.7862959211981516
0,g1111,0.12234311825293595,0.12202859189929442
0,g1112,0.17875615610877565,0.13899858587234523
0,g1113,0.07330672699098803,0.07220167738674783
0,g1114,0.2925345994561482,0.18378471881920244
1,g1115,0.6594113755697568,0.8613539668183536
0,g1116,0.26622127020914355,0.15979982193594272
0,g1117,0.2447920837614944,0.16330749043894896
0,g1118,0.29360427063940436,0.265783001353616
0,g1119,0.25259687912861467,0.20362338333357974
1,g1120,0.4987494532423815,0.8416292197839578
0,g1121,0.35065589744740794,0.22607226418043486
0,g1122,0.267871380086389,0.17833191307989354
0,g1123,0.1424197848071862,0.13481473631246166
1,g1124,0.4993583473351768,0.8359192685531682
1,g1125,0.7052189722478214,0.8581109829220879
0,g1126,0.12936605023813558,0.1301102098605975
0,g1128,0.1419236648946455,0.13691481944931297
1,g1129,0.38413341702571385,0.7235681619861647
0,g1131,0.2745979890118778,0.19208547886597563
0,g1132,0.21476926932033313,0.2614484445758251
0,g1133,0.1419226059727014,0.13114719314760007
1,g1134,0.4475352407112994,0.7484723003584876
0,g1135,0.1744880133464453,0.15594013846496507
0,g1136,0.252760305905933,0.18737188819704317
0,g1137,0.12901364886556863,0.11665198923538155
0,g1138,0.16362628138306862,0.16086667248041162
1,g1139,0.6305491880551035,0.826100447529616
0,g1141,0.17459539834265128,0.13130725241912108
1,g1142,0.7603165985950195,0.8993402165295619
0,g1143,0.2921803634813869,0.19489402299521513
0,g1144,0.04919309367383082,0.053206690201338246
0,g1145,0.26423046239028,0.19054183601313315
1,g1146,0.7164882557735768,0.8795987371518819
0,g1147,0.11586294188720841,0.13043564870974506
0,g1148,0.23572606207250493,0.1707370209819991
0,g1149,0.5184082118048309,0.2683984983181638
0,g1151,0.2625965233390136,0.18615318156067265
0,g1152,0.07396233992311739,0.08267631684630898
0,g1154,0.2799001584599538,0.17685104013655
0,g1155,0.22752852216564307,0.18546330570814998
0,g1156,0.5281167933850418,0.24516667105533665
0,g1157,0.25457493024016314,0.1936537677146395
0,g1158,0.03166694838006575,0.0410414310299428
0,g1159,0.47008093314072924,0.25116787759653686
0,g1160,0.1825138933825267,0.15171573362587165
0,g1161,0.1127556328264047,0.10566332808578721
0,g1162,0.10078304025619934,0.12179538270382124
0,g1163,0.16814137122936224,0.13768880324096322
0,g1164,0.3614877771019897,0.2233527017654751
0,g1165,0.06893617259778172,0.11066757036165928
1,g1166,0.31451514879258374,0.8368125485027822
0,g1167,0.05721046987378462,0.059013006040172664
0,g1168,0.3248100334010861,0.2050209291049033
1,g1169,0.5956224421435776,0.8731576093867952
1,g1170,0.3085981597362457,0.8015511839998272
0,g1171,0.7952414730017586,0.4327405500845022
0,g1172,0.23036277577501482,0.1940308464198087
0,g1173,0.8300755814488279,0.4045127691888477
0,g1174,0.23017517333277984,0.15119342626115548
0,g1176,0.3088851931229742,0.1787193551402447
0,g1177,0.10686414559470757,0.12366328517317038
0,g1178,0.08253129115262771,0.10624061724885839
0,g1180,0.20000089701970777,0.1402555927635782
0,g1181,0.1331093187205264,0.12084803346395649
0,g1182,0.11343862859852746,0.09935784448028054
0,g1183,0.4370962742743158,0.22838125575475332
0,g1184,0.3339580930061087,0.24318157161151072
0,g1185,0.3029307807915703,0.1884812505216791
0,g1186,0.7173284749224229,0.30993668796835416
0,g1187,0.14488291611168308,0.1132960430247788
0,g1188,0.10809946093722327,0.0866208663101909
0,g1189,0.2719460849707009,0.17132520741351137
1,g1190,0.3784625827969904,0.784747807669026
1,g1191,0.4509121359784959,0.8192529527457536
0,g1192,0.1471394787440532,0.11765433345625222
0,g1193,0.6110354319239654,0.32860128674488637
0,g1195,0.09537166270895778,0.09094676579097158
1,g1196,0.18222820057001493,0.7772435133353143
0,g1197,0.25144712572780753,0.16180780796050837
0,g1200,0.2766991791818248,0.19241755498955238
0,g1202,0.10835278664593424,0.1066762984960384
1,g1203,0.18063486600281217,0.8098772732813933
0,g1204,0.20665493759191336,0.1749257836614466
1,g1205,0.40967700825043274,0.8293052758044369
0,g1206,0.24700060551916958,0.15213653856517387
0,g1207,0.2533608286541299,0.15419108878040313
1,g1208,0.329404086946952,0.782713239738928
0,g1209,0.4148386616230961,0.21033421907052913
0,g1210,0.16438391677889785,0.12909644722799968
1,g1211,0.4405289257132402,0.7623424186381607
0,g1212,0.05081733600768709,0.07032819104755439
0,g1213,0.35466559633754025,0.2641783943329912
0,g1214,0.27980592784120506,0.2246158514244694
0,g1215,0.10676836304224122,0.09148950996961429
0,g1216,0.24419107646538477,0.18365025228170173
0,g1217,0.13368650309414434,0.13744597512637183
0,g1218,0.4048646233754483,0.23220676918994734
0,g1219,0.039823794606999564,0.044616044561460115
0,g1220,0.3494773987309496,0.20443465300493
0,g1221,0.1287808547834955,0.1302069268711185
0,g1222,0.12150777127907639,0.10652646778180785
0,g1223,0.056449836066150456,0.061216074828784404
0,g1224,0.16697357226311757,0.13256734517247135
0,g1225,0.2839394886379256,0.19955943978767376
1,g1226,0.7140646125711742,0.8467861233939887
0,g1228,0.07219757262032254,0.08116546063800081
0,g1229,0.14740116580059942,0.1068290622172577
0,g1230,0.1581037587951298,0.11554353982098849
0,g1231,0.6669908618668162,0.3224692043051945
0,g1232,0.10873555742996671,0.09647757239581271
0,g1234,0.06818148594031363,0.08967627818199615
0,g1235,0.5942009618466638,0.33287140970029827
0,g1237,0.17732762450635392,0.13062339211834278
0,g1238,0.43046289810761945,0.2759752142791509
0,g1239,0.14328575880657418,0.13114264686450336
0,g1240,0.17282705907349039,0.14574069234217968
1,g1241,0.20812262642745658,0.6853147160987347
0,g1242,0.1436023140130779,0.14934775385943314
1,g1243,0.26465334074435426,0.8301291842255707
0,g1244,0.3483262549835889,0.22293843837982605
0,g1245,0.06784555579560883,0.08284718237092223
1,g1247,0.8213722040475331,0.9002921171956599
0,g1248,0.11904195549704256,0.11178873490464009
0,g1249,0.6305497067235528,0.32851252037792933
0,g1250,0.18734259884580637,0.14545699395098044
0,g1251,0.31856445939744793,0.18135167100329463
0,g1252,0.3027957360507939,0.22981169044406796
0,g1253,0.14733543391623447,0.15458192792604825
0,g1254,0.14949659729489562,0.1644239614431002
0,g1255,0.048015822937249236,0.05283663171022283
1,g1256,0.6603932347160487,0.8823392187784269
0,g1257,0.09880119137659825,0.09129975132713654
0,g1258,0.2813009222148449,0.2268999867080843
0,g1259,0.20168819201861196,0.15210236401264182
0,g1261,0.12126296511713106,0.0952913088317356
0,g1262,0.6445507790805144,0.31732759872064137
0,g1263,0.3839601744331508,0.21780752590291497
0,g1264,0.18236528373046368,0.16646607161467494
0,g1265,0.08247395557201324,0.07172310121783967
0,g1266,0.7577337950642937,0.3575111156465257
1,g1267,0.14492777526499115,0.7240796157019408
0,g1268,0.7284158721067288,0.34305054519974965
1,g1269,0.5968867695965336,0.8547514354191134
0,g1270,0.1078400829972811,0.09177605256779948
0,g1271,0.15580928210387876,0.15103630761444414
0,g1272,0.1484639835618416,0.14769574416924217
0,g1273,0.24489938843689799,0.15457154611378154
0,g1274,0.14372350836350442,0.11623743287481553
0,g2,0.8850056718940745,0.4483760148313041
0,g3,0.2081511507860804,0.14285261092148058
0,g4,0.5026232546186332,0.27953239431637517
1,g5,0.34652222269841515,0.7999501920202661
1,g7,0.37191132893653317,0.7926847865796023
0,g8,0.2326485917356006,0.16140246165558084
0,g10,0.17471867362978324,0.1345573977356324
0,g13,0.12268104169046959,0.09288973819438096
1,g15,0.49777760981325936,0.8472258964275208
0,g16,0.1592315616394279,0.1206794745121107
0,g17,0.06486444727505017,0.056691146261170375
0,g18,0.24829909973169184,0.21000618659508954
0,g19,0.4579943652217291,0.2720076029783737
0,g20,0.17256636358625288,0.131635725794907
0,g21,0.06496913643465542,0.06677907489323863
0,g23,0.2899785075583838,0.19229067946353967
0,g25,0.3361927546175067,0.1878419371993673
0,g26,0.039431707168464857,0.05306532495308799
0,g27,0.22422033677386516,0.19583591546324616
0,g30,0.5079340652639938,0.27525048245634565
0,g31,0.11521965285914991,0.10242999955005905
0,g33,0.08982778309229528,0.08936033054315062
0,g38,0.46885570336304216,0.2369536781226175
0,g40,0.21075940088844813,0.15231302458513457
0,g41,0.09504360719520508,0.0929461355788092
0,g43,0.215653610343672,0.15952675935162755
0,g45,0.33241611984457026,0.17571663549948127
0,g47,0.659783998421283,0.3292250859438036
0,g49,0.23279027919210046,0.19257450415239447
0,g50,0.10486613490330275,0.0936336695329402
0,g51,0.1531501205066386,0.13565230818135313
0,g53,0.3448022229975032,0.24055235388176527
0,g54,0.3232942209435643,0.24751235539668553
0,g57,0.06698945598415033,0.07603065378185049
0,g58,0.2392798990096876,0.15084573356929545
0,g59,0.09885694860706423,0.08759169011311074
1,g60,0.8592309891897373,0.9108536042977855
0,g61,0.6877489664599714,0.3169548648841479
1,g62,0.6609751355560082,0.8551358829876743
1,g63,0.5592485035335109,0.8511624190780389
1,g64,0.1791892845652608,0.7615667322472027
0,g65,0.1591974630791818,0.1463699776290798
0,g66,0.0966351924725786,0.09174786852803722
0,g71,0.23283272769281688,0.1713176996901449
0,g73,0.6186936604563571,0.33918448388783373
1,g75,0.1041587433098862,0.7049943683328157
0,g77,0.2608344821046714,0.20472761212265012
0,g78,0.13846646831753373,0.1422037677709218
0,g79,0.14174444717105256,0.14511993471400964
1,g80,0.8478487723557286,0.8998931186731651
0,g81,0.1320574404511741,0.14475541565269065
0,g82,0.4333916469297686,0.26599392110492653
0,g83,0.3189489891921345,0.21153334064549584
0,g84,0.1715040370011195,0.1745196070821392
0,g85,0.38155269982305007,0.23108151079301756
1,g86,0.7610231123330676,0.8586512477691685
0,g87,0.3582422099989297,0.20072748335380297
1,g88,0.17973178414665802,0.5552539846552756
0,g89,0.09088874977543639,0.0816965871243811
0,g90,0.13537382633894993,0.12739257930386838
0,g95,0.12947063818381951,0.11038559356423157
0,g97,0.07091112594067184,0.08158121965523886
0,g98,0.06677428573758354,0.07507182094798102
0,g100,0.13071882710402394,0.11554569990690534
0,g102,0.059172531212926545,0.0645401867648029
0,g103,0.13477684372405832,0.11438426457890094
0,g104,0.1718999951252258,0.12372398146787227
0,g105,0.12310618513621774,0.10536747710975533
0,g109,0.14697536611971035,0.12416269636687047
0,g110,0.0637302811754138,0.08941440647666234
0,g111,0.20550620453643006,0.21656437997784883
0,g112,0.09681629689012763,0.10202270505923876
0,g113,0.046370901255382874,0.058520241462396115
0,g116,0.5360440898536167,0.3085788923254464
1,g118,0.6344235425248707,0.8777762449533172
0,g119,0.14531848422306565,0.13514197834757488
0,g120,0.12157382333678007,0.11263322185346734
0,g121,0.09520447031923825,0.10276549944636118
0,g125,0.16660239445901687,0.12586719472363617
0,g126,0.1983237108916417,0.1322101316362209
0,g128,0.09420891406419413,0.11911049455075814
0,g129,0.0761226490987091,0.09156265075967097
0,g130,0.8017188935648688,0.43255795056359236
1,g131,0.628914586715973,0.8783315987677578
0,g132,0.29067786306463417,0.17030319264752133
1,g133,0.40454709469673183,0.8105233289515921
0,g135,0.1690479818782325,0.15305995436695347
0,g136,0.05010028874082796,0.054601078052991525
0,g137,0.09985123085112886,0.09985117108220891
1,g138,0.8107050712469948,0.903937796690052
0,g139,0.27078312737902316,0.18402997400387283
0,g141,0.044151859111034746,0.046808914722473505
0,g144,0.14985369483385994,0.1310911333433894
1,g145,0.5680727624940027,0.8596413527271654
0,g147,0.1035919617283439,0.10075532606316269
0,g148,0.10892531214897666,0.11047851302764782
0,g150,0.14747745340071647,0.11674641850597418
0,g151,0.08606714731943466,0.09681730515941532
0,g152,0.089588293153403,0.09873957688337552
0,g153,0.27804187807914904,0.1928001370480593
0,g154,0.10791464905448803,0.10204754189781998
0,g155,0.06857616506643491,0.07120490711868178
0,g157,0.06489730004981652,0.09274117524493278
0,g158,0.06916535085504848,0.0761600322012132
0,g159,0.13782215398522712,0.1139356963867994
1,g160,0.2524250898885088,0.8260075421632416
0,g161,0.27212107425258936,0.17492796874508929
0,g162,0.0731068553181093,0.08504959326819574
0,g163,0.12550385591045957,0.13019174494687716
0,g164,0.16522168681942576,0.14196246127747197
0,g165,0.4890158589019942,0.2514768146600749
0,g166,0.5087231591487461,0.2688242148458275
0,g167,0.10689868625342401,0.07905185022444543
0,g170,0.135896275586538,0.12721031572904534
0,g171,0.02511127850607068,0.03038102756292746
0,g172,0.2216172047303127,0.1474928781019151
0,g173,0.09215028643600474,0.10746344747622928
0,g174,0.1436262500935859,0.13190352258401017
0,g175,0.08740520959757597,0.09333693202001503
0,g176,0.28575490860421376,0.2036281844520717
0,g177,0.08521413892971771,0.06887427565344947
0,g178,0.07149258524107124,0.08283336633969698
0,g179,0.32948232709985903,0.20767372432853679
0,g181,0.11484494585598357,0.0905298559905447
1,g183,0.371299287976652,0.7947928516341661
0,g184,0.17975859928232757,0.14733652626198326
0,g185,0.04548634017178307,0.05218727776329551
0,g186,0.06252281468713572,0.053876148112251526
0,g187,0.12057210633755497,0.10805075786460627
1,g188,0.4347867309751134,0.7803815729833213
1,g189,0.2368173095428243,0.801936321391357
0,g190,0.17171181346897763,0.12086014285081262
0,g192,0.0882553611991494,0.08932169630909927
1,g193,0.32093635825336086,0.7798820791608565
0,g194,0.04009411175029647,0.058157444617423684
0,g197,0.2643246716193722,0.17367606730369017
0,g198,0.06034253226325822,0.06289556056197386
0,g200,0.08322418323624377,0.09481782485476208
0,g201,0.5506196161460377,0.2275898071019344
0,g203,0.13971938966472391,0.11839983654662106
0,g204,0.36525032499723237,0.26006909612672807
0,g205,0.0651181045127012,0.08421787327965106
0,g206,0.2896848098542814,0.18324226140582467
0,g207,0.10561726810413612,0.09032532499121695
0,g208,0.20267684078117562,0.1656280792371131
0,g210,0.2550913004633416,0.16416495105579607
0,g211,0.13355291533922836,0.11014737056987818
0,g212,0.1625831495412015,0.13336004946342142
0,g213,0.48144139835611943,0.3213954201918506
0,g214,0.033112086326702046,0.04082853772280846
0,g216,0.19868295827610608,0.16548587702360046
0,g217,0.15056942917918717,0.11233161733249095
0,g220,0.08507768299999931,0.08171535290597018
0,g222,0.1580055881647567,0.15190261905570593
0,g223,0.12873790787557698,0.12677368543027276
1,g224,0.26708691427369324,0.7201344678559138
0,g225,0.3930510651929502,0.2124332522852684
0,g226,0.11375069608773135,0.08677237311504299
0,g227,0.20015415257142163,0.16298733660527046
1,g228,0.6421101590012874,0.8544926799269131
0,g229,0.09884219965795087,0.09379675307684682
0,g230,0.4615419073250538,0.2281184858348732
0,g231,0.185061682921464,0.1517142717192273
0,g232,0.11699004207878722,0.11823347596167523
0,g233,0.05409319880299303,0.062444964790126595
0,g234,0.15811539779965192,0.12497580024762739
1,g236,0.4952038772132588,0.8390279524383384
0,g237,0.2176159238477297,0.15298587489799903
0,g238,0.09419327593083145,0.08884895677501341
0,g239,0.04662023568459365,0.07151353776024909
0,g240,0.17802179663139242,0.13292367016990295
0,g241,0.04682278269650549,0.054626649372455705
1,g242,0.27169956715940646,0.7571061039395922
0,g244,0.26220388851216037,0.1899241763171989
0,g245,0.1798931034588898,0.127251919556044
0,g246,0.11733436915848505,0.10717324411171847
0,g247,0.05904585925599948,0.06543793774433751
0,g249,0.28461746241003133,0.1731890919491314
0,g250,0.04015579621073891,0.054908740211188245
0,g251,0.1371280328982548,0.12063985209090596
0,g252,0.36531761162337834,0.24639555597745402
0,g253,0.14388175012309726,0.09494567355882269
1,g255,0.6165685194524507,0.8556874552534998
1,g256,0.21594003739276998,0.7365982264590615
0,g257,0.131556756302669,0.11120070395592174
0,g262,0.13817024730498723,0.09711318409728201
0,g263,0.09700431886596406,0.07189749447316636
0,g265,0.09209766764357753,0.08924977313238303
0,g267,0.18733693232723406,0.1597774083050795
0,g268,0.4504695138783765,0.210866080348258
0,g269,0.05056256479884696,0.0639053453501516
0,g270,0.1422560651842458,0.14619935856681537
0,g271,0.21825183106683896,0.19093546275365453
0,g272,0.06420554132547936,0.0604204921483842
0,g273,0.09526366387378271,0.09887142465573583
0,g275,0.6444632973556879,0.3596183279639033
1,g276,0.7611120433383716,0.8829300987387173
0,g277,0.41188218645111857,0.2968476208029986
0,g280,0.3482666935725658,0.18092401382027096
0,g281,0.13688902359286173,0.14148920536771045
0,g282,0.21463670542718183,0.14686818242947272
0,g283,0.06637704443193351,0.06606598492099353
0,g284,0.13401166201325598,0.11616922674964042
0,g285,0.13914161229945707,0.13308251631843868
0,g286,0.17970694430099665,0.17163941217711232
1,g287,0.4982152400940134,0.8350025948649362
0,g288,0.5927054140352519,0.26577541433403645
1,g293,0.16419909206114566,0.7877304251765536
0,g294,0.3224107158696735,0.16967345911286746
0,g295,0.5585113834845425,0.36366549009463045
0,g297,0.16405564048684126,0.13167403412030698
0,g298,0.10815742836525656,0.08909001261455306
0,g299,0.09096964854325917,0.09597455132748568
0,g300,0.24407135928975088,0.196445423805231
1,g301,0.7291429907763174,0.8747244098352881
0,g302,0.7485254607373548,0.39939715966704725
1,g303,0.12518843020526169,0.768443017255503
1,g304,0.6558471274626735,0.7697512075014108
0,g306,0.4305048586492742,0.2638991392674595
0,g307,0.26914773893191757,0.15607855053378342
1,g308,0.2813978730160478,0.7444915124821189
0,g309,0.43282625005153547,0.24795013753692882
0,g311,0.12399506025757158,0.12137965387159455
0,g312,0.2791177957650834,0.21416693093504666
0,g313,0.6541225765307286,0.43048897762992744
0,g316,0.2240467392519715,0.14417176085371275
0,g317,0.18652609603794923,0.1391943496336292
0,g318,0.12725091650946374,0.12295367538464683
0,g319,0.1370218364905626,0.10425731453305805
0,g320,0.29561184984663674,0.18958351430557482
1,g321,0.8577208438305425,0.8959436269255926
0,g323,0.3077641370164527,0.22390835957017174
0,g325,0.10863879281282426,0.10332139504499983
0,g326,0.06629678057379726,0.07657779593532306
0,g327,0.060350830747097364,0.08094902861916278
0,g328,0.5143324178383375,0.26432901147591853
0,g332,0.2281791739783133,0.16854890464939612
0,g334,0.08053778952398014,0.08576701326285179
0,g336,0.14813911909949792,0.13602095901133796
0,g337,0.32026636569091593,0.20843286203663178
0,g338,0.17770884683922084,0.1352324977660656
0,g339,0.21789056310214727,0.15104637746279245
0,g340,0.17934222703863223,0.16475061368202143
1,g343,0.6563633603808399,0.8613437369512189
0,g344,0.1990633892933994,0.13893776664712276
0,g345,0.209327807923749,0.13324246372951004
0,g346,0.18433829476647465,0.13682013267003543
0,g348,0.0862788695334469,0.0702253744714085
0,g349,0.10066178021353014,0.09907227514180468
0,g350,0.11606685364414987,0.09876540188670117
1,g351,0.18800366417509695,0.6814750860768214
0,g352,0.27070628301052985,0.19658450708138903
0,g353,0.46969852545904917,0.25523811471054253
0,g354,0.05056231092873103,0.0628184451403366
0,g355,0.30430308921039234,0.16692014445244918
1,g356,0.36332228231962943,0.7850756330783787
0,g357,0.33159887684928796,0.2195294402360246
0,g358,0.2984808891471643,0.20202341931187612
1,g359,0.5847131711565459,0.8402014598595965
1,g360,0.44223949064648876,0.7639909052974648
1,g361,0.2391834267077186,0.7309843864215061
0,g363,0.5967716478844831,0.3062981179676302
0,g364,0.3073470806496125,0.17512470933055752
1,g367,0.1724537282125861,0.7618068020496713
1,g368,0.5066001715749984,0.8604645112371466
0,g369,0.39224948153597106,0.34033913937780447
0,g371,0.16447979467156654,0.13960653354441624
1,g372,0.22110636763950564,0.7756860416739239
0,g373,0.16322163243494017,0.13223617762631407
1,g374,0.6987797113124997,0.8756281415319739
0,g375,0.22389214234226062,0.17429774270173728
1,g376,0.5372125008495171,0.8515293416556677
0,g378,0.4696518827463833,0.23593123302950006
1,g379,0.25481456775570677,0.7847881696462177
0,g380,0.5060745734700726,0.3044976666434521
0,g381,0.8022778846575769,0.3615347573659925
0,g382,0.4002834774516485,0.2032361151989133
0,g383,0.2946674562317311,0.18482806148069844
0,g385,0.10866284855692616,0.09836055130170658
0,g386,0.049019623150506925,0.05455591219125813
0,g387,0.10423256505926255,0.08735585722652665
1,g388,0.4623821647669595,0.8118832541338692
1,g389,0.6187846414096316,0.8635324211179799
0,g390,0.21774669936733876,0.1537461573517886
0,g391,0.16975529662092065,0.15001605639624113
1,g392,0.4497149546966327,0.8249178941293345
0,g393,0.17072612017900116,0.14366237346716798
1,g394,0.7662955398877948,0.8960524276236982
0,g395,0.19344142349155774,0.17884184890694108
0,g396,0.44154508495465006,0.24634331735636922
0,g397,0.09642759346641747,0.09145060835806176
1,g400,0.6192540399336521,0.8733468587129742
1,g401,0.607725430734739,0.8694079042276268
0,g403,0.07897966374599018,0.10113813772736842
0,g404,0.08786356557322586,0.08209749715057733
0,g405,0.16740615555169194,0.13914706381222086
0,g406,0.26476270732432083,0.17339947570924955
1,g408,0.7151565677111796,0.8719581906115317
0,g409,0.12796542977400444,0.11148481154213151
0,g410,0.40107452460141446,0.20643240839251897
0,g411,0.744924633476389,0.3697622230390462
0,g412,0.32089225193304355,0.25474840178295943
1,g416,0.5658524204264742,0.8176807430777819
0,g417,0.11927104565781489,0.10467275002083941
0,g418,0.24933418008929786,0.21759142702109557
0,g419,0.210574431294021,0.1864443058550449
0,g420,0.24066848466257415,0.17523145337054027
0,g421,0.05335037419288285,0.05879564289875402
0,g424,0.10709878968609178,0.0926576676046148
0,g425,0.16021065308172164,0.15859498537614017
0,g426,0.055964413073807374,0.05207764235393966
1,g427,0.4566345732129523,0.8185996910389959
0,g428,0.4271642891331087,0.26586014487375165
0,g429,0.3017903943425383,0.2349557206390215
0,g430,0.11709266518303375,0.14322543724827383
0,g431,0.5686830157331362,0.2751784456172845
0,g432,0.11358802966210504,0.1306015078952509
0,g434,0.23749851998171576,0.21780499522708827
0,g435,0.27353138058916543,0.22026633961892786
0,g436,0.27855030207723674,0.20897491948823854
0,g437,0.0836799933867599,0.0779363067652124
0,g438,0.26335004105839344,0.171618871014506
0,g439,0.3156942146457913,0.19748380839669497
0,g440,0.1171005530993443,0.12488514058872371
1,g441,0.5235325581688207,0.8568441898299549
0,g442,0.05125527360809969,0.06710055234621304
0,g443,0.1229074114315876,0.14859511286721439
1,g445,0.33227800375175726,0.817514276044777
1,g446,0.5936056412410848,0.8674095691515594
0,g449,0.1556830069597401,0.14105085372946594
1,g450,0.586278506688922,0.8465110879586544
0,g451,0.027407658527140843,0.03871244241282093
0,g452,0.16058455920777354,0.11696095534791931
0,g454,0.1652454747355635,0.11749584688012873
0,g455,0.29363747101057586,0.21964048242072756
0,g456,0.4123158683409604,0.24320465196478658
0,g457,0.19225932193497272,0.1401510786610877
1,g458,0.5690008595854574,0.8599029332226952
0,g459,0.1605777752754105,0.12324926854201915
1,g460,0.6609999378855365,0.8792625947141424
1,g461,0.2988474825571103,0.7638820679749911
0,g462,0.2718074108109443,0.20754707772130884
0,g464,0.2762398780647163,0.18518034727425223
0,g465,0.6052734860176404,0.3223800860209501
0,g466,0.3504824750877142,0.19455436127809983
1,g468,0.742780410505161,0.8776308634462503
0,g470,0.13628052151011016,0.1101789662793113
0,g471,0.14306931652699986,0.12011741551438103
0,g472,0.23932317819973248,0.18629745709658113
0,g473,0.14501539227185659,0.1154565419902272
1,g475,0.37991189382762236,0.8295244747657651
0,g476,0.09577713974182937,0.08770451751417152
0,g478,0.24425012270041174,0.16373774605399635
0,g479,0.5282748181163117,0.2865057750251029
0,g481,0.43957336174351874,0.26521454514906995
0,g482,0.23708489899923477,0.1855024169214556
0,g483,0.2802905818317519,0.1645671807181169
0,g484,0.32186377824152473,0.17729121104663448
0,g486,0.0880360924252524,0.07683058235130266
0,g488,0.39372159359365416,0.20742875724614457
1,g489,0.11810167644518339,0.7284517611697202
0,g490,0.20639056611432555,0.15435071609677586
0,g491,0.3795279376311841,0.23885667896682378
0,g494,0.4917430448337648,0.2653097490671066
0,g495,0.4166217801892798,0.22817272122116994
1,g496,0.525716387672044,0.807248687710149
0,g497,0.10995208705195737,0.10584564291896502
1,g498,0.3415552256890796,0.8379135348101298
0,g502,0.10205477329012204,0.09843301541858367
0,g503,0.1310869158912953,0.11387950088128179
0,g504,0.1164619009068705,0.1316239191032667
1,g506,0.2946887994559784,0.7989332871292492
0,g507,0.14574136394796616,0.13501200789738285
0,g508,0.11017323706752645,0.09449129500515548
1,g509,0.5504512995498532,0.8531441541033308
0,g510,0.3027195172528931,0.18448200369018464
1,g511,0.7081727183662604,0.8886043915116866
1,g514,0.6320588624823901,0.7881515507619298
0,g515,0.5805239585659484,0.25287671107168336
1,g516,0.23465315328674416,0.7280307222456993
0,g517,0.316041219111376,0.23808210582568293
1,g518,0.5038453265191729,0.8320767196136415
0,g519,0.03750365257968761,0.04233445267791994
0,g520,0.23392834834964338,0.1611775059929644
0,g521,0.40756366589954224,0.228591611466329
0,g522,0.5864145170524054,0.3215307236144756
0,g523,0.3129458540110333,0.2589438974249826
0,g524,0.24092598747343147,0.15938021546810519
0,g525,0.23262698380700123,0.17050680517232772
1,g526,0.565989125996066,0.8215147530945782
0,g527,0.1522875349436106,0.16481541782611667
0,g528,0.4914398698677846,0.24154037395581202
0,g529,0.21119466891413188,0.1702213257233737
1,g530,0.5316271713645805,0.8454627064360538
1,g531,0.6496152576979667,0.8602397519656734
0,g532,0.2890773862948141,0.20046714818978256
0,g533,0.11471241415261307,0.12126476980324433
0,g534,0.6917181860860256,0.3230296815667595
0,g535,0.36312820924189987,0.22880735785355855
0,g537,0.16703605736843383,0.16399024002939044
0,g538,0.11058568063946968,0.11314399798196038
1,g540,0.2496623971981946,0.8003542855716188
1,g541,0.5291638820941743,0.7700734035555564
0,g542,0.10530898405895656,0.08649378987417927
1,g543,0.606155560372365,0.8496423979746168
1,g544,0.5489861661608794,0.8417983902515779
0,g545,0.14452686370174714,0.13429358694552052
0,g546,0.11384149866939845,0.12857423125976505
0,g547,0.4239418755971522,0.2866603109055452
0,g548,0.19882026338873388,0.14961053093826268
0,g549,0.06903285048739774,0.07926054392865145
1,g550,0.06718982854659807,0.7366019968588127
0,g551,0.12485349307993072,0.1398010004840686
0,g553,0.18333162171601083,0.1426507698903083
0,g554,0.290589606140809,0.2005518568479091
0,g555,0.3691332473547302,0.21647734664044982
1,g556,0.5462673067908055,0.8341218810823187
1,g557,0.24635820428058988,0.7231956384150349
0,g558,0.4222163674871686,0.22202720098649523
0,g559,0.21841430251367291,0.14264017320624595
1,g561,0.684307961345078,0.8554022412770085
1,g562,0.41605995980435234,0.7969382679738544
0,g563,0.10310502370127424,0.11053411662252852
0,g564,0.22287231665686066,0.1328993125809488
0,g565,0.2779155365425086,0.19103708537134625
0,g566,0.1890145930306217,0.13042474195277648
0,g568,0.25224655187991785,0.20712726750274907
1,g569,0.6748500954120014,0.870896130662037
0,g570,0.8422871912598642,0.47327333675826116
0,g571,0.18419824317600994,0.1305051696803852
0,g572,0.304323046431617,0.1672523787040093
0,g574,0.5061029074028363,0.3244693541923201
0,g575,0.0825621546006401,0.07839440233219182
0,g576,0.7586309562081076,0.37624715070396264
1,g577,0.33332993048894627,0.819691031914208
0,g578,0.07874943576437854,0.11094250656534835
1,g579,0.24399615040446324,0.791496292743995
0,g580,0.15169679129724029,0.1341273866131633
1,g583,0.24277235870569777,0.8007529508534682
1,g584,0.6472623021877872,0.8116284859856359
0,g585,0.2050911243330632,0.16744347233212342
1,g586,0.7833103073501729,0.8987795334781162
1,g587,0.12696484311255202,0.5538409220316998
0,g588,0.2787784259944451,0.17897519682153085
0,g590,0.2876471462323391,0.1877938751725969
0,g591,0.1621626341554525,0.13455274914011858
1,g592,0.6589688600503222,0.8790925075025525
0,g593,0.31588564044943296,0.17931398085250458
0,g594,0.1777368409161811,0.16282957264043016
1,g595,0.21234348115187987,0.7953467827456102
1,g597,0.6169120981621907,0.8594841338240167
0,g598,0.027994705431103238,0.037189499115733216
0,g599,0.4732543629171719,0.24124168105206228
1,g600,0.7797824397371541,0.8986101015675099
0,g601,0.15783348386240026,0.1367517602874869
0,g603,0.1695385498145399,0.13450196009016388
1,g604,0.4023114146141884,0.8105176111470006
0,g605,0.7197150539332008,0.36738193280332865
0,g606,0.20047901581047234,0.13557612612769102
0,g607,0.16593988551684802,0.16343394312332032
0,g609,0.11328872891857923,0.11269590524710471
0,g610,0.19559607435103463,0.1574770392045932
0,g613,0.1584428562917768,0.1420561003329024
0,g616,0.06431068629930425,0.05769887951473856
1,g617,0.276758232012117,0.7871108829685677
0,g618,0.4985252762729582,0.31308590050141377
0,g619,0.6093280934950202,0.3205019614984428
1,g621,0.7398129419368334,0.8267553150818009
0,g623,0.170263523064775,0.11053002313851218
0,g624,0.4777945178650483,0.3025032288955726
0,g625,0.28701039779157733,0.24822414164331924
1,g627,0.49856541573761576,0.8575258914182993
0,g628,0.407637013200505,0.2501601936596483
0,g629,0.2979576513610301,0.180661697166159
0,g630,0.4463793250392532,0.24750475298114435
0,g631,0.4735948345440799,0.25595378131723606
1,g632,0.1602638511278869,0.7761414708955111
0,g633,0.22419428994299873,0.16558685556931804
0,g634,0.07537410546588487,0.08110652520995099
0,g635,0.05370400406213605,0.06448932229322978
1,g636,0.6121963879366632,0.8240035567320875
0,g637,0.20209026770711003,0.15916475963179447
0,g639,0.09243168681238288,0.08173314426207226
0,g640,0.5567969317917776,0.281344526465749
0,g641,0.2321587192975721,0.14471702261987443
0,g642,0.40027643375122923,0.22027143125268575
0,g643,0.039906988738083356,0.04059583595873925
0,g645,0.573140832049544,0.3263027397611288
0,g647,0.5453899667893963,0.2719588818259583
0,g648,0.162309386581127,0.10818763910464102
1,g649,0.7281022542174955,0.90830254365724
1,g650,0.7517503256897847,0.881776700329919
0,g651,0.13161984331175175,0.16405801311791623
0,g652,0.2007044021659179,0.16375292422959026
0,g653,0.7196178724654496,0.4062541144289714
0,g655,0.11956002718073841,0.11390245031629938
0,g656,0.2207972462958738,0.19556398466535618
0,g657,0.0881395564908314,0.07554778582088947
0,g658,0.1448800298725472,0.13186947887800426
0,g659,0.7906686040359159,0.42144897985462876
0,g661,0.10826746410442618,0.10030959940828421
0,g662,0.25080743075090106,0.20937721671212978
1,g663,0.5641990319007409,0.8707705494848166
0,g664,0.47417868372757893,0.30009668514438187
0,g665,0.129667874341132,0.12473979414620602
1,g666,0.5262600722127981,0.8195558248580729
0,g667,0.0925881229120897,0.11248869667550047
1,g669,0.8320408107052877,0.8976009701411247
0,g671,0.4423521989037471,0.25342001976369244
0,g672,0.2683936014587066,0.21997789684926727
0,g673,0.2021798609923088,0.15719549472431776
0,g675,0.10472381325271515,0.10555710073803218
0,g677,0.5665484097980608,0.3182400799974685
0,g678,0.1688247746927215,0.13402135575416016
0,g679,0.14937147624280186,0.12345871794460814
0,g681,0.796689288344116,0.4008924290031425
1,g682,0.3983418552253085,0.8231652793776087
0,g683,0.4475707309738122,0.26535845126687946
0,g684,0.28885125594484995,0.23638414592096574
1,g685,0.7212765555278328,0.8615084296806214
0,g687,0.3129375886042003,0.20178154361246628
1,g688,0.3908786740286083,0.8189570163312957
0,g689,0.09776009879520287,0.09600655103677552
0,g690,0.5432496978077266,0.2503897713534047
0,g691,0.691272612572497,0.31041649291161505
0,g692,0.1195241808673743,0.10225431208509658
0,g694,0.46666771296435694,0.23540820344354962
0,g695,0.2676336012502628,0.24359544508721215
0,g696,0.17599297873329967,0.14125604982536652
0,g698,0.3507923953866071,0.2622983178766651
0,g699,0.21696007123492153,0.15311444066688107
1,g702,0.3955797243386912,0.8231651928360643
0,g703,0.15358318170229246,0.1432403172430322
0,g704,0.0405473937477419,0.05087512200092236
1,g706,0.6250158423027828,0.8720747187280735
0,g707,0.04554323367395779,0.058972381124826036
0,g710,0.3821930842786689,0.19329080892266476
1,g711,0.667804048539491,0.8763154537835051
0,g714,0.19227857980725352,0.15899282283517535
0,g715,0.4445548515214765,0.25660313439110427
0,g717,0.16384386298479936,0.13755920337138572
0,g718,0.08183017552085259,0.10587187595054388
1,g719,0.7586109406224837,0.8991716465629878
1,g720,0.46340876628537486,0.8523948404150498
0,g721,0.25591389062883363,0.20570544323450365
0,g724,0.20872056164209374,0.17877826308476455
0,g725,0.03798643299366807,0.04463796335639868
1,g726,0.5574995546933328,0.8350188812180173
0,g727,0.08776950635267469,0.06466681160079796
1,g728,0.31897879138189705,0.6639725419059159
0,g729,0.15842707529736272,0.1288430727301495
0,g731,0.10496698972227206,0.10396231419910175
1,g732,0.8127416994698259,0.9131847641033345
1,g733,0.09099086463213549,0.7572660326912782
0,g734,0.2460125968737512,0.16829600855762528
1,g735,0.3814384462130756,0.8266355106687754
0,g736,0.2356426622378067,0.1809514773667913
1,g737,0.43534992440160836,0.8566916171994277
1,g739,0.5957521694959009,0.84724006467961
0,g740,0.30871035802839897,0.20080119542062083
0,g741,0.09011975116820023,0.07579526572472262
0,g742,0.159719279993051,0.13750412185370367
1,g743,0.49262018859984935,0.8243125958358848
1,g745,0.744515549874852,0.879682505729596
0,g746,0.1078938121255729,0.13322779150048653
1,g748,0.7437953380248452,0.9000121985888645
0,g749,0.06306292768861485,0.08261319928395842
0,g751,0.09604341730524199,0.0875913336584732
0,g753,0.13594272549474862,0.09434508542432417
0,g754,0.47113404906402684,0.27832472110896395
0,g755,0.4982446035501809,0.27213363862369305
0,g756,0.17781588193884637,0.16211274131018047
0,g758,0.11694001417133815,0.10142545710803481
0,g759,0.10889961180987094,0.10454227768089601
0,g760,0.05812333924092741,0.06150246378568082
1,g761,0.7744891133903608,0.8927680312393925
0,g762,0.5065833747801277,0.28926948833061705
1,g763,0.6819652914277499,0.8488932542645322
0,g764,0.7531842553078427,0.3665507717006295
1,g765,0.6870545158175427,0.8783152544518001
0,g766,0.1691690031601874,0.1521950564906304
0,g767,0.07674879980546549,0.09700150552955533
0,g769,0.6023070019380389,0.345535678487328
0,g770,0.12103055823616997,0.12117791455407904
0,g771,0.23912558247328508,0.17912526299500686
1,g772,0.6692114368479606,0.86486604321769
0,g773,0.45962555321913223,0.300690135458899
0,g775,0.169167350936694,0.1302954591391679
1,g776,0.6836200245382821,0.869987473847353
0,g777,0.1172374133738426,0.10663549435180453
0,g778,0.21603208083787515,0.15487412491669741
0,g779,0.08726513849569224,0.08830900981281968
0,g780,0.2412979471382084,0.22593550664759643
0,g781,0.28358757393382245,0.1932167089625084
1,g782,0.21395854276417364,0.7980401802854553
1,g784,0.6267278497006143,0.8803130115615447
0,g786,0.21673240007688568,0.14733938556902224
0,g787,0.6677744420328562,0.29561487154723187
0,g788,0.3417793473523795,0.24872098249807434
0,g789,0.07948753937411727,0.09825001012455167
0,g790,0.40798702268554593,0.21314150256605577
1,g791,0.5117439842322502,0.8462372209679376
0,g792,0.11600608460084277,0.09999951767298308
0,g793,0.347733000091003,0.17839874224810665
1,g794,0.890330099599467,0.9119058407198332
0,g795,0.15382378435786492,0.129125910337069
0,g797,0.42557524390094803,0.25511625753707023
0,g798,0.12801193379104264,0.10658882566276101
0,g799,0.7746569111145645,0.4082232895705026
0,g803,0.4857289273524537,0.2178976666323974
1,g804,0.5280903166051223,0.8316442573305155
0,g805,0.2662122772278027,0.2045183809969193
0,g806,0.23866911962843468,0.15104043983293086
0,g807,0.1504297226050825,0.15529342635840068
1,g808,0.772474622142049,0.9059912000423526
0,g809,0.0767267109111211,0.09749135712147147
1,g810,0.19522849653596872,0.4505235663783343
0,g813,0.16795698078065574,0.1278469308423388
1,g814,0.22921671477464894,0.7443373647828841
0,g815,0.15301878467858052,0.14173291171047775
0,g816,0.08908532922414741,0.09385680067177703
0,g817,0.11842281141012266,0.10689701121682858
0,g818,0.2854498686196186,0.21011753136197941
1,g819,0.5598979986634707,0.8306846228066405
0,g820,0.12216211400263899,0.10533451124729662
1,g821,0.8679453468940328,0.921580014564116
0,g822,0.44600525101043514,0.23681324663891862
0,g823,0.3012619399862041,0.19216632175017537
0,g826,0.0697166169237414,0.0681464711406496
0,g828,0.24371302793993077,0.20167443339240418
1,g829,0.5932998785437675,0.8740508418118886
0,g830,0.23442471543406143,0.16522311464274142
1,g831,0.3858334192517515,0.7395529091439041
0,g832,0.22994480174389023,0.25243177867642913
0,g833,0.14598617376063028,0.13567987149116725
1,g834,0.649616503250041,0.8538803500962411
1,g835,0.33198429462903395,0.7290159282536122
1,g836,0.2509842353458024,0.7341659764662691
0,g837,0.18809526024555487,0.17097618049497115
0,g838,0.16819901511000523,0.13830348261396885
0,g839,0.26606442890415133,0.15475165408923328
0,g842,0.47024453624170487,0.2470409426733725
0,g843,0.6730841125026071,0.2969088780994637
0,g844,0.5330884620887839,0.31378212316699877
0,g845,0.16650462554516146,0.13767008825360869
0,g846,0.2737141738652549,0.2188972537695462
0,g847,0.12060416893523701,0.09977806362540705
0,g848,0.0618251629823204,0.06532714699347385
0,g850,0.12148298702256946,0.10549795586799735
0,g851,0.05152340845400134,0.0639891706467163
1,g852,0.7438126795387046,0.866729169560789
0,g853,0.29017241056835136,0.18660717583479655
1,g854,0.5549999363311798,0.8592471646703297
0,g855,0.3882976157127018,0.2707917191381353
0,g856,0.06378063315852274,0.07815313422709871
0,g858,0.5877026334931829,0.30822652230211983
0,g859,0.10628614699601042,0.10861611664715541
0,g860,0.19364893687211154,0.1324392967276424
0,g861,0.33955373648684434,0.2024619141169827
0,g862,0.17500003680931178,0.17987441569005805
0,g863,0.24844902245459094,0.25293945799321754
0,g865,0.3149998821000851,0.17698436130715306
1,g866,0.5508084124888881,0.8466786771832964
0,g867,0.12837915708560832,0.11162221075652913
0,g869,0.06830442749571451,0.10324502384173355
0,g870,0.16522324425876725,0.1355899830759686
1,g871,0.445021841523992,0.8305195730509216
0,g872,0.36614508397805406,0.23813459302534487
0,g873,0.26707199560374506,0.18649050024865715
1,g874,0.7916396261028488,0.9024258786711098
0,g875,0.1343923909677928,0.11615045575963666
1,g877,0.6659136352543008,0.8780713814368142
0,g879,0.2730915735928175,0.24199227658964398
0,g880,0.19034457159933577,0.14647731682746803
0,g881,0.34906601500716106,0.24877732236233457
0,g882,0.5293392991732954,0.3000392535763001
1,g883,0.5830517105615103,0.8718144472597745
0,g884,0.14969505943080083,0.16678752290387935
1,g885,0.49752153361699386,0.8462151357524385
0,g886,0.0758539100735723,0.0918888825577103
1,g887,0.687336788838606,0.8933463676940366
0,g888,0.05579582787889839,0.06350561453526357
0,g889,0.0700551342378071,0.06516874218160677
1,g890,0.861180681758952,0.9067479434603792
0,g891,0.16698050926881555,0.12064094330493777
1,g892,0.36299650157059654,0.7860332776873372
0,g893,0.33253707538384897,0.22047675804095146
0,g894,0.029364031415045604,0.0341698708270307
1,g895,0.5224007477688948,0.801924431782033
0,g896,0.1809929500444452,0.12138244588001829
0,g897,0.10377932227851892,0.09531893099688189
1,g898,0.6920875601269487,0.8794100891754886
0,g899,0.0987106012386533,0.10387242669220703
1,g900,0.7119260803385509,0.8241252785475691
1,g902,0.5378386140066083,0.7860525496232637
0,g904,0.6728811304106967,0.31675670224301866
0,g905,0.2742107632207142,0.18126009482138514
1,g906,0.7792005671960496,0.8501124987635246
1,g908,0.3888484707343984,0.8212206272875977
0,g909,0.08657821036516866,0.11204127618034061
0,g910,0.13506680763199463,0.119373836772612
1,g911,0.488486542160854,0.8625310304197678
0,g912,0.4263002351025724,0.2852729134642514
0,g913,0.15264159996927654,0.13871892945007813
1,g914,0.5666047295747504,0.8684119106067593
1,g915,0.2312084237453306,0.7324971924954706
0,g916,0.5852551625061662,0.30281648833830044
0,g917,0.2611189369501486,0.17505911175259903
0,g918,0.2868034858976556,0.19088414929197972
0,g919,0.04140043184883158,0.03769429672406922
0,g920,0.11580998538105457,0.08372705515844592
1,g921,0.478066885612166,0.711359083919516
0,g922,0.3930929935121761,0.23768416367172218
0,g923,0.7679821968674636,0.42845670047366535
0,g924,0.3297191627400711,0.19477984730629933
0,g925,0.3960515385405574,0.2743624861740638
0,g928,0.11440697474689443,0.09558029249086673
0,g929,0.41714712631514006,0.2365844456145549
0,g930,0.4402808107056544,0.260894949938864
1,g931,0.4447759054427834,0.8406903070805755
0,g934,0.23837179133182235,0.20391746116724885
0,g935,0.12737656387364182,0.14714743618663598
0,g939,0.3760169589342884,0.22338355537031596
0,g941,0.14624908229167477,0.11363151505758236
0,g943,0.12617708006411638,0.12797596611564196
0,g944,0.09384536389434195,0.08527208226116227
1,g945,0.31628575892189825,0.8205679574372744
1,g946,0.6729212670478899,0.8511625687191897
0,g949,0.0727661091244341,0.06741621737392113
0,g950,0.1550015660160697,0.12730679210274437
0,g951,0.2950267621822022,0.22559721236597247
0,g952,0.12875686757212776,0.12585275290518563
0,g953,0.08632076404262819,0.09723418312953817
0,g955,0.12689556304665192,0.10390503798512443
1,g956,0.6297215474226655,0.8774319313605954
0,g957,0.1585253622561096,0.13949690636934492
0,g960,0.09704740462360215,0.09896286976456836
0,g961,0.058218357881947486,0.07342471451986139
0,g962,0.1003631059896154,0.11421197907226076
1,g965,0.49611310009180126,0.5307922564561788
0,g966,0.0846891822293353,0.09257322959277807
0,g967,0.4615307458322029,0.23431339383331082
0,g968,0.35883641147771017,0.22667418245229504
1,g972,0.5267998887153834,0.8370336604640084
0,g973,0.15242046601333892,0.10556412107952838
0,g974,0.25999510636629347,0.15345836740509106
0,g975,0.3578775904172067,0.2497834388092215
0,g979,0.49387560201519076,0.2815608545055591
0,g980,0.24268328135666936,0.18599948151664528
1,g981,0.5136484296511453,0.8519962991772847
0,g982,0.5072943343489669,0.23312738144963188
0,g983,0.30825352293047376,0.19591510342661317
0,g984,0.37435093571485356,0.21266674411275666
0,g986,0.13840068182514198,0.13182493033106074
0,g987,0.2921293685194681,0.1693526172417244
1,g988,0.47680864305750065,0.840967144636707
0,g989,0.16254717052674778,0.10783774637505966
0,g991,0.23225777387252908,0.1539042225303548
0,g993,0.17094882438168388,0.12550310268758272
1,g995,0.5573895437627043,0.8561028874140435
0,g996,0.06151662885097443,0.06240365446808229
0,g998,0.12200993474893367,0.09196422894412079
0,g999,0.16269425956312691,0.12577604299929476
0,g1000,0.3083721603115056,0.20598242246536336
0,g1002,0.41572019862858356,0.22423784070748506
0,g1003,0.4952149249920557,0.2463988977753392
0,g1005,0.30032814108072214,0.1818364574182648
0,g1006,0.3297165085356892,0.21457151138822242
0,g1010,0.11590957423713019,0.11423762544029706
0,g1011,0.17744302375674442,0.13980623522862254
0,g1013,0.10918693509309413,0.1205239857228381
0,g1014,0.142376786569116,0.11774501773610002
0,g1015,0.05520364827621309,0.05333964253266498
0,g1018,0.1363050430341394,0.10015638377141638
0,g1019,0.3449180616148183,0.2040119099944746
0,g1020,0.37492985865575973,0.21030413482259436
0,g1021,0.06495979335225172,0.08486139669497118
1,g1023,0.49961302832020577,0.8095173009207346
0,g1024,0.499549239241532,0.3324315152996085
0,g1025,0.1506537526708188,0.12575548620994167
0,g1026,0.16344035510985164,0.1303132142290104
1,g1028,0.5300636926711042,0.8576005519840965
0,g1029,0.381527515052998,0.20685686940348644
0,g1030,0.2565751760698407,0.15942337222747588
1,g1031,0.6890576313972185,0.8855728542706148
0,g1032,0.04422296442529307,0.04243104634592541
0,g1033,0.15304674398652274,0.1503827113985208
0,g1034,0.4005901394605394,0.20465028476346167
0,g1035,0.10292327550561658,0.11023000487809899
0,g1037,0.14055747659194973,0.11278041459078371
1,g1038,0.408999653663279,0.8175006187936549
0,g1039,0.4847272781703117,0.23201733716919848
0,g1040,0.23465599512788374,0.20716128414594845
1,g1042,0.4894455900144766,0.8321300030010365
0,g1043,0.10573588314615065,0.11215335321736256
0,g1045,0.4316180179777256,0.2124642710011497
1,g1046,0.794268587465114,0.8678287421528189
0,g1049,0.6294261247290722,0.3099404521346697
0,g1050,0.13318630302983703,0.11794073581530187
0,g1051,0.4411163409870709,0.24039482818077396
0,g1052,0.1200666757639938,0.11342577521468364
0,g1053,0.09609994153333426,0.11783373172756433
0,g1054,0.43507209254250984,0.2405545408797808
0,g1055,0.21369790959863508,0.1866576864216135
1,g1056,0.7687796135116189,0.8903158853301317
0,g1057,0.1622207454927773,0.13855273754751563
0,g1058,0.44901503896189676,0.20387052511566314
0,g1059,0.19229304244131024,0.1371238276939638
1,g1061,0.3664854263057741,0.8379834434079887
1,g1062,0.26117393877156575,0.6935494271893524
0,g1064,0.17669017056973063,0.16312293720747265
1,g1067,0.709856424630458,0.8908560079087388
0,g1068,0.15599686552387973,0.16224284909068223
1,g1069,0.22373109910712,0.7337253688885572
0,g1070,0.03267784023704971,0.05140614448488595
0,g1071,0.1928605165017544,0.15986864836836442
0,g1072,0.3985266271340619,0.24391919590856
1,g1073,0.6489697546835461,0.8824731688076934
1,g1074,0.8353812564604968,0.9010551055491414
0,g1075,0.08707297855823788,0.0843450707897696
0,g1076,0.24408756681561405,0.16253218410842776
1,g1079,0.6523178461569522,0.8856751525237042
0,g1080,0.32248612418732253,0.17142996861657958
0,g1083,0.12000329744174254,0.13882190206346828
0,g1084,0.3069742044199186,0.20232268145691343
0,g1085,0.06209635731389959,0.0626445603268119
0,g1088,0.13405512817277387,0.1438709028500328
0,g1090,0.3193055394528599,0.18146422171370624
1,g1091,0.5108770559903257,0.8118027213822769
0,g1093,0.3269078487984602,0.27528390654636314
0,g1094,0.14703265511591065,0.13677875249907392
0,g1095,0.3020994551080953,0.22010409586042443
0,g1096,0.18401317227769529,0.17798580668615194
1,g1097,0.7313119153366976,0.8578593303798593
0,g1098,0.30778549258432425,0.2208836382948809
0,g1099,0.07283838711660301,0.06507728594203344
0,g1100,0.25465069565849596,0.21719689967395617
0,g1101,0.27523626412352836,0.17900244223380044
1,g1103,0.6620667465921284,0.8900282370600714
0,g1105,0.30043719393737955,0.18348172081725764
1,g1106,0.707221484316286,0.8198337530236359
1,g1107,0.7879599133681077,0.8917270325377967
0,g1108,0.30696910776555486,0.18537845845230602
0,g1109,0.053405927060248,0.06632170496827061
1,g1110,0.32129883307797136,0.8175116433438917
0,g1111,0.10661930316458647,0.10790366862415542
0,g1112,0.17955112222638267,0.14146359432478037
0,g1113,0.08196849127244747,0.08496348072072946
0,g1114,0.29750463727759674,0.1734814129226234
1,g1115,0.664372939754983,0.8787512378828103
0,g1116,0.27160609080351006,0.1906592442799406
0,g1117,0.24843614627183852,0.17706379513550158
1,g1120,0.48694898980684537,0.8382230329763349
0,g1121,0.37941441938610226,0.24764458725967542
0,g1122,0.2719719636318218,0.18706569412455
0,g1123,0.13645583376090942,0.13105951000191976
1,g1125,0.7115657649814543,0.8776533932463798
0,g1128,0.14554581110527823,0.1286706102683692
1,g1129,0.44811360908536463,0.7632194850343432
0,g1131,0.26170872225350095,0.17766971248965355
0,g1133,0.1403954082905571,0.11436072971495549
1,g1134,0.46457066003773967,0.7600837485929915
0,g1135,0.19299351871638937,0.16692410751244607
0,g1137,0.13778350830878033,0.12339497572515738
0,g1138,0.16736489903465224,0.15076724434666863
1,g1139,0.5920800371499408,0.8563093591755984
0,g1140,0.21405411933757776,0.16806769116735745
0,g1141,0.18332832937830595,0.15874976945831473
1,g1142,0.7621465250610971,0.8694698736080406
0,g1143,0.2865126462706442,0.2079809913232297
0,g1144,0.044784448822041745,0.0439389164753468
1,g1146,0.7191354483972464,0.8810975353158568
0,g1147,0.11533741450191776,0.10202441226872072
0,g1148,0.23991516054233436,0.1928671813906139
0,g1149,0.5217750102037791,0.2334896246130024
0,g1151,0.2353521489453209,0.1684769523376295
0,g1152,0.07534529169575584,0.09410228802126044
0,g1154,0.27389391949467673,0.16800876399498124
0,g1155,0.2423674095171306,0.18448191102765538
0,g1156,0.5150714487967587,0.2454887289274482
0,g1157,0.2400929658561776,0.18058273282172788
0,g1158,0.032746009586317244,0.0419640191878629
0,g1159,0.4459953904771535,0.22724850174259756
0,g1160,0.19073971315549215,0.16981245360182698
0,g1161,0.11945622063738932,0.10645661020947367
0,g1163,0.17219957395125504,0.16407481121456705
1,g1166,0.30897170435134264,0.8121986632980105
0,g1168,0.3181948029835618,0.1783213066547774
1,g1169,0.595104610885609,0.857079292913981
0,g1171,0.8134494081808283,0.40678192215284675
0,g1172,0.22548469916090313,0.18407201555069627
0,g1173,0.8259524186973012,0.4052701558267553
0,g1174,0.23567367616637308,0.1651647482680612
0,g1175,0.1185738091410692,0.13237449747214075
0,g1178,0.08640415412394657,0.0947809595025598
1,g1179,0.2708949741556046,0.7922882327879353
0,g1180,0.20726382635987947,0.12573397326728597
0,g1181,0.12752097903412948,0.11058718998281651
0,g1182,0.12221499668299933,0.10695291583243452
0,g1183,0.4309458352977267,0.26276327523953924
0,g1184,0.331642319305862,0.22398414887002688
0,g1185,0.309573473521988,0.1807253003243792
0,g1186,0.704302821093985,0.32603447785175593
0,g1187,0.14541300413976488,0.11348165057702851
0,g1188,0.10565226820289286,0.08295558963012864
0,g1189,0.2684692296634652,0.16992213949957907
1,g1190,0.3520634252875329,0.774354866180089
1,g1191,0.45501392974236066,0.8508188054668955
0,g1193,0.6223035437691812,0.3456395233459825
0,g1195,0.08288830183718407,0.08819477987177064
0,g1200,0.26683312618041305,0.1790667927055636
0,g1202,0.1143485159973548,0.11549337919395282
1,g1203,0.1832986367200227,0.7608372015709637
1,g1205,0.41716704908298835,0.8159698766884995
0,g1206,0.24367669758995558,0.14549590572247428
0,g1207,0.23575503815980162,0.14125855827458522
1,g1208,0.3436289008255302,0.8142434156536209
0,g1209,0.4322223735766016,0.24700176123650003
0,g1210,0.16641045020367023,0.1471921867904077
0,g1212,0.05176233750375176,0.07379503624459396
0,g1213,0.3496075579800077,0.25502297256693524
0,g1215,0.10802401487806083,0.09166624350706509
0,g1216,0.2659635468129542,0.19218912975247543
0,g1217,0.15307029987864268,0.150803195425855
0,g1218,0.4266614607194598,0.2541379026610473
0,g1219,0.04046672586491519,0.04802885475577049
0,g1220,0.3178683014678846,0.21038353398542
0,g1221,0.13586937724669604,0.13475718974814035
0,g1222,0.1150433712040088,0.09874423050789426
0,g1224,0.16402248934863645,0.1181184496658232
0,g1225,0.3021649304747504,0.23117169175073865
1,g1226,0.7047959944175537,0.838134355936452
0,g1227,0.1367382576893276,0.12139483604039127
0,g1228,0.07310460452885342,0.08158430445866052
0,g1229,0.1473485333970575,0.09345618441332418
0,g1230,0.14706692268210478,0.11259873148825363
0,g1231,0.6610179878221859,0.2850375787406313
0,g1232,0.11002655188717135,0.09256780288841734
0,g1234,0.059926337024420406,0.07617234112577188
0,g1235,0.6215521687175014,0.34387301310754587
0,g1237,0.1765909797349561,0.14192965436743227
0,g1238,0.3928845752231925,0.24506353153814306
0,g1239,0.13793334212613828,0.11975077938435898
0,g1240,0.17423035808354154,0.12998678472960973
1,g1241,0.21457653484073852,0.7339165683624755
0,g1242,0.14571261894525994,0.1541086474088415
1,g1243,0.2585711885203042,0.8275134701937739
0,g1244,0.32633677059235683,0.208573345686494
0,g1245,0.07193212338384367,0.0848651024689186
1,g1247,0.8150219340137717,0.9052260810054297
0,g1248,0.12336818764894403,0.12498275704792085
0,g1249,0.6434579016627869,0.3514916166010778
0,g1250,0.19072639044043435,0.14447990798389543
0,g1251,0.3337802796695441,0.20050745883206425
0,g1254,0.1556698889611491,0.17003431248702175
0,g1255,0.047299062215940275,0.04707949217232274
1,g1256,0.6683835629585229,0.8736919746679421
0,g1257,0.09299554058007979,0.08766748647453641
0,g1259,0.1865158004930762,0.14544101685438485
0,g1260,0.22532537421757245,0.22615958620750018
0,g1261,0.12125759575769034,0.09280180871777732
0,g1262,0.6345199281813053,0.33792426787891044
0,g1263,0.3914353346747268,0.2160822656542029
0,g1265,0.07906763775970757,0.0693521049007684
0,g1266,0.7578766360402622,0.3819499831480758
0,g1268,0.7254860718886593,0.34627100550949985
1,g1269,0.6042725450814173,0.827369023163758
0,g1270,0.10297074998378353,0.08863663618896091
0,g1273,0.2620737767449537,0.16132455405618254
0,g1274,0.1322782033555436,0.10939044660055416
0,g0,0.5025941332228608,0.2952069031379015
0,g1,0.0435959688685541,0.05481082471829766
0,g2,0.8860637731735888,0.45247709981891315
0,g3,0.23481192425777403,0.16447785200197088
0,g4,0.5244060038528032,0.2683127940570254
1,g5,0.3716500624241287,0.7870058069054042
0,g6,0.15779561816912188,0.12351359889296312
1,g7,0.3821413445493486,0.8240594837475044
0,g10,0.17252208080681167,0.13313511066480427
0,g12,0.3337135349240178,0.21595819229959118
0,g13,0.13125023092669985,0.10099430016183153
0,g14,0.45533415090311186,0.21682801201496107
1,g15,0.4938267225624408,0.8647531426355411
0,g16,0.16657083837691355,0.13264885919078814
0,g17,0.06648109136905232,0.05848379205890218
0,g18,0.24261470051302453,0.2018453224123436
0,g19,0.44639119654055653,0.2945911085279066
0,g20,0.17627042757469466,0.12372901618498523
0,g21,0.0796726102555061,0.08227392855797126
0,g22,0.05137088007601066,0.0882444401450832
0,g23,0.2875384689413447,0.2315805610053032
0,g25,0.3483415702193345,0.20496785525540118
0,g26,0.04077171311954451,0.05830467795648334
0,g29,0.09558858964111092,0.11840803241840739
0,g30,0.5216308153618192,0.2788929318632495
0,g31,0.12179836859006256,0.10617104768606464
0,g32,0.4393060210665606,0.21593557762364698
0,g37,0.16558612183755742,0.13690695740489334
0,g38,0.44822041542673385,0.26831289689193233
0,g39,0.21064686430951687,0.15860338810969696
0,g40,0.22085245169848952,0.1685089655362481
0,g41,0.09865557492069182,0.09447710677077145
0,g42,0.17694999782976867,0.17495478869442138
0,g43,0.21638248356175563,0.15708173155352154
0,g45,0.3292188440844214,0.1917471186524586
0,g47,0.67096391384403,0.3353915583016531
0,g48,0.19628737923273828,0.16947144366155306
0,g50,0.09585778295944816,0.09562524743733994
0,g51,0.1572012909851243,0.13773580221229767
0,g52,0.1672759452704366,0.15087695227826795
0,g53,0.3341424145128997,0.20000897069590082
0,g54,0.3751354605891646,0.28020818708993867
1,g55,0.25640999900865225,0.6356565619019113
0,g57,0.05543426695463997,0.06963936134119791
0,g58,0.23681957969148226,0.15029670675402504
0,g59,0.09895266957907417,0.08600595168872831
1,g60,0.8612021898740826,0.9118731405190308
0,g61,0.6948985813670062,0.38034989375366496
1,g62,0.6543554991508647,0.852267111525856
1,g63,0.5637057815748084,0.8537390726683761
1,g64,0.1713748675780691,0.7330456142886724
0,g65,0.17799507927378003,0.15916366673584448
0,g66,0.09303314895577973,0.08679804170837956
0,g67,0.20426412621925813,0.2028185307517473
1,g68,0.5693871740343199,0.8629372119125241
0,g71,0.24456038528333474,0.18261124403545778
0,g72,0.0667967762677791,0.0697550168777909
0,g73,0.6360324032752819,0.34412178909282004
1,g75,0.11005825921240164,0.6699321971163849
0,g76,0.09286898348540017,0.09124292776166132
0,g77,0.26421011240202835,0.1681775217383432
0,g79,0.12508000455052132,0.14532268117042052
1,g80,0.8661855497746342,0.9203821510606767
0,g81,0.13623309688150526,0.13844030137728364
0,g82,0.41097614835214735,0.24947875607881143
0,g83,0.3034322709227202,0.17368721277704643
0,g84,0.19697636668537497,0.18134845505637395
0,g85,0.3832705871219471,0.20827688465010358
1,g86,0.7650619554638488,0.881747924895973
0,g87,0.353546159801987,0.2152607366324557
1,g88,0.190611192085418,0.7433754992707468
0,g89,0.09635871471862248,0.08357633726702784
0,g90,0.15503294396330006,0.1383252107153734
0,g92,0.17161423587412372,0.1377648699065245
0,g93,0.2467352196271872,0.189481050019639
0,g95,0.12495854646448473,0.09425714070371916
0,g96,0.11305277398457451,0.13160164758390058
0,g97,0.061017812422101594,0.06510576579950755
0,g98,0.06532679405991082,0.06939265031770324
0,g99,0.06504428465350007,0.08872387876450456
0,g100,0.13265938907722966,0.11792272764409133
0,g102,0.0675065167600838,0.06939442919623225
0,g103,0.13232458207777903,0.11687576310870205
0,g104,0.16775882024949806,0.1286761984641041
0,g105,0.12849151737802586,0.10609529394873385
0,g106,0.23882292612542172,0.19742670958597155
0,g107,0.09200774952055324,0.09547045103231039
0,g108,0.2773335649019,0.22492775208700988
0,g109,0.1503928392831483,0.1255869627250731
0,g110,0.06504805439736425,0.09174507449201875
0,g111,0.20944753602500465,0.22085504117441673
0,g112,0.09275367405484221,0.09987789745387134
0,g113,0.048864867283587916,0.06259253812751692
0,g114,0.4223753820351984,0.3159778640301363
0,g115,0.30580701832464363,0.2578851636562099
0,g116,0.565641338469248,0.32717858864464394
0,g117,0.4274959784016637,0.299759618595154
1,g118,0.6364481679743903,0.8495522162854001
0,g119,0.15477912720265408,0.14024822977697374
0,g120,0.12673425795255006,0.1134934304740069
0,g121,0.10604764134472423,0.1128179770121774
0,g122,0.2461732203862774,0.21902241317083837
0,g124,0.14610683032442429,0.1389779934738851
0,g125,0.1611766629017551,0.11874827470086367
0,g126,0.19902291650777365,0.13126080518219357
0,g128,0.08895610908174378,0.10632265125870685
0,g129,0.08156430596454789,0.09539979986489804
0,g130,0.7911308287160835,0.3660859693169235
1,g131,0.6230603144952727,0.8882459600100326
0,g132,0.3006683248725927,0.17329800841908446
1,g133,0.41735864057110356,0.8098028493323454
0,g134,0.22907673540799914,0.18919542720173352
0,g135,0.16621234166428225,0.14966885890351347
0,g136,0.05050366094873336,0.06069370343839116
0,g137,0.10129883829359629,0.10270663459316505
1,g138,0.8198438983539508,0.9090507527616192
0,g139,0.263108581580645,0.18464110932086167
0,g141,0.0480804881164214,0.04920512967435605
0,g144,0.1506436566173015,0.12892860422465094
1,g145,0.5721117241753017,0.8577141355899439
0,g146,0.15836707346447162,0.13995092752060556
0,g147,0.10637807131658851,0.10394400483189932
0,g148,0.10662087699627104,0.09712507251600873
0,g150,0.15167051990569122,0.11099772444338932
0,g151,0.09356120474333468,0.10556992073291335
0,g152,0.09503666760330685,0.1011706129054867
0,g153,0.2641701132200075,0.17188612506817702
0,g154,0.09224182482677913,0.0888402836564954
0,g155,0.07453725381923566,0.07362935618476511
0,g157,0.059744104089095654,0.07665779799488819
0,g158,0.0684109551192422,0.07081930475191851
0,g159,0.14026988010730818,0.11216392335992281
1,g160,0.25866944375267414,0.8135918334999187
0,g161,0.26440639304490904,0.1761892278254258
0,g162,0.08558325642963509,0.09532277190602986
0,g164,0.17809525271571555,0.14166321934689952
0,g165,0.4727629589129015,0.21055216835208995
0,g166,0.5541457619535587,0.25788787685835385
0,g167,0.09943941358175482,0.08030472443703329
0,g168,0.17807556913725256,0.17631194489323254
0,g169,0.0850564487873996,0.08413478184792555
0,g170,0.14227848268040685,0.1249934479371982
0,g171,0.02329450206382701,0.028190022207902003
0,g172,0.20920763919222107,0.12205262042375684
0,g173,0.09549936976912986,0.10722037051256608
0,g174,0.14498163789493906,0.13341579338882703
0,g175,0.07620515474762272,0.07534394485327554
0,g176,0.2983376273918913,0.1834982102841555
0,g177,0.08346437805624453,0.06734132474087762
0,g178,0.07833621254855257,0.08776406766612989
0,g179,0.3312509537093977,0.2202716300148222
0,g180,0.1906631132294086,0.18850723204239958
0,g181,0.12615409088000842,0.106962676305586
0,g182,0.09754756795614743,0.12402677934373152
1,g183,0.4146415011870604,0.7330514430313533
0,g184,0.17367114761882096,0.12779582308530066
0,g185,0.04549385847360924,0.05076036367595391
0,g186,0.060893929049451186,0.059215043036934895
0,g187,0.12553202854251821,0.10870142551344136
1,g188,0.451100023947495,0.842396701351389
1,g189,0.23823268640757198,0.8003126154180048
0,g190,0.17062961009954,0.11874460008065449
0,g191,0.0646721747608053,0.07680070109268315
0,g192,0.09127356076771777,0.089477883648043
1,g193,0.33559104963986747,0.7953241332088757
0,g195,0.047490745114285936,0.0516162830144134
0,g196,0.09248013159083436,0.11835695809985149
0,g197,0.2598749451996987,0.1570616456472858
0,g198,0.05818637846922651,0.0759631747367499
0,g200,0.08948044014355463,0.09982539107924787
0,g201,0.5381921192235922,0.25035097496833325
0,g203,0.13736316421530495,0.12132441996905102
0,g204,0.37055379497834456,0.20036424658543853
0,g205,0.06569084030621908,0.0847461828334723
0,g206,0.29718400371006537,0.18848737244227548
0,g207,0.10621182644230291,0.08748313711649355
0,g208,0.2135830545267638,0.16656742365163138
0,g210,0.24180204065455102,0.16301629954484287
0,g211,0.11709862864746232,0.09538991502895895
0,g212,0.16187269415550148,0.14470776126168386
0,g213,0.4629493655674453,0.3152594703315514
0,g214,0.03882823761160829,0.051515837807546754
0,g215,0.060495380575810734,0.07887467111811668
0,g216,0.2391579854097772,0.19363019336978066
0,g217,0.1637786040970411,0.12138372607001752
0,g218,0.0996559474673809,0.10147802567432235
0,g219,0.19436938239004337,0.19722629435807645
0,g220,0.09619863849488801,0.08358331471523564
1,g221,0.38072546565981435,0.750501732064418
0,g223,0.12247709254788813,0.12436450494342473
1,g224,0.2955331655986404,0.7999439712264402
0,g225,0.4066181031975998,0.22732669375401857
0,g226,0.13301181293067846,0.0948561147613287
0,g227,0.20297841492532925,0.18382566240389692
1,g228,0.6363263046405551,0.8672778622027257
0,g229,0.10039781846047077,0.1007823023732148
0,g230,0.45543042367822406,0.20710482649825238
0,g231,0.18437165826026988,0.15088032283403383
0,g232,0.12529230394078794,0.12100717895007462
0,g233,0.05375984122573735,0.060439347981667675
0,g234,0.17216481737941902,0.13530091055132065
0,g235,0.10156783653038581,0.10659456646604136
1,g236,0.49029887276042017,0.8498313273925129
0,g237,0.24048624509735486,0.16419168921687288
0,g238,0.09186305862676158,0.0825526056748668
0,g239,0.049622011905915975,0.07179072662773868
0,g240,0.1942348305755733,0.11982962887030187
0,g241,0.052429515472482986,0.060789472632639556
1,g242,0.26915124263419077,0.8057117204653239
0,g243,0.09128492790777981,0.10609183386173737
0,g244,0.2686626605066265,0.21422784717353843
0,g245,0.1940925703537321,0.13299499877032486
0,g246,0.13381640782750742,0.12151996106077019
0,g247,0.06368341356640807,0.0722807624902981
0,g248,0.2788447614934672,0.2178704976016899
0,g249,0.2865362322426075,0.16059264948621413
0,g250,0.046606708918155985,0.06080261737724542
0,g251,0.15944449019168058,0.14724117807260753
0,g252,0.38149627755037924,0.2586748994791413
0,g253,0.15265646604207542,0.1099553268098639
0,g254,0.10833374470158029,0.10833460211790924
1,g255,0.6149882717201829,0.8622040689086634
1,g256,0.23079665303575944,0.825565438113836
0,g257,0.13893194572658904,0.11607615039110343
0,g259,0.1295393957282835,0.13091986967087646
0,g260,0.0647478745355829,0.09708078523235812
0,g261,0.08245483757589243,0.08593649646873384
0,g262,0.14051240796921288,0.11321076020635229
0,g263,0.09028847231778586,0.06796587562908066
0,g265,0.088980241636369,0.08414982332033946
0,g266,0.0703924079928468,0.08878196139446999
0,g267,0.18813633549960498,0.15998127792812633
0,g268,0.4402416688351402,0.2256734923243897
0,g269,0.057299342873237735,0.06999884969163914
0,g270,0.14380492292177105,0.12359282686451437
0,g272,0.05884760047304894,0.0633340908001886
0,g273,0.0957285129694861,0.10108751379885306
0,g274,0.36153734350269295,0.21856873793320025
0,g275,0.6410393224152587,0.33052630551264944
1,g276,0.7473072818998742,0.8886236109268871
0,g277,0.4137124011382146,0.2969620827363763
0,g279,0.1577063263939892,0.13209081952798316
0,g280,0.35634354980073957,0.20605280755352226
0,g282,0.20081900973481656,0.12569009833677358
0,g283,0.07232633375839305,0.06876683535012479
0,g285,0.14273347051742605,0.14181411789099593
0,g286,0.14331483530527514,0.13141993604988925
1,g287,0.5051223642725261,0.876292688697346
0,g288,0.6044327126228727,0.3408559914189949
0,g290,0.31860710510706125,0.2271766850701929
1,g293,0.16520462686139917,0.7580808253923356
0,g294,0.3171852106454431,0.17541524188023064
0,g295,0.5340423342128193,0.30302521692956336
0,g296,0.22694877069788377,0.14020692836568538
0,g297,0.16609362234690306,0.14057067069881277
0,g298,0.1051881625615807,0.0867144467917352
0,g299,0.08365939076267395,0.08980441879836232
0,g300,0.2420401520635961,0.19479703172010085
1,g301,0.7410439684324305,0.8934126627452659
0,g302,0.7537105877440048,0.41539388490069873
1,g303,0.1419047078913963,0.7829063478396453
0,g305,0.10344381793514508,0.10236665714570745
0,g306,0.4514557312119768,0.31468776053985753
0,g307,0.2675404003482055,0.17323405154063024
1,g308,0.29407527050625487,0.7486340340243629
0,g309,0.47681023279118556,0.25915498244174207
1,g310,0.5723370279260261,0.832111696880828
0,g311,0.12248703043877573,0.1408662389810887
0,g312,0.2792275197530763,0.1634196900681729
0,g313,0.668863150903581,0.36063663216482017
0,g315,0.1508170130958159,0.14024864386837219
0,g316,0.23187956313447605,0.15057068451308983
0,g317,0.19114682911007605,0.14925344818357938
0,g319,0.1312615943391406,0.11001994535276663
0,g320,0.29923422331087035,0.1932772265757189
1,g321,0.8688323181716487,0.9133905150758784
0,g323,0.3172380061257065,0.20042920217747795
0,g324,0.644127636470932,0.36761580661517423
0,g325,0.11870514227014077,0.09870305287298368
0,g326,0.06367598572374007,0.06892737181724322
0,g327,0.06058322312915872,0.08510438288831529
0,g328,0.5132051887286259,0.24224978411458378
0,g329,0.4081036290991706,0.24162558456412211
0,g332,0.243053194802662,0.1652412875753203
0,g333,0.1437112629765567,0.14329092747628042
0,g334,0.0808318896515223,0.08539492685127457
0,g336,0.15212064721491186,0.14094430947900433
0,g337,0.3164606528795027,0.198621131968631
0,g338,0.15964848617283156,0.1208099963946709
0,g339,0.22147257609019133,0.1646341650159046
0,g340,0.16727430946437524,0.14688567658379917
0,g341,0.10623335044144457,0.11367596261492526
1,g343,0.6428372504305797,0.8737819658705568
0,g344,0.20069013309844125,0.13864254564186002
0,g345,0.21148043018400278,0.1361570724712953
0,g346,0.18423584643721758,0.12799395631419533
0,g349,0.10693107589438776,0.10580088979264295
0,g350,0.10445625399471155,0.09254329005935522
1,g351,0.15499669182703038,0.6295611501044162
0,g352,0.2579664677343447,0.1954322122470515
0,g353,0.4585695403295188,0.29662900085214905
0,g354,0.05227061362145787,0.06224446209351514
0,g355,0.30856941697418117,0.19135295237543773
1,g356,0.3724074844422797,0.7969857215571367
0,g357,0.3369837730400639,0.19724848279169782
0,g358,0.30783931205532217,0.20310915061882523
1,g359,0.5890524373420037,0.8386709365237435
1,g360,0.4542694374284504,0.848143276193299
1,g361,0.24561159196583396,0.8172509475934082
0,g362,0.25000899536331384,0.17897193783509088
0,g363,0.6156180271727718,0.3139269451600724
0,g364,0.306627122104816,0.2151565398155605
0,g365,0.12053485504763642,0.11862217041526295
1,g367,0.16885772023475137,0.8001359773649062
1,g368,0.49260189792429504,0.8541968971842324
0,g369,0.40190877608522263,0.265290501206109
0,g371,0.1688019673896488,0.1430228153612426
1,g372,0.22024806306688258,0.7434894070277431
0,g373,0.15637134991181564,0.12448051817310675
1,g374,0.6892428645665427,0.8536370565509956
0,g375,0.2264717574178271,0.18280721737181682
1,g376,0.5535458476553112,0.8577609425533862
0,g378,0.4709059298111914,0.2910648911709485
1,g379,0.2858708743737847,0.8152676513262805
0,g380,0.4495793981277294,0.2847843119493484
0,g381,0.7978843771356253,0.4069419907812305
0,g382,0.4201968577492301,0.21306415733694686
0,g383,0.3103622430950424,0.18482672597542227
0,g385,0.10353054140809907,0.08769236417285896
0,g386,0.05405990151674044,0.06622291728710655
0,g387,0.09700663510028439,0.08323705628820134
1,g388,0.4414327931708755,0.8278773112103551
0,g390,0.20974260177190113,0.22141930930837883
0,g391,0.17855470740469673,0.14859140374079063
1,g392,0.46668926063139377,0.8448585859769062
0,g393,0.16719862238825786,0.12377620671502226
1,g394,0.7683234809567834,0.8935394264516306
0,g396,0.40871667059393946,0.2302301189068511
0,g398,0.39126590466789657,0.31292847402361906
1,g399,0.13346280031733831,0.652619205036849
1,g400,0.6364309632022414,0.834237662176469
1,g401,0.6112839891698538,0.8335868871805516
0,g403,0.07909180882761618,0.1051098155513495
0,g404,0.08435926811145314,0.07907673901762706
0,g405,0.1756075428023145,0.12755484041992693
0,g406,0.2614245570790373,0.16990774624465657
1,g408,0.7278597748394704,0.8618070836912234
0,g409,0.13128465557573954,0.11022890632211135
0,g410,0.41390038928945816,0.2449523259819156
0,g411,0.7635653295381878,0.381290190510791
0,g413,0.4240339596465663,0.2318742276361351
0,g418,0.25002751929482403,0.22566305199084685
0,g419,0.21312679248754307,0.15983694339205282
0,g420,0.24208677404206824,0.18152186687212965
0,g421,0.05570000500871555,0.05901046920086672
0,g422,0.23328184884952835,0.17854866844226502
0,g423,0.18238490793491516,0.14213013133649682
0,g424,0.10874252063919354,0.09722274073218015
0,g425,0.14183925653888432,0.1451444444856735
0,g426,0.05939391812850457,0.05743113365688144
1,g427,0.4789603200801735,0.8483617696187333
0,g428,0.4170348192801064,0.2573646824948773
0,g431,0.552402182074754,0.35616425245501954
0,g432,0.11882293424094671,0.1325803378388088
0,g436,0.28979974510291,0.200250653550396
0,g437,0.0739143012374727,0.07678686521026934
0,g438,0.26026669586758405,0.15680731116280563
0,g439,0.29872512281757524,0.18985829931362078
1,g441,0.5293994982634146,0.8646587286489731
0,g442,0.058634253403321394,0.07653478861392078
0,g443,0.14817476802342022,0.1711430961645679
1,g445,0.3172460141045657,0.8034347093001197
1,g446,0.5975506099537752,0.8649955232186494
0,g447,0.08724579761270913,0.10057402576150157
0,g448,0.1365155341379631,0.14099353991720076
0,g449,0.15899694182568164,0.12368748189489305
1,g450,0.5881175467941744,0.8621222045446588
0,g451,0.0291410053928648,0.042031002394315196
0,g452,0.16825520125927815,0.11067781365024434
0,g453,0.12323769576891713,0.13198565603492354
0,g454,0.15590081882740472,0.11819886240442593
0,g455,0.31239832617134417,0.19004465401708961
0,g456,0.4077837418823961,0.22176127551357058
0,g457,0.185603537612213,0.1325243139695561
0,g459,0.1440934452651232,0.11237256230052589
1,g460,0.6096878592669658,0.8675472384223113
1,g461,0.31561427194805963,0.7642459705142459
0,g462,0.2732698769464846,0.1770753970773836
0,g463,0.15321103727316118,0.13533285431784875
0,g464,0.27543570826009994,0.1759615038126983
0,g465,0.5905290664237998,0.2808998601675032
0,g466,0.3541029587088484,0.2312196397580044
1,g468,0.7324959143774757,0.871775359404127
0,g470,0.14505449273765608,0.12674797128363985
0,g471,0.14278278703703962,0.13386524992998472
0,g472,0.24541426540884437,0.17979261443886688
0,g473,0.14233656644359471,0.11749513386616557
1,g474,0.3756327828645976,0.5106553880755257
1,g475,0.3829468576855065,0.8165413918651164
0,g476,0.1110336598547667,0.12525678526779754
0,g477,0.07756414969474987,0.09109506413699459
0,g478,0.23388675122306707,0.15786373251329236
0,g479,0.5099212143324193,0.25994747135962437
0,g481,0.4544083494024511,0.2736810617697018
0,g482,0.2345840348770612,0.18805596881402858
0,g483,0.2770893197527383,0.1744279252506873
0,g484,0.3259267942024487,0.1840569005919084
0,g486,0.0873435127340106,0.084582070552319
0,g488,0.37374901262870963,0.188264094385468
1,g489,0.12519218071566626,0.7574507266524008
0,g490,0.20211902832845,0.14591405241129268
0,g491,0.3803162555189659,0.23666780231466228
0,g493,0.15277825038269277,0.160692139581695
0,g494,0.5031298954347462,0.2548629556800548
0,g495,0.39248411848968695,0.210276156445909
0,g497,0.12459464044736034,0.10660498673647552
1,g498,0.3644400546158186,0.8120851403096597
0,g500,0.2752147057543662,0.18252804607197584
0,g502,0.09921695848468534,0.09478300828880745
0,g503,0.12931158223538972,0.11134884454497047
0,g505,0.1301904819756207,0.11255112232564146
1,g506,0.30046467534001836,0.79948292047309
0,g507,0.15107728849613336,0.15042228735145668
0,g508,0.11295202755464548,0.09399070754404218
1,g509,0.5445032228054111,0.8493086324740894
0,g510,0.3017824538253307,0.17593490492023817
1,g511,0.7256343871895472,0.8906193789116394
0,g513,0.20070766157311662,0.14899860447123786
0,g515,0.5921436325742294,0.30311241130658234
1,g516,0.24870829003664674,0.7203286145195565
0,g517,0.3008534011368049,0.20175003271358768
1,g518,0.49731393430285553,0.8451969734648757
0,g519,0.03342954185881992,0.04105044771825299
0,g520,0.24583261256242214,0.16189491042754878
0,g521,0.39629326137255283,0.231709112598328
0,g522,0.5720753854320929,0.3121116529305095
0,g523,0.3137045912768468,0.2571830565139305
0,g524,0.24850834688757298,0.17010162105149462
0,g525,0.2410226800396762,0.17608022175281535
1,g526,0.567302848587277,0.8442747657506103
0,g528,0.4838445955176222,0.23630867783698153
0,g529,0.2216187041204259,0.18498498999431962
1,g530,0.5460595718958052,0.8643369005182178
1,g531,0.6282716474037181,0.8554085861214236
0,g532,0.2925723800398407,0.2225491587090409
0,g534,0.6855955508967055,0.3183629457418737
0,g535,0.37612546019455245,0.2544014976439738
1,g540,0.24711753957366706,0.7992140888654875
1,g541,0.5203262706866215,0.7209672298398748
0,g542,0.1116796660960934,0.08835387239013608
1,g543,0.5930450151784327,0.8497174772523981
1,g544,0.5566046268246315,0.8766092408482252
0,g545,0.1425140489312418,0.14504806042568746
0,g546,0.10949038154316677,0.12622625010063335
0,g547,0.4359409038740102,0.2894471110037251
0,g549,0.06683773162921816,0.07702416794016854
1,g550,0.06337673216874504,0.7440918547614236
0,g551,0.12173038128043642,0.1343779786747101
0,g553,0.18654880225582982,0.14497253251396
0,g554,0.24914089284528393,0.16469226729050182
0,g555,0.36661553073012654,0.1993739875371857
1,g556,0.5786971998970137,0.8400387403160348
1,g557,0.2386365659134215,0.7029010952708222
0,g558,0.4266579645020451,0.26834215018689367
0,g559,0.21926540716939688,0.15163339433211157
1,g561,0.6836862440607309,0.8882361257964914
1,g562,0.4373621757795513,0.8065307185739236
0,g563,0.10026472773179498,0.10850816121333699
0,g564,0.21658746787844424,0.1703056686311882
0,g565,0.2715152469314503,0.18492887957248522
0,g566,0.18078219428636402,0.14589357838107797
1,g567,0.29369617187823077,0.7871395741805175
0,g568,0.24447124983690915,0.21063147379278965
1,g569,0.6890649807719224,0.891402515314464
0,g570,0.8328537889482754,0.4314984164328518
0,g571,0.19091089805140432,0.13254330898666217
0,g572,0.3110335438337826,0.18637526763895718
1,g573,0.3863295276986984,0.5497376877260104
0,g574,0.48908007351287136,0.3153118832671672
0,g575,0.09009838496012358,0.08160768910926164
0,g576,0.7647461775635863,0.3820529601551372
1,g577,0.3542247097098237,0.8368805753118049
0,g578,0.08508412307316836,0.11240354929443827
1,g579,0.27160764805948756,0.7572083192595441
0,g580,0.1605883317690234,0.14227103556607898
0,g582,0.25077032142247324,0.22168620201683636
1,g583,0.2404081805343676,0.8129645351876764
1,g584,0.6390469117070322,0.8648706292443336
0,g585,0.186327246534732,0.1462601405672305
1,g586,0.7757272240190229,0.8892088159290301
1,g587,0.12672770293588795,0.5263658044166776
0,g588,0.3008774067529175,0.205185010648278
0,g590,0.27910538187548134,0.17141356123209528
0,g591,0.16444536332440385,0.13374899181943392
1,g592,0.6360736605979785,0.8579267906958861
0,g593,0.31778213145139833,0.18106930697676016
1,g595,0.2153741263023171,0.812944936284677
1,g597,0.607581931510819,0.8645187411810167
0,g598,0.03531630697035987,0.04105794449173441
0,g599,0.4963138316627681,0.27172034354057795
1,g600,0.7749921215830189,0.8957964581663793
0,g601,0.1716459957758255,0.13374971354529622
1,g602,0.1603440845130661,0.7024193536130151
0,g603,0.1767256325415617,0.14134934709720934
1,g604,0.39565660535932423,0.8017565605334956
0,g605,0.7164579855075763,0.33925847897650524
0,g606,0.1879434046385029,0.1407380233821936
0,g607,0.14350039486865554,0.13897276626628136
1,g608,0.20006572246245405,0.6661398349408981
0,g609,0.1164635227700566,0.11097339375406595
0,g610,0.19633696752631605,0.17701973807348098
0,g613,0.15575207418482095,0.14759195762259752
0,g615,0.12255303987521478,0.10647177784751616
0,g616,0.06991154581014952,0.06326199060846024
1,g617,0.27610948497709303,0.6381826443925039
0,g618,0.4518406267114012,0.23756857896035313
0,g619,0.6097164347147019,0.32485763303785825
0,g623,0.18665151463837332,0.12170268088974326
0,g624,0.4776732233087327,0.3060747262172628
1,g627,0.4830153186947812,0.8195730930543571
0,g628,0.37365414474057107,0.2271780289990646
0,g629,0.2712582847154932,0.16858453973878418
0,g630,0.4524063617699059,0.24420632828936914
0,g631,0.4869603099301299,0.24892947576417435
1,g632,0.14703074220698448,0.75488141294768
0,g633,0.2308018899470257,0.1735279932632268
0,g634,0.07725753105193106,0.09170503092543106
0,g635,0.05296446043645069,0.06304582730948569
1,g636,0.609400825311826,0.8262026729331902
0,g637,0.21046129143534267,0.1539734504643712
0,g638,0.12540011054713282,0.10421179852729348
0,g639,0.08818379256100391,0.07344762124405492
0,g640,0.5544781747795917,0.2738979404860667
0,g641,0.2519952647206416,0.15703515821137698
0,g642,0.3749831877388581,0.22136110241664056
0,g643,0.047963808680955775,0.04554614881039164
0,g644,0.4651124819389796,0.2752354293393635
0,g645,0.5536272701270935,0.296268989119738
0,g647,0.541530282679445,0.3097100336558706
1,g649,0.7150377550967846,0.8929561943436356
1,g650,0.7634761383978433,0.8998899820461818
0,g651,0.1351395059028252,0.1676089285198693
0,g652,0.20950418759676784,0.16711741490687412
0,g653,0.7079670276083824,0.3601898326961255
0,g654,0.10447015889573924,0.11768408669656913
0,g655,0.12894827716138957,0.12180164253573598
0,g656,0.21980266541484478,0.16727781397407612
0,g657,0.10477570867534165,0.09304190069833694
0,g658,0.14122248842101,0.12891243829575785
0,g659,0.793305653895596,0.3916420130605346
0,g661,0.1206122380236226,0.10740244511108758
0,g662,0.25579010807871944,0.19672673940947788
1,g663,0.5629674857089229,0.7942712440169927
0,g664,0.4638926600586472,0.347759210710313
0,g665,0.12208084049707883,0.12059649029400336
1,g666,0.5005884770787086,0.8303225472738552
0,g667,0.08024304245730615,0.08546031184133183
1,g669,0.8143506130589828,0.8885032256534797
0,g671,0.42016945574906933,0.23499256596819773
0,g672,0.29193548064220065,0.21267049946458713
0,g673,0.20613737470244117,0.13854911993475
0,g675,0.10319888421016846,0.09863203007312402
0,g677,0.5728873591515518,0.28269818996623475
0,g678,0.16122396853540957,0.14364583929856858
0,g679,0.15749844896485865,0.14593048859015628
0,g680,0.48358479057249454,0.27913804095372247
0,g681,0.7955492747022529,0.38487687058943904
1,g682,0.41162218273551865,0.8025722008360512
0,g683,0.45926527239525416,0.2295999451440532
0,g684,0.27735821141894146,0.20741774892271403
1,g685,0.7150679359983464,0.8568656914039978
0,g687,0.3222664469076675,0.2166714221094653
1,g688,0.40116453886389947,0.8430946772633391
0,g689,0.09857864488202144,0.08806717595292048
0,g690,0.565154758439972,0.26824291469836437
0,g691,0.6958756936669445,0.3329737190289668
0,g692,0.1225388142402474,0.11172619770066428
0,g693,0.14546853336771823,0.11942772972746213
0,g694,0.46483759001784214,0.23391763362137516
0,g696,0.1562799331875552,0.13608334907196046
0,g698,0.32250667624587476,0.24288438589770897
0,g699,0.21763626831153926,0.15422303706028
0,g700,0.1884464201996113,0.19215270302131157
1,g702,0.3706314969246356,0.7821042196507776
0,g703,0.1555475930423937,0.15353643187840174
0,g704,0.04852306959805674,0.05889874408895331
1,g706,0.6225355333421565,0.867283354399289
0,g709,0.2052951805488255,0.17942309387057473
0,g710,0.36943268128871437,0.19901634126737988
1,g711,0.6642187956111146,0.87823551228395
0,g712,0.07993981017910112,0.09041798237648058
0,g713,0.07125335820806819,0.09732393973420556
0,g714,0.20518983226487478,0.1741700665314984
0,g715,0.47395469083503705,0.2670845006904643
0,g716,0.11257800452929358,0.11063989555693006
0,g717,0.1632004572785249,0.13084192932092364
1,g719,0.7563574990278181,0.8728657619372627
1,g720,0.45238332265743103,0.8366993350054617
0,g721,0.2594616125724859,0.1705486192251312
0,g722,0.1785386818400613,0.16986183572623126
0,g723,0.15162661891553028,0.12914301982015677
0,g724,0.20506021297862578,0.1870371101904406
0,g725,0.038326229552196014,0.04692982146923738
1,g726,0.5622996567030645,0.835523051571282
0,g727,0.0820093518876441,0.06547736075945895
1,g728,0.30023541251757363,0.6435737175337222
0,g729,0.16289490224999031,0.1464451692412195
0,g730,0.04799877864543673,0.05649049910259437
0,g731,0.11357900428149272,0.11590108323324305
1,g732,0.8078480926417693,0.8979416718380944
1,g733,0.08948938479571686,0.579148513562365
0,g734,0.23137209473082118,0.17251588205372984
1,g735,0.36911071131033507,0.7968674381963287
0,g736,0.23625541077558052,0.14844791781610056
1,g737,0.42716468778368727,0.8333569686276361
0,g738,0.12064366018490656,0.13550283059952442
1,g739,0.5568891191951881,0.8548821714807071
0,g740,0.28542205114397107,0.21115008449034403
0,g741,0.1054269994612022,0.09329548345042318
1,g743,0.49938360577896385,0.8670234485203002
0,g744,0.14558414525493107,0.151745028004547
1,g745,0.7425822564724016,0.9003246725754289
0,g746,0.10423952200424369,0.11354067809840543
0,g747,0.04761073776486575,0.055211874757118556
1,g748,0.7600375305017492,0.8998974496276222
0,g749,0.06414309128221662,0.07615968717780179
1,g750,0.7979337136379853,0.8924880149401958
0,g751,0.08563911620410372,0.07652858747429397
0,g753,0.14545586026022556,0.09471215736756297
0,g754,0.4566006349923683,0.26012980096905636
0,g755,0.5294510584544391,0.28265953936710114
0,g760,0.05794721493004296,0.05980411300685815
1,g761,0.7822922714115604,0.894997054839131
0,g762,0.5187151601344364,0.34491385839651184
1,g763,0.6852582821465414,0.8687293226136161
0,g764,0.7800165317531982,0.39095426366768044
1,g765,0.6210879218295904,0.8518636831702056
0,g766,0.16443324769470005,0.1183993042916855
0,g768,0.12408076476757586,0.13845487872933243
0,g769,0.6001334654407194,0.352501405257807
0,g770,0.11956333860231964,0.12601073266754226
0,g771,0.24039032899127263,0.19427892281064224
1,g772,0.6926000632959386,0.8825799073551978
0,g773,0.47246730842373086,0.34794575008395723
0,g774,0.5465411860480326,0.34980418895137116
0,g775,0.16999048409974826,0.1398473008822281
1,g776,0.6718828611170132,0.8539933754689336
0,g777,0.11328976500335296,0.10266156698925838
0,g778,0.2136006551021045,0.16751312601194343
0,g779,0.08308782373356632,0.09323286092929785
0,g780,0.22468480555293477,0.18658460842284816
0,g781,0.22495490361113749,0.15908396754531007
1,g782,0.2080082277945307,0.7321396430979942
1,g783,0.3690819424761789,0.5133287278222041
1,g784,0.6336557610249125,0.8555093831663954
0,g786,0.22591939801709696,0.15125025520202487
0,g787,0.6742502627205532,0.31769166437822444
0,g788,0.337129904854907,0.24440741343370137
0,g789,0.08124489706947154,0.10451604940368255
0,g790,0.3979970951569918,0.22299435308945037
1,g791,0.5002968483249968,0.8422579755612019
0,g792,0.1268215712478022,0.110028837394558
0,g793,0.3625439422162825,0.2051203323277452
1,g794,0.8944236602709861,0.9133267910876901
0,g795,0.1570326726794789,0.1402737494314163
0,g797,0.4268581332243334,0.26000512026075734
0,g798,0.12884520463903484,0.11543393696917596
0,g799,0.7609865521353877,0.3960075996088717
0,g800,0.17363462487901812,0.15960822764624003
0,g802,0.12420467366883094,0.10889937254277322
0,g803,0.4663309750593233,0.22853340045289064
1,g804,0.5410088750736414,0.857467907225241
0,g805,0.30191277001272604,0.21363596797708242
0,g806,0.232368212917462,0.15243993101327102
0,g807,0.14947041201745848,0.15140532630426612
1,g808,0.776516994676162,0.903280867862335
0,g809,0.08030864241346718,0.10213034896730436
0,g811,0.19159443069068582,0.12487156582819162
0,g812,0.23398407907766736,0.1997471555561377
0,g813,0.20579779709736606,0.13983919998025104
1,g814,0.2337146889357448,0.781011451534362
0,g815,0.16920395371345937,0.1352197343825436
0,g816,0.08444063069578345,0.10016546670943034
0,g817,0.12189700972030025,0.11398487011436215
0,g818,0.2857159209837986,0.18341527209058578
1,g819,0.5737436912815389,0.8431492532735366
0,g820,0.13307671410004004,0.10718936821891042
1,g821,0.8646268851164074,0.91501070944787
0,g822,0.4439159107884214,0.2636306806955293
0,g823,0.30780301278472366,0.2004599483885368
0,g824,0.07496624736174128,0.08961989730813279
0,g825,0.3798988788119935,0.2299563914497027
0,g826,0.06523497406183745,0.06358275510077975
0,g827,0.1294154643767653,0.1517131759670684
0,g828,0.23967056985914018,0.2170827697766695
1,g829,0.619024234008691,0.8409662158033105
0,g830,0.23569661649072515,0.17595952489745703
1,g831,0.386317772120297,0.8076762462056921
0,g833,0.14429144066592706,0.13214184890045136
1,g834,0.6776065626068304,0.8623597918754258
1,g835,0.2824168533675028,0.7152786994281176
1,g836,0.21730351217470442,0.6606498022438162
0,g839,0.2650927814207694,0.16453515873489213
0,g842,0.46362315009854715,0.24276585533266756
0,g843,0.6760214231080147,0.3091399309258296
0,g844,0.5161439280025283,0.30731426145275953
0,g845,0.16424949037328423,0.13713550881643918
0,g846,0.2879544265842033,0.20869209339438438
0,g847,0.12288603334696478,0.10966629669045143
0,g848,0.06983515865125424,0.08226132432378103
0,g850,0.13075607797825786,0.11980410381038317
0,g851,0.053585019088795954,0.05931521485788359
1,g852,0.7454737825340304,0.8678706002588611
0,g853,0.3229666088563399,0.1953072969631682
1,g854,0.538947685112794,0.8271074487117206
0,g856,0.07073521038570733,0.08332023166114111
0,g858,0.6049620805564896,0.31816655124219995
0,g859,0.1095723289768313,0.11064739853184381
0,g860,0.19504786735214918,0.1394707302184713
0,g861,0.34582701315225356,0.2102259765478782
0,g864,0.11817041510968675,0.10002758525249288
0,g865,0.3303644783594726,0.19636668097452795
1,g866,0.528583324871932,0.8284552491883387
0,g867,0.12715899483751994,0.11550507969923496
0,g869,0.06863192117552755,0.10501489273029857
0,g870,0.17631478279197763,0.13906788378829738
1,g871,0.5142233982886075,0.8104345111412209
0,g872,0.36221214187178397,0.2261412300811828
0,g873,0.2672630278889415,0.20124868491689998
1,g874,0.7779287262814789,0.8912556991174703
0,g875,0.1357553004113615,0.11530295684664549
1,g877,0.6418024386292454,0.8530831027164548
0,g878,0.0692384083665823,0.10053531055385347
0,g880,0.17942604249782254,0.13540342666139507
0,g881,0.36100002435003775,0.21741879978955445
0,g882,0.5270751989771002,0.31622514105760563
1,g883,0.5635745262399883,0.8448474223585192
1,g885,0.48271267908652493,0.8480349118297976
0,g886,0.07362329195823408,0.08348214366784532
1,g887,0.6619483134942902,0.8844303291206859
0,g888,0.058507385591393485,0.06866020657914579
0,g889,0.06936708073651425,0.05621597229256058
1,g890,0.8572197330301322,0.9058082964493556
0,g891,0.18608224711170376,0.13076369100783858
1,g892,0.38272139819767675,0.8045189374727125
0,g893,0.33224511130010015,0.20868099109807578
0,g894,0.03181084712908372,0.034779292423341414
1,g895,0.5271105046378912,0.8451527740324055
0,g896,0.17964059224581277,0.1272340495432626
0,g897,0.10610837802657733,0.10580304225127532
1,g898,0.7001355822281846,0.8784874011201371
1,g900,0.7220203157980145,0.8830242317386441
1,g901,0.7208848297052256,0.8779109488004146
1,g902,0.5238568847289472,0.860443481840888
0,g903,0.06061735770482825,0.05520258430311997
0,g904,0.6671617425080452,0.3073666132806274
0,g905,0.29819252964588294,0.200381840653466
1,g906,0.7706330018829574,0.8396937292524238
1,g908,0.3805997077962778,0.8317513266968882
0,g909,0.0910587610395194,0.10097592508987577
0,g910,0.14384289841062636,0.1421024586885598
1,g911,0.5019327984928738,0.8389468454157055
0,g912,0.42841049874209125,0.2906204211523787
0,g913,0.1561183872060494,0.14745436981834514
1,g914,0.5775442945744278,0.8735290751180755
1,g915,0.25871858891595984,0.7483214225008733
0,g916,0.6057064871943479,0.336301846662692
0,g917,0.2650568836247054,0.16993513685102343
0,g918,0.2805878170776025,0.20521401515922003
0,g919,0.04175798374616577,0.037047418257469454
0,g922,0.36083601180598596,0.2031193647273462
0,g923,0.791926593689973,0.35494813488373633
0,g924,0.3565001415480865,0.2105062284625855
0,g925,0.40824752177769724,0.2877010130599317
0,g926,0.14269906466287982,0.12401432512399327
0,g928,0.12571721506283906,0.11001148078592937
0,g929,0.4325738120937318,0.26982048634568695
0,g930,0.4453264505296488,0.21714873068085935
1,g931,0.4564202750315156,0.8461886715991764
0,g932,0.2904235595774676,0.18369206843439354
0,g933,0.14047803182147794,0.12052475531418883
0,g935,0.14258003096479577,0.14481340119566533
0,g936,0.22283954203595532,0.16939759451723058
0,g937,0.0917321485634751,0.10535475930170876
0,g939,0.3664908150731568,0.23068861485674683
0,g940,0.5721669156748405,0.6136721224384284
0,g941,0.1457677815515557,0.13083019750810881
1,g942,0.33588472548745635,0.7340913522376936
0,g944,0.09251217306217303,0.08349512049141262
1,g945,0.3132833825390375,0.7742058294497388
1,g946,0.6713716121416854,0.8608498448852244
0,g947,0.0773578418773894,0.08907550251764636
0,g949,0.06975544368414008,0.062218318755318656
0,g950,0.17300953141194736,0.14587309616694746
0,g951,0.3072300865520608,0.2180056914348161
0,g952,0.13936543914839974,0.14256763802584607
0,g953,0.08528669018145066,0.10117866618116793
0,g954,0.13742379292394416,0.12907587937569165
0,g955,0.12861433535072395,0.1150812798653247
1,g956,0.5862614757723016,0.8659170434247614
0,g957,0.16279195087842852,0.12740271093185296
0,g958,0.33716357977692213,0.2891221159385438
1,g959,0.1714595135486388,0.371348812509128
0,g960,0.10334235080304237,0.10533577964190402
0,g961,0.06154451488886248,0.07256160458318646
0,g962,0.10027429958520578,0.11428602314458797
0,g963,0.2970321539346727,0.22046000465939758
0,g966,0.08685748083833689,0.10033373152680944
0,g967,0.46548598027781407,0.23962635536554075
0,g968,0.3852676299832685,0.2349807772618963
0,g969,0.16281358144302005,0.1217476093877233
0,g970,0.12958319047313527,0.10520123312283987
1,g972,0.5409894415286994,0.8544047597226879
0,g973,0.13314636426759452,0.10518753251811193
0,g974,0.26445703905017265,0.20025887105872625
0,g975,0.3934494461317401,0.27307417247425847
0,g979,0.4744887285661246,0.257870858641494
0,g980,0.24618127058624809,0.1805318590786375
1,g981,0.5035984624548175,0.8269063618725204
0,g982,0.5202816872892729,0.2646478806576843
0,g983,0.3131405158888141,0.1802461497243806
0,g984,0.35382834140912106,0.2081567355356987
0,g985,0.3195458614477562,0.20962551104588173
0,g986,0.1503640036550843,0.15458300765283153
0,g987,0.2983261062316611,0.1686254569310305
1,g988,0.4867207766567363,0.8659282708999749
0,g989,0.15823705250098238,0.10731639315901888
0,g990,0.12535433251727096,0.11790136182081348
0,g991,0.23259343893762877,0.15386208766188178
0,g992,0.1386699271994467,0.1538612150169907
0,g993,0.18690508941589246,0.12905153989637114
0,g994,0.14578421752083753,0.15057742234596908
1,g995,0.5603079219391257,0.8487805017623242
0,g996,0.055538709150355595,0.06019594091452041
0,g998,0.13206767720007606,0.10358041391516115
0,g999,0.1700918365444325,0.12653079940231526
0,g1000,0.29341742264464954,0.19266786870093916
0,g1002,0.3615553442450217,0.20188440508124142
0,g1003,0.5130738356583281,0.30493136923523795
0,g1004,0.14439944943440222,0.1478883649239032
0,g1005,0.28686289558623335,0.18782795202710253
0,g1006,0.31933565757350624,0.19642626971974672
0,g1007,0.10036104640600135,0.1328550928927869
0,g1008,0.18695736978548566,0.15180666062517786
0,g1010,0.12814700876366433,0.12346685882422637
0,g1011,0.17376165604905616,0.13887655588233896
0,g1012,0.21364577494776552,0.17857330975602873
0,g1014,0.14137018299729454,0.12096429805984368
0,g1015,0.05686403479828195,0.06496025288026565
0,g1016,0.07922620661309288,0.09921907596669854
0,g1018,0.13982872834035556,0.10089350120659589
0,g1019,0.34743114484123405,0.2221044534250306
0,g1020,0.3662672475171083,0.18600208366412843
0,g1022,0.07857421816305052,0.09293554734544378
1,g1023,0.5097341037983651,0.8540208442257365
0,g1024,0.49458027132964055,0.29443122220484763
0,g1025,0.15623354042217769,0.13158848719517957
0,g1026,0.14003383698699548,0.11253980962533455
0,g1027,0.06482510687023624,0.08521446804971555
1,g1028,0.5133008471021457,0.8164118593742336
0,g1029,0.45027324627710646,0.23945036317596838
0,g1030,0.24620934277761455,0.15630618527407203
1,g1031,0.6704097725483297,0.8678427513139605
0,g1032,0.040691073229543975,0.03982072640458117
0,g1033,0.16752999940406937,0.1350719790161685
0,g1034,0.42592089714303977,0.2738112893466965
0,g1035,0.10150086952536597,0.10848292517166043
0,g1037,0.1625032993164442,0.1231990034775919
1,g1038,0.4100989232828797,0.808992549646492
0,g1039,0.4898931772220034,0.2499974118577931
0,g1040,0.24235606764864595,0.21279972150370957
0,g1041,0.08407770044864299,0.0874971280615473
1,g1042,0.48588970496722056,0.8549895571326138
0,g1043,0.11028947703368132,0.11531775488694049
0,g1044,0.0701530732940142,0.06606213687449049
0,g1045,0.4401834607796878,0.2606657110824836
1,g1046,0.8008058946038247,0.8703265790167147
0,g1047,0.08861061272657586,0.08876429040262836
1,g1048,0.3009774359323298,0.6944916155722884
0,g1049,0.6153701991103666,0.3109657796018953
0,g1050,0.13340482256567257,0.11678213891939933
0,g1051,0.4186071292475697,0.22976120782903728
0,g1052,0.12998293722340523,0.11950965203778026
0,g1054,0.4429219583948191,0.23187892552814635
1,g1056,0.7666390103802182,0.8933272361653487
0,g1057,0.15345098338143037,0.14212592311772798
0,g1058,0.4642235601158754,0.2506481783102866
0,g1059,0.19481366228402588,0.14484559444383027
0,g1060,0.21002500518180148,0.17988762457071877
1,g1061,0.3644192626007207,0.8478208532265983
0,g1065,0.4335083784720586,0.273192864645995
0,g1066,0.15732157624702733,0.1395492125534891
1,g1067,0.7221731991140611,0.8810959800090727
1,g1069,0.2238085779263194,0.7729833430929434
0,g1070,0.03327458590216005,0.04580862627097382
0,g1071,0.20117138517853927,0.16656421409974365
0,g1072,0.4068281414494629,0.24612196549220774
1,g1073,0.6527690379030512,0.873891256427131
1,g1074,0.8295394672198315,0.9008094207100272
0,g1075,0.08582753534607966,0.07864096212929922
0,g1076,0.2576452659841775,0.17159850470497828
0,g1077,0.32264005040540317,0.22420904927758672
1,g1079,0.6357787671478162,0.883610326288665
0,g1080,0.34353365759232785,0.197677960011325
0,g1081,0.15432224163795313,0.14711139744867402
0,g1082,0.09308560456418027,0.11188515445471113
0,g1083,0.12256127841185317,0.15031066621085112
0,g1084,0.3066308502717607,0.20933168111519532
0,g1089,0.449239807027311,0.2569401044347548
0,g1090,0.30216717412840055,0.17504209626315798
1,g1091,0.5349840513027249,0.8185656171185466
0,g1092,0.16725413405187223,0.19740832282427306
0,g1093,0.31957139046910477,0.26427692063697733
0,g1094,0.14680542410398792,0.1290175910848891
0,g1096,0.18253336599468215,0.1457676346308615
1,g1097,0.7111507287243657,0.8473678898793046
0,g1098,0.3112175074881477,0.2050261804037207
0,g1099,0.09323567526495298,0.08889264367264345
0,g1100,0.24440900715993202,0.20075251476156436
0,g1101,0.27944497130544194,0.19411143122812088
0,g1102,0.1325067139390235,0.1376638904094375
1,g1103,0.6517160823464812,0.8514288690320687
0,g1104,0.21637327768218173,0.18305587144830784
1,g1106,0.6912698794109071,0.8101079817018582
1,g1107,0.7897678163490346,0.8944091737871909
0,g1108,0.3154776121672296,0.181668385752035
0,g1109,0.053181520547019676,0.06858645213727042
1,g1110,0.3411807523536788,0.819494979109674
0,g1111,0.10980503006521636,0.11224205631231127
0,g1112,0.18120511173445633,0.15159628703727074
0,g1113,0.07770897308339567,0.07853865654479818
0,g1114,0.31873578537454295,0.19486220304076887
1,g1115,0.6538437479836772,0.8599111093009888
0,g1116,0.24903750405391406,0.17685789954084555
0,g1117,0.22384263550261357,0.15811454685059276
0,g1119,0.2439090138976352,0.18614687518872616
1,g1120,0.493147933009301,0.8572328818915808
0,g1121,0.3646942905058478,0.2083150568942718
0,g1122,0.2562525152413577,0.19033420564183043
0,g1123,0.1495139884576519,0.14661952757292543
1,g1124,0.5122078997720062,0.7954890311349324
1,g1125,0.7101041079928229,0.8783114621542717
0,g1126,0.13025167798567847,0.12845140291173093
0,g1131,0.2477686184680113,0.17137447010123627
0,g1132,0.25712691715750496,0.30645888030120527
0,g1133,0.14605747496834076,0.11526441664322785
1,g1134,0.457062843704285,0.8508116650787005
0,g1135,0.17423280236528899,0.13633113920659956
0,g1136,0.24642647633106335,0.17518709781389205
0,g1137,0.14065148709915082,0.11729644909411566
0,g1138,0.16827439470570538,0.15215178687317552
1,g1139,0.5974147936797424,0.8185648992824927
0,g1141,0.16394879488014652,0.14721766646802456
1,g1142,0.7601590987653739,0.8638276461431791
0,g1143,0.2817098716453526,0.18204925807608024
0,g1144,0.04635999227555186,0.049270782096977585
0,g1145,0.29334618712954336,0.22578655298583447
1,g1146,0.7325895789381737,0.8835067599425341
0,g1147,0.12859185036347195,0.13768854184702484
0,g1148,0.2316465596407513,0.16556825576849823
0,g1149,0.5223574367690544,0.2559917632843924
0,g1151,0.26405438471356674,0.18756841132016888
0,g1152,0.07589208737219234,0.09343153892739761
0,g1154,0.27830650602183665,0.1844353575004849
0,g1156,0.5227315666004538,0.248214527008074
0,g1157,0.23854893408006853,0.1820283281805581
0,g1158,0.03909238063596273,0.04715097914033349
0,g1159,0.43424821593684815,0.2527660474142439
0,g1160,0.1864722406804109,0.15668158536615642
0,g1161,0.11682814335321368,0.10046584749729913
0,g1162,0.0980405777894344,0.11903683269506556
0,g1163,0.17022241070631366,0.1401272957022709
1,g1166,0.31334467548051886,0.8206831502899931
0,g1167,0.05511320169666629,0.06073909171019053
0,g1168,0.3039542712488369,0.1970535329148333
1,g1169,0.5992203231659587,0.8853032307576323
1,g1170,0.2873799095369275,0.7487871991468155
0,g1171,0.812584720631727,0.412037782542748
0,g1173,0.8371053314190091,0.4401717856970285
0,g1174,0.23758290316163821,0.15730818350300305
0,g1175,0.10853182846909086,0.1262762262680143
0,g1176,0.31265366207195205,0.18591308857878727
0,g1177,0.10715395257184855,0.11792056755958068
0,g1178,0.09478227115082187,0.10565179713182822
1,g1179,0.2597263885868262,0.7832092569675607
0,g1180,0.21428694506723112,0.15188088429126553
0,g1181,0.12265029549904989,0.11853953410057377
0,g1182,0.10911597999546123,0.09598450532060618
0,g1183,0.44342162844303407,0.2692875603785956
0,g1184,0.3431828042986443,0.24743473749946862
0,g1185,0.2929527470463278,0.1833969850430092
0,g1186,0.7095801202022494,0.32433017058376346
0,g1187,0.15241786897651155,0.12247162148407637
0,g1188,0.1024281083952197,0.08163192876858097
0,g1189,0.27646099467961915,0.19511419816469772
1,g1190,0.36165529567564525,0.8278072647482273
1,g1191,0.44362813914263216,0.8283736086894884
0,g1192,0.14328728190495452,0.12965315668900299
0,g1193,0.6301559492592473,0.38211058933350744
1,g1196,0.176853648818187,0.7093511417308006
0,g1197,0.305604704905106,0.18185477378362258
0,g1200,0.26700136279067926,0.17570032684916317
0,g1202,0.10656996964805202,0.11236330368137876
1,g1203,0.1843466953630001,0.786301936065239
0,g1204,0.21157509678747077,0.21297290710794395
1,g1205,0.42832213028458943,0.8427589781457624
0,g1206,0.26716637525871845,0.1708393027547903
0,g1207,0.25954517413587297,0.15631235482992778
1,g1208,0.3383461083505688,0.7830277268007253
0,g1209,0.4201505974097906,0.24051362907218096
0,g1210,0.15601762491995125,0.12295744967429531
0,g1212,0.0501164261504863,0.07676378801425941
0,g1213,0.351150724640561,0.22821120981898538
0,g1214,0.2626524309945552,0.21227508627630273
0,g1215,0.10724236352202295,0.0935602059000972
0,g1216,0.2554072220292981,0.18488746271541728
0,g1217,0.1374144635101524,0.12630607622547355
0,g1218,0.4009410999930995,0.23350812408343927
0,g1219,0.040367534515193725,0.04569993684637373
0,g1220,0.3381895294796789,0.24040464336620426
0,g1221,0.12909509935698832,0.10911341240863599
0,g1222,0.11927364000976554,0.1040599896505255
0,g1223,0.06490130710101799,0.0671745680473734
0,g1224,0.1647072967275009,0.12951242454280373
0,g1225,0.29581616201792105,0.21105474883585007
1,g1226,0.7382549385227041,0.8990960754185019
0,g1227,0.16113297366779547,0.1351476357267569
0,g1228,0.07216134720830202,0.08013975721932942
0,g1229,0.1478324712189911,0.10352731919056002
0,g1230,0.11977906291405227,0.09321262718327361
0,g1231,0.6587581012680703,0.2947488348445254
0,g1232,0.10639221600713968,0.10068765438173373
0,g1233,0.14721804811865408,0.1726443325657619
0,g1234,0.06196161313274351,0.08690108779845059
0,g1235,0.6098653023653525,0.34862757218205187
0,g1236,0.12410904598303368,0.1222660900819393
0,g1237,0.17421844092181404,0.13833325281724718
0,g1238,0.4115057488371239,0.22970890524518867
0,g1239,0.12980878087253703,0.1285266123164407
0,g1240,0.1636737892179516,0.13864022697958053
1,g1241,0.21421568639640198,0.6848275189438526
0,g1242,0.13712776245245584,0.14563304518844256
1,g1243,0.24420588471287522,0.7736120179298787
0,g1244,0.3415033091414192,0.20111591557680558
0,g1245,0.07461593291032796,0.08806512589234841
0,g1246,0.19900645468872322,0.18449323825402883
1,g1247,0.8166538840868844,0.8970209429058066
0,g1248,0.11757393257734297,0.10894045483225634
0,g1249,0.646537208873278,0.35054957128552067
0,g1250,0.1818248799835448,0.1373065279801252
0,g1251,0.3390640566974231,0.1921704333760916
0,g1253,0.14762064078273518,0.16233231542052998
0,g1254,0.1609745508086529,0.17282242351551935
0,g1255,0.0505994499526126,0.05717186739435768
1,g1256,0.6769673314382757,0.8728564163231384
0,g1257,0.12175573579268663,0.10769347993472807
0,g1258,0.2927688340420991,0.23232477774796026
0,g1259,0.1851710386418114,0.12887357674936267
0,g1261,0.13290181243469373,0.10088940898668289
0,g1262,0.6321552798414786,0.33036239942949625
0,g1263,0.38197128592181623,0.20926583804823864
0,g1264,0.19462272487712656,0.17115891836688227
0,g1265,0.07779071099024734,0.06728942991290338
0,g1266,0.7575409422404299,0.4098113582892622
1,g1267,0.13376810491572014,0.6884007171074434
0,g1268,0.728003846186887,0.34275322253232904
1,g1269,0.6305102314092697,0.8513949296535805
0,g1270,0.1135103389783744,0.09930438396967496
0,g1271,0.13792304276987224,0.13910628977742512
0,g1272,0.14836514923309102,0.14819561417550262
0,g1273,0.2711850312655123,0.184906602719083
0,g1274,0.14431980703649508,0.11205898137848844
0,g0,0.5066521386089315,0.2975715157625827
0,g1,0.04515953498229004,0.05178528028826398
0,g2,0.8871777105465551,0.44022396189483126
0,g4,0.5159790655525244,0.2931654730411007
0,g6,0.1546542929045851,0.1373377136547755
1,g7,0.388562164908125,0.8418012492089356
0,g8,0.23501237693055135,0.16197123024956897
0,g10,0.19157291816797548,0.14523536805347742
0,g13,0.13383394915231484,0.10789465511259227
0,g14,0.4950435751393771,0.2822491585332129
1,g15,0.4754836348284651,0.8412605942642081
0,g16,0.16305422526595817,0.12816098324591904
0,g17,0.06396382536479903,0.05818429568337395
0,g19,0.44855784485027195,0.29444924097489483
0,g20,0.17629728505492098,0.13126151563064148
0,g21,0.0648863571556441,0.06676840062233703
0,g22,0.050915537481442695,0.08596279999755373
0,g23,0.2856836524315489,0.20903451727546937
0,g25,0.3440091605138924,0.21776207250195403
0,g26,0.03937716465085402,0.056774850748289356
0,g29,0.09566191127033097,0.10022781369407267
0,g30,0.4988992991123223,0.2699628920985378
0,g31,0.11860518962915552,0.10197001670421262
0,g32,0.44500542215548766,0.21801473797090012
0,g35,0.14786217526381545,0.11577994777042908
0,g36,0.06261020354063383,0.07768274989340478
0,g37,0.16352613605023059,0.13217519628909066
0,g38,0.4521717526397162,0.2760501051288157
0,g39,0.20496270232400282,0.16310412529499344
0,g40,0.2167382725924685,0.1640682917431297
0,g41,0.08784937310142894,0.08227917772522358
0,g43,0.2096702428494861,0.1597303829614573
0,g44,0.2862227790328148,0.20529005009736806
0,g45,0.3468865476844616,0.19904951222371586
0,g46,0.276169879991448,0.22060315147157933
0,g47,0.6646058191749615,0.36226206801527033
0,g48,0.19966265778330683,0.19720692224766168
0,g51,0.14654429074969716,0.1294202410373012
0,g52,0.17160803115705883,0.1538040555132552
0,g53,0.3267575649897377,0.22042141024410314
1,g55,0.26553776698970355,0.6340929541872556
0,g57,0.05803279004982425,0.07080598128139948
0,g58,0.22984933774327143,0.13832093546947336
0,g59,0.10474444175483795,0.08985742783161936
1,g60,0.8696429555099612,0.9162001295337077
0,g61,0.6970715944866268,0.3411321840906764
1,g62,0.6549733282896225,0.8698377007642824
1,g63,0.5392478211819857,0.8388270225373372
1,g64,0.19548457353789306,0.7520034818204033
0,g66,0.09262488664976208,0.09631760515460018
1,g68,0.5828026467752121,0.8533467201499707
0,g71,0.2294073533894027,0.16341497956821793
0,g72,0.06843121192464376,0.07191475284653744
1,g75,0.10268162730349695,0.6811768678875575
0,g76,0.09337558709648727,0.0930330001623018
0,g77,0.25555302854715223,0.20324518270677772
0,g78,0.13908403373807793,0.14652826813175068
1,g80,0.8432981730757869,0.9009302725138663
0,g81,0.14962115303787935,0.15221596686927652
0,g82,0.42869926799716784,0.30914089526003075
0,g83,0.31922852496262744,0.1943645724623263
0,g84,0.20127934236666867,0.19001366019833119
0,g85,0.37846441888687316,0.2078207245802341
1,g86,0.762300713107114,0.8775251068413349
0,g87,0.38119010721854024,0.2525286742026759
1,g88,0.18688693148352864,0.5550636306653914
0,g89,0.08032672590695601,0.0742401422438269
0,g90,0.13830751940084168,0.1313748039664618
0,g92,0.16981848296703572,0.1313514695444392
0,g93,0.23569101798573508,0.1693181487475581
0,g95,0.11999309824333325,0.1018019241429034
0,g97,0.0645979190428251,0.0743977403742554
1,g101,0.13963090833392464,0.6406569105851099
0,g102,0.05883203228819042,0.06173698070407305
0,g104,0.17137393042934612,0.12690045192548893
0,g106,0.24472005061045735,0.17985863425336182
0,g108,0.28469982680537204,0.2209077790245893
0,g109,0.14704286647086182,0.11750908128234556
0,g110,0.0645101013875768,0.09194048139570034
0,g111,0.2016955920849248,0.17008236649465264
0,g112,0.09214964917231801,0.10470395001349697
0,g113,0.043890648475326435,0.0639467468097499
0,g114,0.4406059089535703,0.32976127182295484
0,g115,0.30069109480121187,0.25068538683154207
0,g117,0.4542153634845325,0.3507151570557614
1,g118,0.6330418258679441,0.8455958636079738
0,g120,0.13958989178091116,0.1239050672550642
0,g121,0.09733725634353245,0.1057771203337746
0,g125,0.1701885419218716,0.12636005685524343
0,g126,0.19298786540664806,0.13962423196139204
0,g130,0.7860626212289047,0.41683440387958576
1,g131,0.6111131235424219,0.8705910356219024
0,g132,0.28341496365766516,0.1526380983310988
1,g133,0.4271476414444714,0.8119848260065504
0,g135,0.16706730081224305,0.14028886257391657
0,g136,0.05053964417000504,0.057038191256262125
0,g137,0.09510056079637452,0.09576461259402405
1,g138,0.8212394712242922,0.8974268930865876
0,g139,0.2738038802561655,0.1454510106318657
0,g141,0.04045988648679746,0.03506761206650556
0,g142,0.12094167100106169,0.12242730551113895
1,g145,0.5857673651887734,0.8552875248993366
0,g146,0.13790461938938467,0.12183997995201819
0,g147,0.10628119090437692,0.11224322057685461
0,g148,0.10702959745014597,0.09590087384406278
0,g149,0.1024540309643597,0.10413006211879619
0,g150,0.13383919578214745,0.10989321791412228
0,g151,0.08974956077411005,0.0988556136312416
0,g152,0.10124606075136132,0.1100328213647327
0,g153,0.2685582037781515,0.19454256383709276
0,g155,0.06841703760496817,0.07041868206712315
0,g157,0.06180998433372192,0.07503175310104034
0,g158,0.0682024110235733,0.0789324877949877
0,g159,0.13405335200738927,0.1087969552731637
1,g160,0.23549988873402758,0.788969120178181
0,g161,0.26206799483218574,0.1730811878549269
0,g162,0.07513564176672026,0.09082425027484534
0,g164,0.17586125621825835,0.13142769418532288
0,g165,0.4798545391664367,0.24924026968350174
0,g166,0.5254167146681724,0.24505206980399416
0,g167,0.10448884370697807,0.07797407070440346
0,g168,0.17861535286492183,0.17675924810655783
0,g172,0.21927578991233823,0.14653526179060586
0,g173,0.0982858643349151,0.10954704192011352
0,g174,0.14797148207237698,0.12003541328947075
0,g175,0.08886459569677613,0.08683454602796639
0,g176,0.28253024873172117,0.1881587070534468
0,g177,0.08802165203488253,0.07234671668982658
0,g178,0.07129521176661024,0.06951045469440321
0,g181,0.13201173203691954,0.09381809025594463
1,g183,0.41448913506286633,0.7401716830153652
0,g184,0.17812790660314273,0.1454395625655348
0,g185,0.05059793606939707,0.053617104648928375
0,g186,0.06127360695863689,0.05488802226348329
0,g187,0.11295015583417045,0.10326634876196814
1,g188,0.44361223440120645,0.7873247546441061
1,g189,0.225198382761943,0.8075333896689901
0,g190,0.1636018733066156,0.1226331119212005
0,g192,0.08489279686887179,0.08888817899516227
1,g193,0.3443580801177565,0.8208908172462357
0,g194,0.038626870085214586,0.06143379368871456
0,g196,0.10289479218955722,0.10524462727049036
0,g197,0.27753009553537866,0.17729990396487696
0,g198,0.06405590413426601,0.07874655376172437
0,g200,0.0804605236769759,0.09682172899688123
0,g201,0.5335494490082319,0.24666952801793585
0,g203,0.13702916891028835,0.12280393759896589
0,g204,0.37315898357772,0.26723829543295374
0,g205,0.06518621837392856,0.08319676218058589
0,g206,0.3086957303063019,0.19301277830672264
0,g207,0.10844527022819496,0.08764745832134137
0,g208,0.20516497366286865,0.15311844104201425
0,g209,0.22266458554339708,0.2212231056419143
0,g210,0.24638384533431726,0.18647038905380378
0,g211,0.11576383395831218,0.10432546920383143
0,g212,0.1721697209172902,0.15229369617384153
0,g213,0.4642032097276671,0.20873669468344644
0,g214,0.03679339273323103,0.04758665734302961
0,g216,0.20939017796846834,0.18722603770733234
0,g217,0.16661450309461046,0.12019198928562244
0,g219,0.16908719876743725,0.180467047224019
0,g220,0.08919030770983831,0.08330085967864653
1,g221,0.37434303333989766,0.8127875127647562
0,g223,0.12997256581474848,0.12046462149959809
1,g224,0.2537215000956022,0.7085237757011985
0,g225,0.3942042783365338,0.22318254629435522
0,g226,0.11863680478755123,0.08395515842897103
0,g227,0.19579006771475588,0.16223113434079398
1,g228,0.6405278517946441,0.858221648820627
0,g229,0.10342047774421988,0.10862956895895634
0,g230,0.46061180550284153,0.24236558643547207
0,g232,0.11843752761425298,0.11840098626969776
0,g233,0.055222406081447,0.06150310029026622
0,g234,0.16395785593642723,0.14797046645216444
0,g235,0.09137878892093425,0.10043532262387295
1,g236,0.4911042916547742,0.8702402480304599
0,g237,0.22999932515398758,0.15452647992011348
0,g238,0.10524477450725753,0.09300466462911157
0,g239,0.04895749081347838,0.07272196452052143
0,g240,0.1758218727371422,0.12324559941868697
1,g242,0.26717249581234415,0.7502279801755164
0,g243,0.09820698879815838,0.10588144298577253
0,g244,0.2566990459747038,0.20380143906168424
0,g246,0.12092808851168788,0.10990508156419912
0,g247,0.05693082671933981,0.0678723596293893
0,g248,0.25970844045936436,0.21855321729908014
0,g249,0.30272834715115565,0.19346206466764496
0,g250,0.04108692860335568,0.05211552181870195
0,g251,0.15713920871681647,0.13907686469928368
0,g252,0.3645477379380688,0.26033919733964705
0,g253,0.13950255864837058,0.0997568775684598
0,g254,0.10769662312631481,0.11068644014606298
1,g255,0.6184352051706649,0.8333050418135245
1,g256,0.23025580314413843,0.7451254063709518
0,g259,0.1259627692031811,0.13246569112647807
0,g260,0.06088611122743754,0.0923550375010008
0,g262,0.1398957476440264,0.10974998839300074
0,g263,0.09529134106061211,0.07451760292030388
0,g265,0.10106120061387935,0.09398979107111144
0,g268,0.47310864069142017,0.2413002077539191
0,g269,0.051186991170162746,0.061374165445355344
0,g270,0.13932958778636687,0.14287027495088175
0,g272,0.06455232525699763,0.06486646947565974
0,g275,0.6485372472742506,0.32831185831492354
1,g276,0.7527636214515783,0.890483557396543
0,g279,0.18413978360548794,0.15571325312693038
0,g280,0.3573889869078744,0.20992965710782713
0,g282,0.2101881703526861,0.14441397707660797
0,g283,0.06764171310352496,0.06679317592773198
0,g284,0.13044200769488407,0.12083030020186171
1,g287,0.5042575495759932,0.8395515928106796
0,g288,0.59029362260531,0.3236605353867428
1,g293,0.16481267973228186,0.7718177303073147
0,g294,0.3377787981627541,0.20744306061315618
0,g295,0.5217177176938844,0.2974374749270329
0,g296,0.23933813162935683,0.149945980121128
0,g297,0.16816304498419807,0.12691655425309573
0,g298,0.10790668556778175,0.08830551154454369
0,g299,0.08337876231885728,0.07997966130645667
0,g300,0.2521015463177317,0.16210404976343806
1,g301,0.735634875837574,0.8766282744352114
0,g302,0.7431553007940457,0.38205442014688756
1,g303,0.1292428383101568,0.7728281333016871
0,g305,0.09415263969050047,0.0990285589578359
0,g306,0.4714778291834302,0.3251963429029289
0,g307,0.25923011058676554,0.16586109994101744
1,g308,0.2953654908712455,0.8223686127588143
0,g309,0.4072434186548466,0.22008845725148543
1,g310,0.6336632507058032,0.809945495821078
0,g311,0.12331619611567324,0.12189054964379334
0,g312,0.27636014894387895,0.16895487205669252
0,g313,0.6583111036076035,0.3728599501993724
0,g316,0.23202918549666451,0.15758818097616162
0,g317,0.19477557260857742,0.15473508010022338
0,g318,0.1420370504134461,0.1349680294711545
0,g319,0.13539500917298058,0.11234731209624911
0,g320,0.2960625873641863,0.17063983354604503
1,g321,0.8661737541313336,0.9203669021458566
0,g323,0.3237173168139259,0.1980552952172727
0,g324,0.6490868417991116,0.4143214313033639
0,g325,0.10669518938668451,0.10252900472176692
0,g327,0.061335789421193276,0.08614109325498397
0,g328,0.5393489869546646,0.2489867939595351
0,g330,0.07381112649456718,0.08876808697869029
0,g332,0.24345013925829734,0.1764485822859811
0,g333,0.14988296538109153,0.17224806101617893
0,g334,0.08236482660386048,0.08755150320896336
1,g335,0.5511340438950929,0.778615044372248
0,g336,0.15451104879951738,0.14278626911232228
0,g338,0.14892713831899393,0.11166105036814952
0,g339,0.24828695353276523,0.17999712291349423
0,g340,0.17468827036230206,0.149778852584999
0,g341,0.10752938128620478,0.12749619876140647
1,g343,0.6393207261201308,0.8526066685047241
0,g344,0.19269905848606692,0.13119903644303302
0,g346,0.1884063294116679,0.12892665606307271
0,g348,0.07988944459346017,0.06858032012194473
0,g349,0.11455483551186163,0.10892135393115132
0,g350,0.10130376060007963,0.08301772957048978
1,g351,0.17643201062453778,0.7633723343363206
0,g352,0.26686530457311797,0.1732352433668623
0,g353,0.4548285437181273,0.29470945681493416
0,g354,0.04750205996329563,0.056655540238646954
0,g355,0.30952141155949,0.1749526662931035
0,g357,0.3519024409500189,0.217445051069005
0,g358,0.3303015957612152,0.21858850024581059
1,g359,0.5944284537775049,0.7237106899155729
1,g360,0.42353850213161975,0.760033798472598
1,g361,0.25398587084795143,0.8218631358385461
0,g362,0.27848841309014405,0.20515299749187216
0,g363,0.6223636206168882,0.45176501170339856
0,g364,0.3087829608152171,0.17563996521416037
0,g365,0.12358468835564104,0.11707420699864068
0,g366,0.1668151761575174,0.14384078119270513
1,g367,0.18523121773846138,0.806379798706668
1,g368,0.5032608271882965,0.8376448592137888
0,g369,0.3679433047309484,0.3203438130060449
1,g370,0.1942009533845974,0.6836371673252553
0,g371,0.16800902370897186,0.13844544637595121
0,g373,0.15571002009428278,0.11922203623630934
1,g374,0.6762353469537076,0.8492283131828924
0,g375,0.23076370880285388,0.19184121564448184
1,g376,0.5600918128725241,0.8565946763680855
0,g378,0.4723344977353819,0.29524628850869883
1,g379,0.25306724483762066,0.8213494973999045
0,g380,0.49634288947706623,0.2579656482056754
0,g381,0.7981230814503674,0.4082012706858525
0,g382,0.40560670692143247,0.21314708764752271
0,g384,0.17892281990768624,0.17029575227143165
0,g385,0.10244072787702982,0.08533733049895251
0,g386,0.04750348169291235,0.058057099606337474
0,g387,0.09669158793792232,0.08267028841965857
1,g388,0.4551918409288049,0.8525184228038717
1,g389,0.6224643477177787,0.8674327926669966
0,g390,0.20548750485566478,0.20632077316742176
0,g391,0.16956969245484066,0.1517925980688217
1,g392,0.4562547104982693,0.8531043486596482
0,g393,0.1704674416330459,0.14200580189385043
1,g394,0.757549632667041,0.8698450634302894
0,g396,0.4663310166892399,0.2566743957445255
0,g397,0.08901575484480653,0.09493903147823042
1,g399,0.1314779423528128,0.6587550833004299
1,g400,0.6404846117011359,0.8362613966805114
1,g401,0.6232460581495121,0.841081778565338
0,g402,0.17858059481053645,0.19983944406149737
0,g403,0.08108594030760063,0.10618918125640003
0,g404,0.08590514335125544,0.08082133226554669
0,g405,0.16282058947624303,0.12284953524615157
0,g406,0.2601641063622414,0.17890825445660294
0,g407,0.1408728199990453,0.15246482069569112
1,g408,0.7239133106171383,0.862145538788658
0,g409,0.1331439347956445,0.1182725349241297
0,g410,0.4180870641530327,0.24049851858861498
0,g411,0.7562929872043684,0.3353107116585354
0,g417,0.11466832724001999,0.09659731813394529
0,g418,0.2560783984422624,0.2312124056382517
0,g419,0.21549608482274785,0.18875082179024938
0,g420,0.24930394787400814,0.19550369362426023
0,g421,0.05531619556068842,0.06063119854193596
0,g423,0.17352964749215027,0.14805692353283517
0,g424,0.12089587202563898,0.11424106449553269
0,g425,0.1400363828641086,0.11659912537450703
0,g426,0.06183932799173841,0.06121761283106735
1,g427,0.49335680542724425,0.8333026731990212
0,g428,0.4243326831946994,0.2704109870995409
0,g429,0.30434795725364866,0.21755172849924767
0,g431,0.5848156328035548,0.3292286162328054
0,g432,0.11362437280231738,0.1294334425863949
0,g436,0.2908806651765461,0.20818385473122886
0,g437,0.09167259908032771,0.07568190515012736
0,g438,0.2556363471485673,0.16119385221393392
0,g439,0.3392498707576915,0.20804448961328492
1,g441,0.5185045925905116,0.8740814351796048
0,g442,0.05240168134781049,0.06166786700060081
1,g445,0.3274638480505532,0.8330797578478449
1,g446,0.5973931183628961,0.8661616926198006
0,g447,0.08769735659971473,0.09931326186857395
0,g448,0.11661589727898515,0.12882493523904798
0,g449,0.1680673660919435,0.13168455072226046
1,g450,0.5868474566653644,0.8563759750708486
0,g451,0.02972141505045892,0.046863956750958925
0,g452,0.1679490720978234,0.1200472160950036
0,g454,0.15832941509457726,0.11777962202163982
0,g455,0.30449287728672714,0.2310078988594266
0,g456,0.39590670414722956,0.24569055211955565
0,g457,0.19265378140372955,0.13876776385938083
1,g458,0.5902064323784919,0.8576449052542298
0,g459,0.14808573923673926,0.11453908817537364
1,g460,0.6566506778003028,0.8589228235861724
1,g461,0.3049537233330574,0.8177109207654588
0,g462,0.2666506048581854,0.20171230039814758
0,g463,0.1450685882195068,0.11189542763579204
0,g464,0.27434813486631493,0.16227542813868628
0,g465,0.597636047512435,0.28401686931034215
0,g466,0.35323118566458844,0.22135934752106126
1,g468,0.7316995181756556,0.8696630231379746
0,g470,0.13664216342343008,0.1049632156875079
0,g471,0.14333131886447917,0.11947931317537853
0,g472,0.21911364445002918,0.17319298413552098
0,g473,0.1413469416976765,0.12034486318070284
1,g474,0.3858291019168974,0.5418545714076053
1,g475,0.3749728821610201,0.8134268023699077
0,g476,0.09879445624807176,0.11217741790134483
0,g478,0.23902238083127264,0.1479307886780124
0,g479,0.5368833201489459,0.28847671048606155
0,g480,0.37299851700378633,0.23911218657322064
0,g481,0.44123551326268595,0.2322971134145737
0,g482,0.23425430565709307,0.16012994498419997
0,g483,0.27633480189933163,0.15046868480970113
0,g484,0.3285685343027682,0.18212915136779376
0,g486,0.08932437963925483,0.07760954246981186
0,g487,0.16943425713739377,0.16734385683365827
0,g488,0.39298453444291703,0.199790236872576
1,g489,0.1278102522842,0.7685555919822191
0,g490,0.20055714798938823,0.1423247121133824
1,g492,0.6891033758992829,0.8297640497844406
0,g494,0.4960392741283203,0.268854000650562
0,g495,0.43081952242214755,0.21012964293343925
1,g496,0.5385973057014992,0.8176419331257003
0,g497,0.11354186925447665,0.1093944362008796
1,g498,0.35787761310222305,0.8490428603942934
0,g500,0.2796078088545856,0.2231022430596548
0,g503,0.1195026951281549,0.10911214893805306
0,g505,0.11888754548409551,0.09827665674435396
1,g506,0.2848642820730645,0.7124233579983951
0,g507,0.1576241368921174,0.16121908095871162
0,g508,0.1108315949451718,0.10020194671021335
1,g509,0.5529883256402803,0.8549415174528324
0,g510,0.2940241860251211,0.1816715856187864
1,g511,0.7162866057749923,0.9018880158444201
0,g512,0.3686647669602044,0.19552332635497674
0,g513,0.20145870082649298,0.15953528809261608
0,g515,0.577241631017848,0.25619224007483216
1,g516,0.22474552883134163,0.7653156364882304
0,g517,0.2915440561089461,0.1829477291382675
1,g518,0.4867134149354483,0.8395322310158543
0,g519,0.03391585894480096,0.04179143410312035
0,g520,0.23795545350100739,0.16621812303404415
0,g522,0.5881412060688164,0.31467165692411386
0,g523,0.2905982217072421,0.24027948499855048
0,g524,0.24249166146658113,0.14952686532234988
0,g525,0.2536970744202549,0.23570771540168334
0,g528,0.5007307876367304,0.2448524559752825
1,g530,0.5379281749882134,0.8597600264033611
1,g531,0.6472198534255504,0.8602818854716053
0,g532,0.28355388874673854,0.17695753873800296
0,g533,0.10798123388332063,0.12562762985268275
0,g534,0.6855500384841939,0.2988799731822314
0,g535,0.364249135861827,0.2458441971831133
0,g538,0.10921279054610494,0.10682756408915119
1,g540,0.24098765489578428,0.7532878216792092
0,g542,0.11174410072318222,0.09476244127577135
1,g543,0.6103191959145023,0.8660004997126939
1,g544,0.5400901296659987,0.8136133464637225
0,g545,0.1482246274380708,0.13256816112303382
0,g547,0.43713910561226127,0.23143554454239304
0,g548,0.21512529834479177,0.1649401803186474
0,g549,0.06781790225770969,0.0842001968550113
1,g550,0.0639089910023578,0.7309955969227944
0,g551,0.10670351300629848,0.1165326954575381
0,g552,0.2701958033858145,0.21528887970429803
0,g554,0.2687611508210846,0.17495552694419766
0,g555,0.37736803607674846,0.2213336726071269
1,g556,0.5747592354449708,0.8542185859149863
1,g557,0.24019328426133402,0.7213416823631764
0,g558,0.42463870090659267,0.24205753543882505
0,g559,0.21778449389750965,0.15125558845172168
0,g560,0.3369848456829555,0.26593722823182225
1,g561,0.6937434526464642,0.873895805447164
1,g562,0.4361831308824745,0.7927593736382553
0,g563,0.10970790833382185,0.11779919443254384
0,g564,0.21121111739239662,0.16778482307904743
0,g565,0.2718454831771088,0.1619771186531636
0,g566,0.18930293907025056,0.14560933564005987
1,g567,0.27894251570178186,0.7818294596522257
0,g568,0.24291143940818327,0.20470085315735315
1,g569,0.6744025793337989,0.8674796942510289
0,g570,0.8446605927167631,0.4839648379077517
0,g571,0.18870761321448526,0.13045533908197424
0,g572,0.2938461108939276,0.17374726623672104
1,g573,0.40520552039881125,0.5785329752004049
0,g574,0.48362666485234923,0.2895305421662987
0,g575,0.08717031207443748,0.08553348786900693
0,g576,0.7686612684053037,0.4144430955189573
1,g577,0.3283567755670197,0.7843033243455759
0,g578,0.0800424494987203,0.10759675320124223
1,g579,0.2776332241167734,0.817373417060742
0,g580,0.1508028707535231,0.1334089640067699
0,g581,0.5645681411333412,0.35367113176389264
1,g583,0.23979436072820898,0.8061239001872658
1,g584,0.634592370530755,0.870790795099998
0,g585,0.22767836470455105,0.16421290516860146
1,g586,0.7732023201237248,0.8876761612311832
0,g588,0.28994772161002313,0.19652737337832826
0,g589,0.3448377598423881,0.243524745205608
0,g590,0.28622121571835785,0.17185516163689663
1,g592,0.6670828751885604,0.8940201313799887
0,g593,0.31289438346951226,0.18222268718968776
1,g595,0.21811334431803037,0.7684123829441681
1,g597,0.6230608370883575,0.8691373130092604
0,g598,0.031313111507861494,0.03801423107932939
0,g599,0.4610717172860079,0.25030677751876074
1,g600,0.782514058994429,0.8980099834086485
0,g601,0.1582365640668099,0.1405233474295991
1,g602,0.15578318957667014,0.6524544464249047
0,g603,0.15896438349155606,0.11916179135682584
1,g604,0.4012522344978892,0.8247463630336347
0,g605,0.7101938041053261,0.3903160417889106
0,g606,0.18910454001301166,0.14103713050744063
0,g607,0.14565965574875656,0.14616137457999553
1,g608,0.21171333975166973,0.6692041918097245
0,g609,0.09973712332554932,0.1011198198420185
0,g613,0.13712656185134164,0.12776319019773688
0,g614,0.07433135331560937,0.09785437019593848
0,g615,0.11679251340349443,0.10583235353140717
0,g616,0.06851391863409266,0.05239945693358258
0,g618,0.47323972952477633,0.24957387023468325
0,g619,0.6070970901009164,0.3220453851147206
0,g623,0.1722822847572287,0.12477700253535932
1,g627,0.4865649957272172,0.8514464116823093
0,g628,0.4370291799690852,0.252149951894207
0,g629,0.2719060324290953,0.17863156568926744
0,g630,0.43980537614032655,0.2366361016687114
0,g631,0.4622080565627144,0.24440241341737923
1,g632,0.14250088533128924,0.6884777127313582
0,g633,0.23423967811933777,0.15860325445405182
0,g635,0.05278653188064904,0.062392545019736755
1,g636,0.6133875942567243,0.8662073716697325
0,g637,0.20457174418698323,0.1490751226833942
0,g638,0.09981196259849007,0.08781365636271124
0,g639,0.09348926782653132,0.08770347565485541
0,g640,0.5645139888090615,0.289418969056049
0,g641,0.24513552653849627,0.14875048443610947
0,g642,0.3830010303141223,0.21247154087009643
0,g643,0.040694415078465405,0.039718839999811024
0,g644,0.46798140770265384,0.2512518984535614
0,g645,0.546212833415063,0.303634126463433
0,g647,0.5323417675566823,0.2619866341165869
0,g648,0.17641076751995266,0.1344561361754177
1,g649,0.7203294051163519,0.8825590200242505
1,g650,0.7530655752798279,0.8829132116580741
0,g652,0.20248098279370705,0.15798496835962075
0,g653,0.7246901010566688,0.38208933356703895
0,g654,0.1029468528370385,0.11690590039303635
0,g655,0.12291950734766638,0.09913568450681336
0,g657,0.09165965263537669,0.08591402763871693
0,g658,0.1446249324968543,0.12017199563134916
0,g659,0.7943270283246918,0.38322448163975503
0,g661,0.12568807976765314,0.11718315425364019
0,g662,0.25714516756211453,0.23201938052006807
1,g663,0.5807094247506221,0.8022537365107547
0,g665,0.1294144735796244,0.1279249138772364
1,g666,0.5231829316635053,0.8167079729215717
1,g669,0.8255460343987493,0.8957557426017992
0,g670,0.1082082636570672,0.10499656741559932
0,g671,0.44071708917951274,0.2247013968128728
0,g672,0.2831502929848963,0.2318652577109296
0,g673,0.20595891701451252,0.14721962208229938
0,g675,0.10588801067482452,0.10006197869739487
1,g676,0.21868389491549647,0.6935535245712712
0,g677,0.5885342424427392,0.3247149665141793
0,g678,0.16987597243958216,0.15013398185074786
0,g680,0.495618079191008,0.27813838651374484
0,g681,0.7978138706656647,0.43089637209665793
1,g682,0.40362005828568615,0.8417289426995569
0,g683,0.4640659363072847,0.23625528916423363
0,g684,0.2994485229569717,0.22732453882063788
1,g685,0.7192086575926536,0.8904492063413033
0,g687,0.31193724847059595,0.20677694763707796
1,g688,0.4010987809290798,0.8174806917091025
0,g689,0.09951522118508593,0.091856945648789
0,g690,0.5639874368869808,0.31154259054292854
0,g691,0.6956014930668579,0.3356288825458313
0,g692,0.135944870237317,0.11096626288513313
0,g694,0.4699191814644671,0.23036903895733493
1,g697,0.3813896669198548,0.5933252791552455
0,g698,0.32456779810354797,0.22712606422039427
0,g699,0.21529207533564126,0.15085097603763187
0,g700,0.1890176930949743,0.19608619892530002
1,g702,0.3431051426233067,0.8022977799432711
0,g703,0.14744560641022314,0.1506297373201032
0,g704,0.038360841135962866,0.04920293230975077
1,g706,0.6014033616905524,0.8618212367602602
0,g707,0.04608240265953405,0.06135383596068421
0,g709,0.1947077740238252,0.18570951671412936
0,g710,0.37099324877501516,0.19041581843684552
1,g711,0.6553512689922149,0.8667089444926526
0,g712,0.07741580800995816,0.07941797765841918
0,g714,0.18862050264870522,0.16271936594039565
0,g715,0.46318974564040444,0.2650466778352308
0,g716,0.11204778357868551,0.10987438514881524
0,g717,0.16219418792866605,0.12449051191359285
0,g718,0.07968215703486074,0.10058251449247493
1,g719,0.7642175546933703,0.900161805649154
1,g720,0.43283957599387035,0.6950380632476367
0,g721,0.251213001354497,0.17198365295676507
0,g722,0.16817980524499174,0.16036270764712438
0,g723,0.15386938777848277,0.1251965769457058
0,g725,0.04078378698580418,0.04637490858039617
1,g726,0.565538419800251,0.8583462660478142
0,g727,0.07949763619023366,0.060421976684088066
0,g729,0.16038735096187767,0.14154745220573212
0,g730,0.04883185088290005,0.057024584636473134
0,g731,0.10223518309587802,0.10681272661677883
1,g732,0.8120333645909263,0.8964470244558977
1,g733,0.08402195964966562,0.570103423820672
0,g734,0.21200435987087726,0.17111975902775306
1,g735,0.40311620926707586,0.8222991731728725
0,g736,0.23133456646945502,0.17320988474346874
1,g737,0.44057123164087164,0.816354718763706
0,g738,0.12215759223277552,0.1253666204877465
1,g739,0.6272560603815743,0.8556991411081534
0,g740,0.28565584584542886,0.20969795215688053
0,g741,0.09435854968432582,0.07795225276543549
1,g743,0.5116774465050004,0.8482327412696476
1,g745,0.7473725612958014,0.8788084322786757
0,g747,0.049910102666231485,0.054247178134514094
1,g748,0.7572095786516875,0.8908706121926318
0,g749,0.06201696783315448,0.08150807392947154
1,g750,0.7915582606571999,0.8905761476413596
0,g753,0.14524232092745462,0.09780885274838796
0,g754,0.44724733117615917,0.2824940394555454
0,g755,0.5123726610985649,0.25538567309439564
0,g759,0.11610915639268467,0.11302478532599432
0,g760,0.0589348142538155,0.059346082569760664
1,g761,0.7752622426182765,0.8957102187694919
0,g762,0.5259946186047922,0.27835703227982306
1,g763,0.6825256922513814,0.8561482163647604
0,g764,0.7606822844081053,0.43606125136223306
1,g765,0.6482160799769403,0.866666875856794
0,g767,0.07042090476369467,0.09463455559997133
0,g768,0.12204653677137307,0.12559908672543096
0,g769,0.5916084697319759,0.3202131017463547
0,g770,0.11660830925194939,0.12161962956616357
1,g772,0.6616609294021146,0.8592604275631509
0,g773,0.4476616442186661,0.3236393828061899
0,g775,0.16423320721464846,0.14039615127188937
1,g776,0.6647555382016911,0.8823452634256608
0,g777,0.12517922559290653,0.11232159227933658
0,g778,0.19376548403102362,0.16022366811109623
0,g779,0.08573702071403358,0.09920079781248567
0,g780,0.23398688223568928,0.20782562045621264
0,g781,0.2502932556335169,0.1771972944880808
1,g782,0.20711265575387405,0.7469232227819633
1,g784,0.6338326373051449,0.8818802252284847
0,g786,0.20787829849385814,0.13047521095928824
0,g787,0.6690335314667198,0.37643088698766114
0,g788,0.32419295380904956,0.23771592906375333
0,g790,0.4040226806375637,0.22913683829960618
1,g791,0.4687294307026013,0.8605321555833374
0,g792,0.11377265692327304,0.09376379600137762
0,g793,0.3588742389226759,0.20166614239288239
1,g794,0.8970930772536944,0.9238147904390667
0,g795,0.15579565929587466,0.12181178969360516
0,g797,0.4287860806873731,0.24076847151545788
0,g798,0.12670539749963547,0.0991581508999421
0,g799,0.7722270687725078,0.449897968230306
0,g800,0.16211951153215584,0.14825954329850846
0,g803,0.4927837410331319,0.22012980327427303
1,g804,0.5237576255141905,0.8057830843892865
0,g805,0.24677456661554678,0.1706137291637792
0,g806,0.24903520619153532,0.15552436595885621
0,g807,0.15118757592985757,0.15325518825342535
1,g808,0.7770666647817436,0.88783993624909
0,g809,0.07897309682950203,0.09877898874625878
0,g811,0.18309850531569893,0.12096305926058647
0,g812,0.23317319352528396,0.20353434251036012
0,g813,0.16107097190338657,0.11336727090191231
0,g815,0.1639019048667551,0.12636183981501548
0,g816,0.09080360314945787,0.10489846503897274
0,g818,0.2889349586014825,0.1788287502788589
1,g821,0.865314316679169,0.9335006095892783
0,g822,0.44279135150878246,0.26018183778669524
0,g823,0.2951633003938065,0.17287036577670692
0,g824,0.07880481311955466,0.09245270162857354
0,g825,0.367206335565886,0.23184589733174865
0,g826,0.07366096983370687,0.0682482651975932
0,g827,0.12190332558429728,0.1312907151353361
1,g829,0.6236133663434467,0.8347884328561678
0,g830,0.2320538163865439,0.16983370036556497
0,g833,0.1444518383301834,0.120367896136189
1,g834,0.6671542703718322,0.8668586381175605
1,g836,0.2645019470135825,0.6895964649345269
0,g837,0.18657659430570814,0.17241111300059048
0,g838,0.18457130818197118,0.14340117950155512
0,g839,0.2511722008638478,0.15981816013222988
0,g840,0.0984817996918644,0.09614793754752089
0,g842,0.4736756522541525,0.22182512957520747
0,g843,0.684129468110791,0.32331665376921254
0,g845,0.16181240647446932,0.13453261382491208
0,g847,0.12619812531986702,0.11169303251640834
0,g848,0.07614051178488282,0.07533079958139144
0,g850,0.12912422599146148,0.11495357305257914
1,g852,0.7337479785848591,0.8624526963416277
0,g853,0.30888047628087745,0.20664020921218237
1,g854,0.5458920412026298,0.8530860240540158
0,g856,0.05106143159309753,0.06639269821758882
0,g858,0.5904952719493303,0.28752970437334907
0,g859,0.11125355556087514,0.12463153965856011
0,g860,0.1855721311184246,0.13096094251459348
0,g861,0.3476182908196506,0.20697743070530122
0,g864,0.11408976391808996,0.10933498151533852
0,g865,0.30248322827024066,0.20771240064113808
0,g867,0.12018336285786861,0.1224718921859273
0,g869,0.07840524995830803,0.12734765806161527
0,g870,0.17511980298523003,0.13136702320250557
1,g871,0.44880213185973494,0.8311002439466619
0,g872,0.37437521455695205,0.22600359137444512
1,g874,0.7785094138671271,0.8947548735715302
0,g875,0.12847724504963978,0.11223019168864323
1,g877,0.6564512472070745,0.8730323238585714
0,g880,0.2013544348866957,0.16471645541985144
0,g881,0.3788052095651197,0.2706328690706368
0,g882,0.5075168978980034,0.30483347800546057
1,g883,0.5834158952269978,0.8127553694480624
0,g884,0.15500884351354058,0.13590198778629817
1,g885,0.4908266475383455,0.8460811189755949
0,g886,0.07829999440898167,0.08955709893466497
1,g887,0.6519549243754669,0.8815622556172932
0,g888,0.05787573935773726,0.07193329761813025
0,g889,0.0695911841188368,0.06467641651624478
1,g890,0.8592392921081742,0.9067461893521033
0,g891,0.15875095982224466,0.11407796320755151
1,g892,0.3655150239493923,0.8006202567152331
0,g893,0.33013725535417965,0.22078846779544423
1,g895,0.48830704140782355,0.7860123308183263
0,g896,0.1765674274582664,0.11762649210654871
1,g898,0.7002073625928676,0.8977544392750597
1,g900,0.722422437746143,0.8829331612060873
1,g901,0.7293718664930655,0.8452828718879838
1,g902,0.5127791570193994,0.7722710309554564
0,g904,0.6723402634637347,0.3118477099255082
0,g905,0.3578340841516111,0.2449458596375553
1,g906,0.7810723442136595,0.8873568905722096
0,g907,0.11452427699466393,0.09550761266113279
1,g908,0.38013705583272717,0.8285589663605167
0,g909,0.08652869176794672,0.11973795408170872
0,g910,0.11147402443815951,0.10223015941400897
1,g911,0.5131704945864336,0.877355269845802
0,g912,0.42200259109316873,0.24576625364818752
0,g913,0.15421737858570064,0.14574983058017044
1,g914,0.5571912611525803,0.8581763624873844
1,g915,0.25207025431943075,0.7120198091801279
0,g916,0.5936806908938499,0.3076009685022222
0,g917,0.24213450966360128,0.15492811890558897
0,g918,0.2684324421569659,0.16984312970985208
0,g919,0.044475836197123725,0.03958060840707215
0,g920,0.11409206194880543,0.10164144484975668
1,g921,0.4618545945249333,0.6971272679192871
0,g922,0.37584894389843904,0.2250674591553656
0,g923,0.7700478763969061,0.4253487444090857
0,g924,0.34006768024304895,0.21020194956343916
0,g925,0.4094346690172792,0.24969420995568717
0,g927,0.4306423688386889,0.27613569189227555
0,g928,0.13022274434132441,0.1188175807084685
0,g929,0.44780529344473147,0.26415217609530484
0,g930,0.4470378660167076,0.2753600247175394
1,g931,0.44553111414747804,0.8564340238765232
0,g932,0.2988310693148141,0.1900528448532309
0,g936,0.2320798916048841,0.15298651621103646
0,g939,0.36166686457792585,0.21657770963962616
0,g941,0.15106545823188286,0.13325638183448002
1,g942,0.34219023795145204,0.7421744955780402
0,g944,0.09219208083833767,0.08995790694689476
1,g945,0.31308621007519716,0.7759948377212454
0,g947,0.07544383768805493,0.08782556240648107
0,g948,0.09525837376541332,0.09699665608339164
0,g949,0.06841269589952606,0.05996722299574544
0,g950,0.16157064224249826,0.14043599736694964
0,g952,0.12676777292559605,0.12178574093057713
0,g955,0.12594132748834513,0.1151487747001498
1,g956,0.6224368711988867,0.8607511239695357
0,g960,0.09794135346660325,0.09847865139482684
0,g961,0.0627228033980809,0.0789443941863505
0,g962,0.10185419685436563,0.11199700660492337
0,g963,0.2982497566582434,0.27945194036993937
0,g966,0.09058213898482224,0.10225509654817187
0,g967,0.46479588245183145,0.23194199445193914
0,g968,0.3869172885965366,0.24715726131116475
0,g970,0.1313136609927375,0.12098821061296032
1,g972,0.5220633014360445,0.8540940703328573
0,g974,0.26959508423564826,0.2116172040038725
0,g975,0.3538749174954501,0.20065895202086326
0,g978,0.13645565047575717,0.12464347784580905
0,g980,0.2559594047156988,0.18631824906557773
1,g981,0.5152891235944317,0.8367196912975728
0,g982,0.5207149298482866,0.2578169762189912
0,g983,0.3184462143434614,0.2048015033777863
0,g984,0.36584416839403394,0.19862664468459437
0,g985,0.33513288450418693,0.19896309292258832
0,g986,0.13946049409018146,0.1288242488920587
0,g987,0.3138769455790859,0.1794383549963071
1,g988,0.4739311207204014,0.8699004104180721
0,g989,0.16259379858171924,0.10768021812536181
0,g990,0.11844044775020929,0.1117898114257246
0,g991,0.23148601810955483,0.167821336115718
0,g992,0.14112732982627044,0.13553185654910682
0,g993,0.17074028894535379,0.12458221741581675
1,g995,0.5628626233361855,0.8520065615917565
0,g996,0.067404191572193,0.0720568078242119
0,g998,0.1325466334285767,0.10106142133480507
0,g1000,0.2934107312299029,0.17965120741726925
0,g1002,0.40270852695638193,0.21227394632793725
0,g1003,0.47637043607601426,0.2778084719462323
0,g1005,0.2945422655288524,0.1947993993067344
0,g1007,0.10356112983160001,0.12972928557652302
0,g1008,0.18351909913394113,0.16824791512583037
0,g1010,0.12493563904860892,0.12544576591004508
0,g1011,0.1676870275801064,0.13019641907818927
0,g1012,0.18860163113024048,0.16529138587394848
0,g1014,0.1510323740666933,0.1265001880331737
0,g1015,0.056940366293673494,0.06348429446485938
0,g1016,0.09120574890093985,0.1033732614416414
0,g1018,0.13935771402042263,0.10184727726409205
0,g1019,0.35966198486951806,0.22789342753722314
0,g1020,0.35763347895341635,0.20669205928444254
0,g1021,0.04836352138815535,0.0626727231281375
0,g1022,0.07830016054328874,0.08883841999071244
1,g1023,0.5140789546731829,0.8354615367553307
0,g1024,0.4763065878310193,0.2899388050323348
0,g1025,0.15802146017426588,0.13087454791148564
0,g1026,0.13788353250278376,0.1195369863432063
0,g1029,0.38898187694908476,0.21332048137403603
0,g1030,0.254656791497844,0.17894439343712704
1,g1031,0.6766301233907683,0.8691348801761879
0,g1032,0.03917172531331909,0.04141708134621423
0,g1033,0.1466269485800951,0.1492127356006444
0,g1034,0.40594327299119387,0.25771665725995085
0,g1035,0.0985811508207104,0.09586945170488781
0,g1036,0.2872921991585541,0.2367267102002098
0,g1037,0.15031798295314566,0.1123056659802423
1,g1038,0.4163597012620592,0.842882675306989
0,g1039,0.46821038733904374,0.23123612198744145
1,g1042,0.47807324588142724,0.8568311205914172
0,g1043,0.10908569929297168,0.12980419024244708
0,g1045,0.42796009884079333,0.2496660831479097
1,g1046,0.8010488057655769,0.8723955150248772
0,g1047,0.07553374438545866,0.07560342807743493
0,g1049,0.6315079526362554,0.34703184736197157
0,g1050,0.14219747532066432,0.1188304773362768
0,g1051,0.41945849112338707,0.22843936461248354
0,g1052,0.12655405570968153,0.11209655615632305
0,g1054,0.426068123684532,0.23115053439265523
0,g1055,0.22420199707167038,0.19468640607791565
1,g1056,0.781276400362076,0.9096925726446825
0,g1057,0.15726232397613077,0.14270523628134524
0,g1058,0.452008790596063,0.23203982074713914
0,g1059,0.18187578812812594,0.1407673222860072
1,g1061,0.3612264469932231,0.8394713701571281
0,g1065,0.42650099752754006,0.2488221881912653
0,g1066,0.17934960614217393,0.1553894458251738
1,g1067,0.7015887392795352,0.8780742735699149
0,g1070,0.03125370303780336,0.04378783443215477
0,g1071,0.1841486834475133,0.15644732289375024
1,g1073,0.6421944304908639,0.8584549691273518
1,g1074,0.8220018975820227,0.9046780601820308
0,g1075,0.08330595585924869,0.08096069624633223
0,g1076,0.2653572857320097,0.21072048083482775
1,g1079,0.6357685660351851,0.8705437285121049
0,g1080,0.321013855289218,0.18353614968327375
0,g1081,0.1514353649631408,0.14609439048497322
0,g1084,0.2824926053274822,0.20091805866220075
0,g1085,0.05939548916182565,0.06288868714532006
0,g1088,0.13180081649863895,0.13477294074295967
0,g1089,0.43532117920466995,0.25147975707322007
0,g1090,0.3143210957490158,0.18488258184789744
1,g1091,0.4726802511440827,0.7986436337553285
0,g1092,0.17515384393907804,0.19978945997886355
0,g1093,0.3071000818199523,0.2015991850858889
0,g1094,0.14590867013304135,0.13667408573318102
0,g1095,0.29216003549928815,0.19591408699327367
0,g1096,0.17922016287128006,0.18155090857656198
1,g1097,0.7246515717268484,0.8552484027596786
0,g1098,0.29618984580339813,0.1796657315259886
0,g1099,0.07416979104854812,0.07394559124679283
0,g1101,0.2806879443424773,0.1947022268474322
1,g1103,0.6582160019312436,0.870485484677337
0,g1105,0.3116176383487591,0.1975247866989359
1,g1106,0.689416046243991,0.8077858776087318
1,g1107,0.7864965998973118,0.9117312413153569
0,g1108,0.3140240051242107,0.19767481843493262
0,g1109,0.0518625822430573,0.06249481558473153
1,g1110,0.3427299319958321,0.8430877376540852
0,g1112,0.17654153107389267,0.1480643315396951
0,g1113,0.08097106234358671,0.07867135766631002
0,g1114,0.2845477294257344,0.17106081648319316
1,g1115,0.6411771415214282,0.8917604969887882
0,g1116,0.2599101676491525,0.1734788983991518
0,g1117,0.2354734440866584,0.15668597560086978
1,g1120,0.5255784086271205,0.838408540074074
0,g1121,0.37254683132846467,0.24057959127319584
0,g1122,0.26891731293788657,0.18722181545377878
0,g1123,0.13548272741295603,0.11884202806316709
1,g1124,0.4811916011428046,0.8024252332244545
1,g1125,0.703089017293211,0.8902749010714078
0,g1126,0.15460605435007047,0.12927894660232014
1,g1129,0.42004117433438304,0.7468795274205218
0,g1131,0.2674716361239992,0.19160707686879622
0,g1133,0.13509667236201953,0.1105443850637561
1,g1134,0.45614073157955376,0.8531113175345878
0,g1135,0.20361436842834246,0.17353310451265494
0,g1136,0.24116555660173686,0.16995070804161713
0,g1137,0.12723614944478584,0.11298833678260418
0,g1138,0.15815750655031963,0.15879049982715088
1,g1139,0.5927187779876762,0.8582764075754121
0,g1141,0.18179379375221955,0.1428959320933588
1,g1142,0.7785002425311955,0.9103999916532122
0,g1143,0.2699496362100249,0.1936825588228106
0,g1144,0.04788307568713726,0.049095445785083
0,g1145,0.27449732762217616,0.1851703141910214
1,g1146,0.7231957052085807,0.8792216111201464
0,g1147,0.12473451806796124,0.11894150953097876
0,g1148,0.22989592212125004,0.19066569734257152
0,g1149,0.5108271755764037,0.2590639741063559
0,g1151,0.25361457171178714,0.16483148584576665
0,g1153,0.202175352931614,0.18554757760947932
0,g1154,0.28164619121615697,0.16469105512139873
0,g1155,0.23288605807609108,0.21268180853187932
0,g1156,0.5150493517131576,0.26267407330413167
0,g1159,0.4450125132515017,0.23229750345764885
0,g1160,0.18377064802918058,0.1639074724065871
0,g1161,0.11971574210626368,0.10907726022608498
0,g1163,0.17311038688410776,0.1418652335865637
0,g1164,0.3412303843776025,0.21763916328520877
0,g1165,0.07686231442788671,0.1209440861210837
1,g1166,0.3131397420034415,0.8167494179629894
0,g1168,0.32138675852136606,0.20039317143326288
1,g1169,0.5929380785785547,0.8589806940611415
1,g1170,0.30852261306951867,0.758885690090099
0,g1171,0.7984769928736704,0.380380720073078
0,g1172,0.2106487609223085,0.17377895983297162
0,g1173,0.8312347111464808,0.42674067834698415
0,g1174,0.24326013703255375,0.16547750065794145
0,g1176,0.30051154538996533,0.1880579754530113
0,g1177,0.10744979361902607,0.11946719867992407
1,g1179,0.27751498423833776,0.7930405677361803
0,g1180,0.21296558527382803,0.13404344299602902
0,g1181,0.12402328000842873,0.11857486564087277
0,g1182,0.10964151434637197,0.0953837791796913
0,g1183,0.4505858102552969,0.2758788980188767
0,g1184,0.3110956474998069,0.2062803785718654
0,g1185,0.3095641067374683,0.1939143934390946
0,g1186,0.7076221059778413,0.3118910827109159
0,g1187,0.14440271802695293,0.12243072298240452
0,g1189,0.2717328770068681,0.1665709689533585
1,g1190,0.36482904376622705,0.8439025006394706
1,g1191,0.4709001124229111,0.8530080344629716
0,g1193,0.616703061269787,0.33818209596639703
0,g1194,0.1488435361986671,0.14083040542804504
0,g1195,0.08423039174495857,0.08920378049932212
1,g1196,0.17415308849056635,0.7022165520437079
0,g1197,0.31979846221422453,0.1971905921013025
1,g1199,0.33923389127811926,0.7031864036674897
0,g1200,0.2804994442824056,0.17339090551257896
1,g1203,0.1774856792405278,0.7812648147820189
0,g1204,0.2064071082507372,0.21427617498217935
1,g1205,0.41321924792600345,0.8118939281587033
0,g1206,0.2448837833404621,0.1531196546663663
0,g1207,0.22991612744804843,0.13853566425577965
1,g1208,0.3480509265435906,0.8208621016132631
0,g1209,0.41076705376867156,0.23697077390725416
0,g1210,0.16611396234062958,0.13701067115587454
0,g1212,0.050665736569366994,0.07894045509392386
0,g1213,0.34643459242019625,0.2304835535324791
0,g1214,0.25148508518179413,0.20963419120791205
0,g1215,0.11238042926893588,0.09435413646432178
0,g1216,0.2504307001364713,0.18429165967689176
0,g1217,0.13895867992219801,0.12918826011609055
0,g1218,0.393377427005116,0.22611450231613833
0,g1219,0.04316711187168468,0.05072861426912892
0,g1220,0.33706719071131075,0.24336734381634612
0,g1221,0.13490494756112809,0.13519494399890117
0,g1222,0.11405899505943179,0.09152044346607464
0,g1224,0.1662865738396997,0.1302515917547758
0,g1225,0.2979823119627366,0.20363536953714192
1,g1226,0.7097965745738408,0.8421067201090813
0,g1227,0.14762344030691843,0.12930315571330214
0,g1228,0.0673824864819749,0.06979546979310824
0,g1229,0.13444290803755876,0.09342823319007486
0,g1230,0.13977107651793688,0.11082835515733017
0,g1231,0.6611465139619235,0.2770452897302129
0,g1232,0.10845000353901559,0.10405720749436302
0,g1235,0.6116933496250703,0.32745917642049277
0,g1238,0.38333059109808315,0.23949388382851663
0,g1239,0.1418710921677999,0.13730645049569995
0,g1240,0.16058679075106636,0.13288572558965525
1,g1241,0.20941549857622238,0.6908346826299033
1,g1243,0.2634088385888438,0.8058159386395763
0,g1244,0.3349656084600362,0.19314544472352815
0,g1245,0.0729509637999786,0.08821827926079279
1,g1247,0.8294882446327385,0.9091718511776327
0,g1248,0.12021508271440882,0.11720357885809259
0,g1249,0.641980570344206,0.3077451316059471
0,g1250,0.1853772522965354,0.1555488027681802
0,g1251,0.3349013314941321,0.1990284503923833
0,g1254,0.16576894964983394,0.14556715547896412
0,g1255,0.048135527731641724,0.05064179248758452
1,g1256,0.6676143005903562,0.8757782994938158
0,g1257,0.10010618929702299,0.10359115720528841
0,g1259,0.2011134606057936,0.13792465896804706
0,g1261,0.13173593445178436,0.09927948787692975
0,g1263,0.37319124329069486,0.2069185470682187
0,g1265,0.08164789044405872,0.06962013962553919
0,g1266,0.7525852187445872,0.38565967761428727
1,g1267,0.14462773514452487,0.6995261812209168
0,g1268,0.7341570973277183,0.3510040266383303
1,g1269,0.5987587166983964,0.8301680212611906
0,g1270,0.10464236756032114,0.09117052142697221
0,g1271,0.1426532575825806,0.14505275521932098
0,g1272,0.14680449218047242,0.11964408528236979
0,g1273,0.2661287017621275,0.16185075473514843
0,g1274,0.14638912540661403,0.11157122259564184
0,g0,0.5185366444140497,0.30275238486912615
0,g1,0.05093123506443024,0.061973163012027696
0,g2,0.8870820797762866,0.44179764455787734
0,g3,0.22968585028046382,0.1664971839732348
0,g4,0.5347942797100852,0.2732470492696603
0,g6,0.15980585970222147,0.13109034335856032
1,g7,0.3287133036929944,0.7706849234797819
0,g8,0.23373259431630491,0.15435813003461904
0,g10,0.18541191983656263,0.12736189365710868
0,g11,0.1462573626785779,0.14904067904338555
0,g12,0.3772940166023991,0.2486730116313244
0,g13,0.13546733060840394,0.10037016410666953
1,g15,0.4823453186489355,0.8456664012734475
0,g16,0.1645754539901592,0.12753801979256804
0,g17,0.07106805874132646,0.06030124953983717
0,g18,0.256809421744271,0.21335373925296883
0,g19,0.4545195228821992,0.29629045983950153
0,g20,0.1782660431798029,0.13483978968853647
0,g21,0.06430255428846203,0.06856830314717173
0,g22,0.04923265221838363,0.0849219846201814
0,g23,0.3007918874036648,0.2405599034509707
0,g25,0.34003771138458927,0.20171592615832146
0,g26,0.042704410708422055,0.06142771698917403
0,g29,0.09354764959890445,0.11969389948812832
0,g30,0.5059584480927872,0.27340081805657607
0,g31,0.1175744397536407,0.10231556410937104
0,g32,0.45148572768910356,0.24914666804180652
0,g35,0.15647823051608598,0.12140221651863611
0,g36,0.07332046088150004,0.08503119316656056
0,g37,0.1594609816330848,0.12476607693488802
0,g38,0.45695564255527416,0.27162017852872633
0,g39,0.21415497841700076,0.1546941205808168
0,g40,0.21465818527833244,0.14811421009749035
0,g41,0.08952645307586826,0.08196387092950552
0,g42,0.1697790502343722,0.16857766014437087
0,g43,0.1899466670895128,0.14712631995396316
0,g44,0.2909740575613471,0.2016139285450227
0,g45,0.36943289938063534,0.21048768395079717
0,g46,0.26614656381908036,0.22187251423632298
0,g47,0.6600789397290694,0.29797033958785946
0,g48,0.1969329906273693,0.17954799733609153
0,g49,0.24385439051540786,0.20198254427816306
0,g50,0.09735687719869612,0.08920690175200244
0,g51,0.15022329349910063,0.1230497491920679
0,g52,0.17554600105609067,0.15002094044624073
0,g53,0.35755863366151447,0.23492304488241456
0,g54,0.3147235389964649,0.19905061536893429
0,g57,0.05891189825562556,0.0800671507602711
0,g58,0.2460951339578434,0.1528814388858763
0,g59,0.10810399807081687,0.09206077479890853
1,g60,0.8751502169833956,0.9087900857170881
0,g61,0.7104479641486079,0.39550930766723874
1,g62,0.6612252935038735,0.8693891827677965
1,g63,0.5522768593759098,0.841285580124883
1,g64,0.21309549314232606,0.7904593294481356
0,g65,0.15615093068782462,0.1604698822593331
0,g66,0.09538684861870404,0.09943025115394889
1,g68,0.5682567889669252,0.8596601504243228
0,g71,0.23870119265010775,0.16467126175297575
0,g73,0.6227650278679313,0.30769638101943436
1,g75,0.09951762557880191,0.6596105906403802
0,g76,0.09332774761169423,0.09768880807951502
0,g77,0.2648593235090805,0.16692094111792408
0,g78,0.1464342486562367,0.14603882035491123
0,g79,0.1390593734989107,0.15891510490691382
1,g80,0.8537462418814935,0.907900803817386
0,g81,0.12739958525536632,0.13113538442314054
0,g82,0.41616476931870366,0.241093676861579
0,g83,0.331189069213993,0.2070231004659988
0,g84,0.18406206435271133,0.17229287264418322
0,g85,0.3949102830641158,0.24465659264962605
1,g86,0.768078284952938,0.8606422387318048
0,g87,0.4044362772393908,0.2256456488938372
0,g89,0.07925930398389663,0.07752584979543173
0,g90,0.1359399586506049,0.1276491072689685
0,g92,0.170889670889347,0.14200037367565102
0,g93,0.2393327199557743,0.1702665470527541
0,g94,0.05814336813609392,0.05332250827361784
0,g95,0.12310083819832046,0.09178640750954514
0,g96,0.11830944422456577,0.12030568573404231
0,g97,0.06901645921037343,0.0817140782031922
0,g98,0.06677261490351054,0.07357017614261382
0,g99,0.06787650140256782,0.08831830362798139
1,g101,0.1303285710635683,0.6279843266185746
0,g102,0.06356676383894914,0.06652423448534929
0,g103,0.12761620538234783,0.11139249662438194
0,g104,0.163036349217129,0.12483650438479586
0,g105,0.11482936475410799,0.09708107848825057
0,g106,0.25598740302819095,0.20197466095340805
0,g107,0.0754702027015805,0.08178603421306073
0,g108,0.2783002453645102,0.2401437384276115
0,g109,0.1507912435779846,0.12713285253969056
0,g110,0.06450706792194706,0.08955262292426869
0,g111,0.21448324504988767,0.22533739880378106
0,g112,0.09440348001658087,0.1075207981432391
0,g113,0.04874606238438292,0.062014144449331385
0,g114,0.4628136168099452,0.28671817093475155
0,g116,0.5244796885963618,0.2977910522443494
0,g117,0.4226481923791013,0.2841628014636203
1,g118,0.659997119369653,0.860441785319622
0,g120,0.1423070021396738,0.1242130184796822
0,g121,0.10679651225268366,0.11431482187383962
0,g122,0.2416102181755102,0.21350279717585904
0,g123,0.18253140846310384,0.20735841137346758
0,g125,0.1750773162021174,0.1538647632533332
0,g126,0.20641867789667057,0.1495089325381193
0,g127,0.25360708416706096,0.2632629087328852
0,g128,0.0917080180411015,0.10452919984891527
0,g129,0.09022437683734105,0.09588449503172183
0,g130,0.7975635794835212,0.42566854239409757
1,g131,0.617413404755583,0.8836403115177853
0,g132,0.3134321595454636,0.1819338974875577
1,g133,0.4211966430747715,0.8111475993013609
0,g135,0.16072055154268716,0.1500518277571127
0,g136,0.05036388393219011,0.0581979824230849
0,g137,0.102098210762596,0.10608921368242474
1,g138,0.8189522864306948,0.9104129968835273
0,g139,0.26932189130554257,0.18900692246023448
0,g141,0.04100499660828203,0.04000317278077078
0,g144,0.19304830380980287,0.16678834454201494
1,g145,0.5974787421131686,0.8415804044176453
0,g146,0.15822484301874143,0.1444694790362917
0,g147,0.09616515780965029,0.09559721165641674
0,g148,0.12304809463355729,0.11856502993007818
0,g150,0.15386221769280878,0.11646470425370421
0,g151,0.08639412329111382,0.0983953758441309
0,g152,0.09282977997162133,0.09967960499825498
0,g153,0.28087182962295365,0.19797018501717512
0,g154,0.09068736914396688,0.08882147027273288
0,g155,0.07156956373390838,0.0692312082267468
0,g157,0.058240299455891674,0.08733222139619784
0,g158,0.06898376781937325,0.07569657748965739
0,g159,0.14943266530924348,0.13257573146178592
1,g160,0.25723255673738726,0.8266517359149625
0,g161,0.2702083018241227,0.16872407308906098
0,g162,0.07646597144079584,0.09258395412645418
0,g164,0.1640596016366069,0.14398094398951708
0,g165,0.49230028006234183,0.26134813822419023
0,g166,0.5313936567754161,0.28133557406283255
0,g167,0.10297074352094558,0.08395464686488625
0,g169,0.08933083524114294,0.09761075987869056
0,g170,0.14075180241187385,0.1251486772670233
0,g171,0.023627628208311366,0.027637308980823935
0,g172,0.21918520482478623,0.12160466559464336
0,g173,0.10422671817864344,0.11190896241525776
0,g174,0.15461010160672517,0.1283389092021395
0,g175,0.09948752857614777,0.10590487108427106
0,g176,0.3134929132454458,0.21185493951259432
0,g177,0.08790223230900622,0.07078436375017844
0,g178,0.06897111733618787,0.08205155677361713
0,g179,0.31375318392509405,0.208455891221826
0,g180,0.18911970567104788,0.18917176823260015
0,g181,0.1092468898496365,0.09251538256790443
0,g182,0.09515276905590445,0.12937811687820042
1,g183,0.34557724135743445,0.7125728849198438
0,g184,0.17726082269826812,0.1455511074697572
0,g185,0.048438838694308706,0.052116988991205884
0,g186,0.061809698786947864,0.05637771344969541
0,g187,0.13416345795502527,0.12435998418793147
1,g188,0.4265236380733512,0.8469398480306104
1,g189,0.23077092030293075,0.81483129509454
0,g190,0.17937511316764193,0.1120289354413166
0,g191,0.07119510239957381,0.08438675732651618
0,g192,0.08907640714386132,0.08740968316115638
1,g193,0.33134332723248827,0.7813414895502423
0,g194,0.04353048610619769,0.06606766066061763
0,g196,0.09713221652953141,0.12276120044958651
0,g197,0.26153795838337196,0.15270879043612332
0,g198,0.06415149618993517,0.07902026925896906
0,g200,0.08031496676523577,0.09225487288773969
0,g201,0.5480828861824196,0.2511839478062395
0,g202,0.06720884233517083,0.09424344059614131
0,g204,0.36044929679949905,0.2601414456823935
0,g205,0.06830143713795284,0.08107957507568968
0,g206,0.2976003742836862,0.19202240834928846
0,g207,0.10671559304280441,0.08640847933270292
0,g208,0.2242456593696517,0.1587147046216774
0,g210,0.2534133562083485,0.1607804601004514
0,g211,0.11826679633772735,0.10308910844195086
0,g212,0.17759719850129807,0.15178994949900107
0,g213,0.47786694121278106,0.32168844829458737
0,g214,0.03953848347772689,0.04434077091560345
0,g216,0.20929374554797897,0.16296650587027284
0,g217,0.17084147057514285,0.1305725257126609
0,g220,0.08979238901854751,0.08379776433998598
1,g221,0.37198160016725207,0.7439456458135907
0,g223,0.1301607812939698,0.11242088702527951
1,g224,0.285185290547793,0.7307126270492057
0,g225,0.40132948440717114,0.22767018961707503
0,g226,0.11895584112631673,0.08069429842715607
0,g227,0.19840015645096132,0.175847291810363
1,g228,0.6405857487336328,0.8702213656664778
0,g229,0.11318876120232124,0.11740874496706814
0,g230,0.45227748176125787,0.2183819154385923
0,g231,0.18656693856286774,0.15380525994975525
0,g232,0.12107574241799912,0.11559634842458538
0,g233,0.052254475352040496,0.05957878613183853
0,g234,0.15128646864319456,0.12500549949487846
0,g235,0.10033988839548437,0.10610938066332933
1,g236,0.49428016282335385,0.8518400548585686
0,g237,0.21973561363152275,0.15945650369564487
0,g238,0.09040684594108066,0.08219967093049893
0,g239,0.04901460063824663,0.0751507335890701
0,g240,0.18278863600363243,0.12430105287904503
0,g241,0.04580453253387314,0.055101713663952175
1,g242,0.25401366687967797,0.7445138513954717
0,g243,0.10579166102376752,0.11678555225018294
0,g244,0.25816076724585196,0.20573195824777324
0,g245,0.1807813170695795,0.14597424474061604
0,g246,0.12715701430291404,0.10209485106942696
0,g247,0.06486115290228121,0.07230881109417182
0,g248,0.2635195305182023,0.21300233563555931
0,g249,0.2965059015959703,0.19669324276298195
0,g250,0.04439072663965025,0.05879159616260949
0,g251,0.14127112667888156,0.12550754449252094
0,g252,0.40109002778413283,0.2725713024270674
0,g253,0.1447320329975664,0.09798298404534739
0,g254,0.10505081262169146,0.1068672879426823
1,g255,0.6245981022719969,0.8595362595635625
1,g256,0.21976645703668332,0.790115785117374
0,g257,0.1368887878374884,0.1250598061142323
0,g260,0.061671866844616736,0.09636881474409381
0,g261,0.08095071533845836,0.07807120181026633
0,g262,0.13427797218140056,0.10350813334788893
0,g263,0.09290982943637806,0.07249910182723464
0,g264,0.09715931700162032,0.1266261404706331
0,g265,0.09625936532812839,0.08823667358880909
0,g267,0.1829478913239068,0.15588074084349723
0,g268,0.43159094800447967,0.2239098251597259
0,g269,0.05368680201407434,0.06675640306913913
0,g270,0.12968223635501708,0.11611137131013197
0,g271,0.21612827619794533,0.22533109835760798
0,g272,0.058863826833484775,0.056050823138805876
0,g273,0.09686312389192815,0.09887133497616199
0,g274,0.41405146936935594,0.25739246278074523
0,g275,0.6394644750211258,0.34876059287045863
1,g276,0.7487999096094058,0.8763321549459167
0,g277,0.4026932690571808,0.2911605922903215
0,g279,0.15757643190149392,0.1296485119546172
0,g280,0.3500268006636595,0.1802855746130009
0,g282,0.21939107324236337,0.14224240065680777
0,g283,0.06462073793668968,0.06391855086881099
0,g284,0.13191289613185855,0.12044073398229332
0,g286,0.16276121916208333,0.15745026678333987
1,g287,0.5002021507892239,0.8683317856728228
0,g288,0.5995080871406122,0.2985073554460112
0,g290,0.3210759450985971,0.23573062571364375
0,g291,0.20409265831257345,0.1878630084196602
1,g293,0.16637170568455295,0.8005212912648908
0,g294,0.3410685076951645,0.21008120293637594
0,g295,0.5354571307224882,0.34978074260401326
0,g296,0.24680340009315924,0.15888292277240995
0,g297,0.1598024079217761,0.14007212400809468
0,g298,0.12102266021975512,0.10050554041871342
0,g299,0.08212912240324872,0.08355057888369916
0,g300,0.2318847606481691,0.15441588621281857
1,g301,0.7493533864531186,0.8853145688598727
0,g302,0.745531117474081,0.3939593824958735
1,g303,0.1470426088026513,0.8007988175213633
0,g305,0.10497881739055204,0.12872066162349396
0,g306,0.4645546763246678,0.31209974615378794
0,g307,0.2610163579028726,0.16629837753784574
1,g308,0.2857034559920354,0.7419935182855893
0,g309,0.413304346974073,0.25135598882920657
1,g310,0.6015007821025072,0.815196173298288
0,g312,0.2764434541693026,0.16845322620194456
0,g313,0.6550846110024893,0.357573706005286
1,g314,0.26558048857727856,0.7056602775853407
0,g315,0.15569405103187217,0.13388840621424442
0,g316,0.23770604060879963,0.15836994310548863
0,g317,0.1771412634008069,0.1345342626951945
0,g318,0.12455855978355425,0.1147785738873307
0,g319,0.13379630674313248,0.10285323787283973
0,g320,0.29480409229509175,0.19463495865274505
1,g321,0.8702180475921991,0.9123522967549275
0,g323,0.32304444988896464,0.20627761285430035
0,g325,0.10524720516620326,0.09110933696906905
0,g326,0.06878815900572129,0.08064572847713401
0,g327,0.06016875251935848,0.0859676288826921
0,g328,0.5282958298464899,0.2732242468198073
0,g329,0.4517204838781488,0.25303266188787416
0,g330,0.07266713770356117,0.09572443656803789
0,g332,0.2561382164866132,0.1755808333394272
0,g333,0.14642093732578096,0.16634737633550345
0,g334,0.08259355579084668,0.08369615927265107
1,g335,0.5173077655348521,0.7620570408971595
0,g336,0.13114779529252202,0.11944265470504906
0,g337,0.3090563821663358,0.20919710392724972
0,g338,0.16622813942258857,0.12696417644996816
0,g339,0.2531900149696004,0.16850856389405863
0,g340,0.17760046592226722,0.15692119435091614
0,g341,0.11039690370223369,0.12074954734531304
1,g343,0.6426114150148112,0.8744325906639038
0,g344,0.19589228227987396,0.13555693399624522
0,g345,0.19201320965185165,0.1275448591259138
0,g346,0.2057738676476508,0.1526270093439535
0,g347,0.2524372668739246,0.1842229319424948
0,g348,0.09451788255532825,0.08224686296813001
0,g349,0.11108803618538127,0.11224837854907478
0,g350,0.10722173654693543,0.09223178898664439
0,g352,0.26608346862460597,0.18430904553303656
0,g353,0.44590977964977835,0.24390778451240472
0,g354,0.05280764308114784,0.06324231160649763
0,g355,0.3264675797013059,0.19811263589284803
1,g356,0.37694073898403463,0.764715351264453
0,g357,0.3459345801758198,0.22752921285888505
0,g358,0.30912536135611973,0.22090439281281046
1,g359,0.5975283609418907,0.7403610271195366
1,g360,0.4419697846988544,0.8475368449289197
1,g361,0.25566659260001184,0.7402646608927923
0,g362,0.26010238053239243,0.17908300934467475
0,g363,0.6013805539194573,0.438079547312291
0,g364,0.2997232617397583,0.21291238368869328
0,g365,0.12362927533468974,0.12833091516163747
0,g366,0.1596483178920194,0.1587294395859223
1,g367,0.16790265555611972,0.7279782984049956
1,g368,0.4934265219528358,0.8496556622767178
0,g369,0.3745206485564793,0.31986552839098303
1,g370,0.18177657865289018,0.46066854104477695
0,g371,0.17458165746474816,0.13838270115522894
1,g372,0.21746492159613606,0.8038158691800251
0,g373,0.160267026237829,0.13744577628419313
1,g374,0.6846856477398441,0.8682418511873584
0,g375,0.20844061187813748,0.17717649378976186
1,g376,0.5597127972489199,0.8585762150693865
0,g378,0.4660338884532047,0.29778061988415405
1,g379,0.2722887522294637,0.7933113059707012
0,g380,0.4589847274616042,0.23732737230183998
0,g381,0.8077990192974158,0.39818703926799787
0,g382,0.39434239438677904,0.22992485319645842
0,g383,0.3083860885814203,0.18086857317655988
0,g385,0.11007211849619034,0.08816638635819134
0,g386,0.050552483065745696,0.06127448107468908
0,g387,0.10536391944342074,0.08792503052191243
1,g388,0.43937658531568324,0.841525473636363
1,g389,0.6160648447541853,0.8642117270959834
0,g390,0.217040082557593,0.21634677404635597
0,g391,0.17999405186613796,0.14934155581083225
1,g392,0.4668850142322547,0.8354824506804182
0,g393,0.17135579194395328,0.1392973323164813
1,g394,0.7568583968798215,0.8933352195047223
0,g396,0.4459907859237014,0.22783281998903862
0,g397,0.09299849749188178,0.09897115752691416
0,g398,0.3877981365925111,0.30199751605704706
1,g399,0.13910811342254586,0.660153603281162
1,g400,0.6154571892340093,0.873442273949083
1,g401,0.629766961528647,0.8349987821132484
0,g403,0.08003628479552549,0.10891851827981892
0,g404,0.08109391529043142,0.08358660417975411
0,g405,0.1774627384225127,0.14169146237467944
0,g406,0.25576279372540234,0.17289285596425505
0,g407,0.1365786981446328,0.150407679697818
1,g408,0.7255531136599392,0.8755494649142719
0,g409,0.13423967407896054,0.10885775763749617
0,g410,0.42855510776919664,0.2569915200481806
0,g411,0.7599944201432672,0.3914582201672411
0,g413,0.41014533967910977,0.23268500544489432
1,g415,0.19330461253301764,0.5877314949334353
1,g416,0.5576141049580817,0.8167465922151769
0,g417,0.12343154284543446,0.10592069567757151
0,g418,0.2625037288920557,0.23275109203612582
0,g419,0.22165077620305518,0.19213477509654606
0,g420,0.23621943134511472,0.1810061904842027
0,g421,0.05677905787828877,0.06229835599423706
0,g422,0.25023262785657113,0.20175039027300062
0,g423,0.1693748446843872,0.1246000592155035
0,g424,0.10827498523251038,0.09798212789267298
0,g425,0.13472075119122445,0.12143487816283349
0,g426,0.061549664083257176,0.05664722488123832
1,g427,0.48480181916205145,0.8659376421353026
0,g428,0.3996233609094254,0.23741803294707708
0,g429,0.30479206811029436,0.2401274225385135
0,g431,0.5726130037496907,0.36971564872017926
0,g432,0.1169689461669409,0.13141850255314558
0,g434,0.23271144105061203,0.19150460485728435
0,g435,0.3119417307790024,0.2510712877288088
0,g437,0.08779897074266368,0.08097424435535797
0,g438,0.26177895221471126,0.1609565542455168
0,g439,0.33696871083224594,0.2057184025609343
0,g440,0.1389509878560754,0.13480916576546792
1,g441,0.5162471512856258,0.8404878312776951
0,g442,0.06113175571821251,0.07231861657570643
1,g445,0.3323345507560219,0.7862097018625616
1,g446,0.578459807761937,0.8670017172854837
0,g447,0.08503713363014684,0.10179753124216347
0,g448,0.12138223462368218,0.1266361703956935
0,g449,0.1645406700866135,0.13511058208223672
1,g450,0.5807439307313909,0.8612275547971586
0,g452,0.16681623398850912,0.11850854742274261
0,g453,0.12919958407663895,0.12633763629169412
0,g454,0.1528571574023425,0.10893514761171962
0,g455,0.30369632249798045,0.22717882376014273
0,g456,0.41091325124985817,0.24150448854835171
0,g457,0.2003130799437146,0.14736030008867015
1,g458,0.5369551953738496,0.8345500108769813
0,g459,0.1375248167229295,0.10816211211721428
1,g460,0.639732783635836,0.8508902295403693
0,g462,0.2725890270159703,0.20293103344466729
0,g463,0.15182527158154502,0.11752321531486137
0,g464,0.2777332527146934,0.17354463771349385
0,g465,0.5975018021089892,0.3194092055127489
0,g466,0.3466330652036873,0.2204769131689763
1,g468,0.7388159641695132,0.8935141746277862
0,g470,0.15094629669765222,0.130832026260489
0,g471,0.14635222880887183,0.1351879996867939
0,g472,0.24057154966653058,0.1804348360700167
0,g473,0.14619750242610985,0.12269241145638156
1,g475,0.3869783942089729,0.8496258036538524
0,g476,0.10795017526721337,0.10099774773445208
0,g477,0.0747102775680614,0.08973853810934487
0,g478,0.23420425073678516,0.1545687106124253
0,g479,0.49746637568189433,0.24455881344651367
0,g481,0.4354654424721054,0.27666774308278375
0,g482,0.23675099349647072,0.17536745260368458
0,g483,0.3021754895370913,0.1625588813074598
0,g484,0.328159682955318,0.17652730558477447
0,g486,0.09314324440729681,0.08128809068388328
0,g488,0.3783128352081123,0.1849153646226784
1,g489,0.12151404830417624,0.7163586804211299
0,g490,0.2018053167094016,0.15244961533807158
0,g491,0.37773556503293676,0.20777353031036802
0,g494,0.4842055972317372,0.2386850923966894
0,g495,0.41892847926060417,0.20906786939705152
1,g496,0.5689873414608195,0.8235204203388194
1,g498,0.353123449151913,0.8072391204685521
0,g500,0.2769438897412013,0.1840391984516286
0,g502,0.10080877628813814,0.10059894190857108
0,g503,0.12227736894592225,0.11397036406037331
0,g504,0.10568048054755219,0.12533878005564547
0,g505,0.11853526483609138,0.10409898126168823
1,g506,0.2914270211126534,0.7265915071737605
0,g507,0.1548668033360326,0.14550348684809122
0,g508,0.1079584776504667,0.10256171327144567
1,g509,0.5814551495737462,0.8632506747369062
0,g510,0.29416379127559766,0.1743505702448183
1,g511,0.7044442234996457,0.8844399808659696
0,g512,0.3851665201524228,0.20857102864288815
0,g515,0.5985193479834104,0.31219523131794713
1,g516,0.2249439461920072,0.7562115426022599
0,g517,0.30037278243796167,0.22955352898982306
1,g518,0.5000555166304037,0.8249262870449838
0,g519,0.03599000750165929,0.040151596343966534
0,g520,0.2473697479790218,0.1556328462809538
0,g521,0.3758924239239811,0.20674853132610074
0,g522,0.5859430574145023,0.3209147081631666
0,g524,0.24862873757149795,0.17582280628368518
0,g525,0.24357079415153018,0.2315659005675293
1,g526,0.5838834083451687,0.8257692565567367
0,g528,0.48668744028249455,0.24043631970911347
1,g530,0.539971450002693,0.8678553077592297
1,g531,0.6738716294449489,0.881391899349265
0,g532,0.2968495205289479,0.19777831081899475
0,g534,0.7031309193468885,0.3654365173447871
0,g535,0.3649669956906723,0.22919081491859214
1,g536,0.0808184983173659,0.5208577443166189
0,g537,0.16485553444658146,0.1523394407089022
1,g540,0.24636930181657077,0.8146612069964383
0,g542,0.10181578134221966,0.0826947073547531
1,g543,0.6126269488086548,0.8582353637952934
1,g544,0.5668433575595639,0.826996883897262
0,g545,0.14847598388237157,0.1313291600128486
0,g546,0.11471725770931059,0.11995390714902396
0,g547,0.4312994709605059,0.29270953212756906
0,g548,0.20649451462851526,0.13962138381241804
0,g549,0.06888976717169742,0.0874471071013636
1,g550,0.06530992130106528,0.7515164005280832
0,g551,0.11604521867832722,0.12531429693542964
0,g552,0.27708087546640264,0.2107837090502447
0,g554,0.2771036002218596,0.16521018024523437
1,g556,0.5361942063142189,0.8551899795934477
1,g557,0.2511442002738609,0.7294268700653629
0,g558,0.42470251995665387,0.2474329245620337
0,g559,0.2337982698043257,0.1528911082041008
0,g560,0.3194445606426736,0.2608349349370333
1,g561,0.6888594385053817,0.8718383277380023
1,g562,0.42563842545199215,0.8132775083029015
0,g563,0.10958317682653565,0.11251530012190157
0,g564,0.23072962792067991,0.18078334963756812
0,g565,0.29637406265771454,0.18725131586774865
0,g566,0.18379702563616968,0.13405151510200466
1,g567,0.2774245192294319,0.7800638758500817
0,g568,0.24853375865856733,0.18159971550893114
1,g569,0.6771298183701927,0.8789293455961944
0,g570,0.8489458772119555,0.45552733563299164
0,g571,0.17965974256449627,0.12432346682569377
0,g572,0.3113086207992323,0.19095663487088307
0,g575,0.08145737503827594,0.07913611383442912
0,g576,0.7612953398174878,0.38927019138845875
1,g577,0.3315748028272451,0.7702432907684529
0,g578,0.09000966053546977,0.11483038884962762
1,g579,0.2778763360006297,0.8158253021600997
0,g580,0.14549596537696974,0.13397999999573304
0,g581,0.5379372579525444,0.4135148252060401
1,g583,0.2344157225549916,0.8063811601219649
1,g584,0.6360117161560991,0.8037363416485572
0,g585,0.22111967957973674,0.1866666321974158
1,g586,0.7817364375242054,0.8784928367297449
1,g587,0.1309945502833779,0.7469102278194272
0,g588,0.2822641608697572,0.18165891064104078
0,g589,0.3689766307385098,0.2686053877025314
0,g590,0.28770011528470035,0.1866125540537368
0,g591,0.1605118303368582,0.12740602887051147
1,g592,0.6545115139713236,0.8662231852183223
0,g593,0.31763877127789186,0.18705352509331097
1,g595,0.2126938110278403,0.7903329411693362
0,g596,0.4161107124930705,0.3017671514238872
1,g597,0.6201549674068298,0.8825736651778603
0,g598,0.032616375638116896,0.04118918213866737
0,g599,0.4751959134109822,0.25094907307361364
1,g600,0.7735738567026894,0.8948080793571096
0,g601,0.1532673388318989,0.13727258201718437
1,g602,0.17900211649157638,0.6850723553882594
0,g603,0.1604675297041265,0.12884886823446018
1,g604,0.3904716120156663,0.7820645319958806
0,g605,0.7118831672360832,0.37321011172842405
0,g606,0.20381743956816653,0.13528889822957865
0,g607,0.15365129130224,0.1553010627711533
1,g608,0.20775796249860548,0.7018492760715426
0,g609,0.10798203125436431,0.11298964269409278
0,g613,0.13913966232470568,0.12941443672808617
0,g615,0.11228771836629474,0.10952255016167606
0,g616,0.07148483033477518,0.061470647047184565
1,g617,0.2804134757192099,0.6451562698404874
0,g618,0.4817960757952377,0.26564794733319447
0,g619,0.6026260479710718,0.2924230505650438
0,g620,0.16100058254447075,0.15429690286004918
1,g621,0.740341661159649,0.8250377253810716
0,g623,0.18078951389444198,0.1319758012488078
0,g624,0.48111078046860095,0.33177951001071543
0,g626,0.17187206282565795,0.1742134394997624
1,g627,0.4611855892301643,0.8394640279041012
0,g628,0.4342919445004059,0.26397183580327854
0,g629,0.26883187733562514,0.16971201654602397
0,g630,0.422739453206339,0.23268831196565948
0,g631,0.47904784165962094,0.2582837508454651
1,g632,0.1627044794267246,0.6841509599823995
0,g633,0.22916504841532756,0.17209408800415768
0,g634,0.07298109556857027,0.08479235651682616
0,g635,0.05567627468094195,0.06651089481771696
1,g636,0.604041625915936,0.8238108477779625
0,g638,0.0923781649471885,0.0934081401954135
0,g639,0.09316831616335747,0.08619345840650207
0,g640,0.5660023317277683,0.34385538421026146
0,g641,0.24173035739760038,0.1447371754318594
0,g642,0.41102571094090223,0.21432909211458678
0,g643,0.03833589322356841,0.039917720535248474
0,g644,0.4681977811246246,0.2738727588588269
0,g645,0.5585065527210009,0.31528332138221965
0,g647,0.5008393993848962,0.25463160877411994
0,g648,0.1829982999872073,0.14167517441335298
1,g649,0.7160874264869426,0.8913210022347503
1,g650,0.764054509426257,0.8852902454497967
0,g652,0.1895233826610658,0.1554197209643062
0,g653,0.7244934588566274,0.3606251100153971
0,g654,0.1082094719267946,0.11154103019855546
0,g655,0.11973822889570665,0.09439513914917848
0,g656,0.23401728684209278,0.18672668282837043
0,g657,0.10784280635798785,0.1003408322000773
0,g658,0.1372638043924382,0.1165276914600417
0,g659,0.7909970702639446,0.3855769356418627
0,g661,0.12408410500327484,0.10856256383129002
1,g663,0.5704925107598839,0.7973946313152763
0,g664,0.4685175840008641,0.36266035365734495
0,g665,0.13305027065630945,0.12643098953243512
1,g666,0.4942863384435369,0.85831951254541
0,g667,0.076787436086878,0.09056967745137401
1,g669,0.8061587900943786,0.8812854605967559
0,g670,0.11188094104267786,0.0924656214342399
0,g671,0.433962919416279,0.2185160607572984
0,g673,0.21013337052162512,0.16114048560807748
0,g675,0.10199278161843435,0.101586490051466
0,g677,0.580398765659719,0.32286210376532054
0,g678,0.16179649633839677,0.14272143176708696
0,g679,0.14748006215001266,0.12460184913538815
0,g680,0.508363254892153,0.2360550128291313
0,g681,0.7956844428003282,0.43960914185203726
1,g682,0.38577808079049103,0.8234825778725835
0,g683,0.45647365676047225,0.23703489444223425
1,g685,0.7241320520094412,0.8885292711640588
0,g686,0.19219540095495832,0.20596262246680214
0,g687,0.3086430804526309,0.1772268425663419
1,g688,0.4081610321505349,0.8562454988095931
0,g690,0.5564794923989289,0.27033219872876735
0,g691,0.708564810921988,0.34973726722257537
0,g692,0.1338672269799227,0.11755720637476523
0,g694,0.48643685818019855,0.2244444198770788
0,g696,0.16879874748881907,0.13593865915823725
1,g697,0.38153996010926083,0.7063939880539374
0,g698,0.34724957639251586,0.2261631351147631
0,g699,0.2191123322169668,0.1546658537667115
0,g700,0.1941788572880114,0.14498420915851792
1,g702,0.3947479513749498,0.8192021112414979
0,g703,0.16207220757177268,0.15039990546546195
0,g704,0.039114199853446156,0.05470756700233654
1,g706,0.6312945023700153,0.8593175610672256
0,g707,0.0469045940691791,0.05562833100947459
0,g709,0.19288640334747764,0.17477102942245792
0,g710,0.38650096115900545,0.24293420577546132
1,g711,0.6564966299336146,0.8621835289378834
0,g712,0.07959291983096763,0.08252838010982105
0,g713,0.07322264894304463,0.10426986210409807
0,g714,0.193636384325082,0.16069092093140386
0,g715,0.4525445641796917,0.24726596895011438
0,g716,0.11238753187236815,0.11140295654105313
0,g717,0.1687382221121174,0.1349221994739021
1,g719,0.7488431388020874,0.865953973263503
1,g720,0.4228398660502174,0.682817457381915
0,g721,0.2621302292857026,0.1731504340552429
0,g723,0.16319156299670148,0.12795806702769533
0,g725,0.034803160317701136,0.042217579253063235
1,g726,0.5857012430815064,0.8576069606009677
0,g727,0.07398786893442036,0.05930194740476604
1,g728,0.321871811323262,0.658633308210113
0,g729,0.15253498054938286,0.12301878685312062
0,g730,0.04521474672484306,0.050529908783337275
0,g731,0.10829594109429946,0.11448121421459144
1,g732,0.805193316810257,0.8934254155207991
1,g733,0.09620474619788204,0.5915161213220849
0,g734,0.20423661962611908,0.1449388581679217
1,g735,0.3753882589575817,0.8043993672029719
0,g736,0.23350007480217255,0.17926874914591823
1,g737,0.446872702740103,0.8331051422594844
0,g738,0.11983495984129437,0.13958309983878026
1,g739,0.5336791475694633,0.859581689131354
0,g740,0.27258434261523684,0.20233675198496426
0,g741,0.09074562192598841,0.087040975261719
0,g742,0.15211225408936055,0.15008127377533625
1,g743,0.4924934114750507,0.8376741761374285
1,g745,0.7390477803757323,0.8904121116300385
0,g746,0.1029397060144962,0.12272032495118151
1,g748,0.7473731397533311,0.8791595640806296
0,g749,0.06909099150459408,0.07975413026044133
1,g750,0.808022748747433,0.8879293561676258
0,g754,0.43003005766497504,0.23633214334156996
0,g755,0.4916527619632066,0.23433932219626782
0,g759,0.10348440635165307,0.10370151536365513
0,g760,0.05879672175166868,0.06754484759427605
1,g761,0.7847417090518932,0.8912696373347928
0,g762,0.5133114244535802,0.2687816255432225
1,g763,0.6913799006390805,0.8827753588694749
0,g764,0.7647184972533652,0.3789205130743316
1,g765,0.6538187851202081,0.881155216148065
0,g767,0.05787295423850395,0.08148338396718237
0,g768,0.11735920005984263,0.13257516083840518
0,g769,0.597623456810287,0.359459782187046
0,g771,0.24356412437336966,0.18015078579837898
1,g772,0.671422474216631,0.8618998131416502
0,g773,0.4566240227412695,0.3307878595779993
0,g774,0.5733263556898337,0.37396335399281866
0,g775,0.17349687120960888,0.14172987143369437
1,g776,0.6749749146379058,0.8621333408243674
0,g777,0.12531993777268455,0.10053882554028848
0,g778,0.20353665347754601,0.15995578498389865
0,g779,0.08376367778190927,0.09686843611592236
0,g780,0.21238282445073986,0.1716485607325084
0,g781,0.2633708679134001,0.17442273539299502
1,g782,0.22042732385105465,0.7975061962504104
1,g784,0.6238769551574437,0.8541581863318743
0,g785,0.28284855862870817,0.2157998080540547
0,g786,0.2544874787465267,0.16075093823402545
0,g787,0.6512068676617491,0.3716844701355346
0,g788,0.31433472505792454,0.1817147960538048
0,g789,0.0765079119300051,0.09991096360427823
0,g790,0.39504430330840185,0.20739272397851474
1,g791,0.4990960646497143,0.8528898318296397
0,g792,0.10378223810038086,0.09324326157441414
0,g793,0.36665894736432814,0.20975050588064642
1,g794,0.8861822610177108,0.9025192165770106
0,g795,0.15973799556573187,0.1323708142893608
0,g797,0.45280412850523594,0.2770315133363406
0,g798,0.1358257830887257,0.12009990615726396
0,g799,0.7445433702618748,0.4372758369125528
0,g800,0.20419345092073288,0.17688673082294754
0,g802,0.12123015490500001,0.12442103667570159
0,g803,0.47281300645046104,0.25102929007976665
1,g804,0.5174731722485937,0.828275700239999
0,g805,0.27918141927347595,0.20410086316751597
0,g806,0.23179500402700112,0.16130581755862256
0,g807,0.16111120258190803,0.14128980099989794
1,g808,0.7827173569726138,0.8912235737394352
0,g809,0.08138745865569524,0.09232194086496019
1,g810,0.17713105879989507,0.6579017249314046
0,g811,0.18774853250440054,0.1317273840011481
0,g813,0.1986121664496514,0.13688844321596047
1,g814,0.2293639546261429,0.7619782463517778
0,g815,0.14725207209087812,0.11666340506609163
0,g816,0.09551908906861033,0.09725666489104536
0,g817,0.11201329673450156,0.11058245723854146
0,g818,0.2904259556168114,0.2113577637413837
1,g819,0.5658300793213543,0.8341620682126989
0,g820,0.12354378168951409,0.10334057584814053
1,g821,0.8779586104117182,0.9253270614285685
0,g822,0.4487242928467417,0.26143731534468784
0,g823,0.2910253846071793,0.19211993321569829
0,g824,0.08228487350278164,0.09066054228554644
0,g825,0.3750905621731884,0.22582978657071712
0,g826,0.06565247261434694,0.0658710089812
0,g827,0.13357971278507969,0.16740166531196915
1,g829,0.6224022171257162,0.8737305247708429
0,g830,0.25765886717141834,0.1913934137650103
1,g831,0.4030204718980855,0.8113089425605406
0,g832,0.20882054221822588,0.21802897223734105
0,g833,0.14598449609447955,0.11761943089111995
1,g834,0.6685200891018409,0.8630508694885249
1,g835,0.3050377485721752,0.6893366056713512
1,g836,0.23141385402505352,0.7018525911919181
0,g837,0.2002194807743091,0.16550057159489334
0,g839,0.24243223371853148,0.14917960722200785
0,g840,0.09251433974336207,0.08833044054761016
0,g842,0.4578384161254146,0.23733329182982452
0,g843,0.6792018785728283,0.3390263744265413
0,g845,0.15890004485197978,0.1325374406962764
0,g847,0.11630893195665672,0.10711835513492689
0,g848,0.06854530111494996,0.08028881948158585
0,g849,0.08310346060590458,0.09922570540434845
0,g850,0.12388691410776166,0.11097448667442908
0,g851,0.04878113319711239,0.0615886861313708
1,g852,0.754749725241171,0.8889577474731607
0,g853,0.3151194952151436,0.21153874393067673
1,g854,0.5261245985127923,0.8221785783965277
0,g855,0.41378461574542297,0.29008479366565815
0,g856,0.051935603019291406,0.070470400670616
0,g857,0.15008667118636806,0.12934928317504835
0,g858,0.5902655149415638,0.28987027528255416
0,g860,0.17988066022228869,0.13854318752952335
0,g861,0.34983169137609216,0.22235758345191314
0,g864,0.12257122908444448,0.11588621456060692
0,g865,0.32710524074311925,0.20049357141690252
1,g866,0.5508601035494091,0.8406872080642712
0,g867,0.13159667085386065,0.1257686896662052
0,g869,0.0696951020668047,0.11018535327159522
0,g870,0.16216642541105222,0.1263632534003794
1,g871,0.4624320686881236,0.7895797256885831
0,g872,0.361485757808678,0.24555415254595087
0,g873,0.26484001819911207,0.21126862573870447
1,g874,0.7914882838556841,0.9027820231399544
0,g875,0.1348798680979924,0.10190841415138722
1,g877,0.6561525642614768,0.8819532398841659
0,g878,0.059090683763200945,0.08375424543086159
0,g880,0.2007020281044963,0.15081735654566072
1,g883,0.5693260343852105,0.8063841010848858
0,g884,0.14084097681365895,0.16267589447710837
1,g885,0.5004761759454096,0.8430379843590481
0,g886,0.08032819155868527,0.09316409525337298
1,g887,0.6581572610385011,0.8648142551252767
0,g888,0.05723559983952159,0.06693658721082246
0,g889,0.06328258096011251,0.05218510233134662
1,g890,0.8580962047258658,0.9044943668130087
0,g891,0.18824549832544848,0.13077861835547322
1,g892,0.40506827163715897,0.8185241708208015
0,g893,0.34568729689815003,0.18979093673447894
0,g894,0.03574765039587925,0.04150849986442171
1,g895,0.5261611014824507,0.8483440896489733
0,g896,0.19039981553946173,0.15329453134550358
0,g897,0.10322465184693906,0.10750690760749333
1,g898,0.6923590080768354,0.876950186777062
0,g899,0.10227156197120602,0.10919113271514173
1,g900,0.7350473989721148,0.8319831735959494
1,g901,0.7414463745863212,0.8497281339760756
1,g902,0.5148263425422273,0.7733699181983386
0,g904,0.676281667499927,0.3141689225826208
0,g905,0.28665341715531917,0.21550089622691274
1,g906,0.7775609936025275,0.8759155234560827
0,g907,0.11470896310683545,0.0910583040358427
1,g908,0.3598234899821058,0.8208875909115066
0,g909,0.09270701419613261,0.11870780200643381
0,g910,0.10833789178184634,0.09984768834703385
1,g911,0.5033564428310657,0.8607441659354871
0,g912,0.407713244145368,0.22524171680577829
0,g913,0.15614628767142066,0.1332470804619806
1,g914,0.5585981312167991,0.8590433975118746
1,g915,0.2473232112744741,0.712276727208945
0,g916,0.6035079438479327,0.31901752669096134
0,g917,0.2685235313315275,0.17582898945421072
0,g918,0.29804294357169775,0.21229267546851047
0,g919,0.04298552935222453,0.03718669868826339
0,g920,0.11884375381304102,0.10438311546126217
1,g921,0.47285369986644155,0.8153422371422704
0,g922,0.3789415199503449,0.22509940148610294
0,g923,0.7697712485075613,0.42748085121488977
0,g924,0.34496321374195876,0.20120307925000988
0,g925,0.3943724287002251,0.23518939021641613
0,g927,0.42975849537748495,0.2622340918428871
0,g928,0.11548352217555893,0.0939873733669002
0,g929,0.4107020888276115,0.2268485784705894
0,g930,0.4225556815295838,0.2597747086202534
1,g931,0.43397832096764405,0.8367305421482416
0,g932,0.2900806177302568,0.21764463497335143
0,g933,0.12312431358051704,0.09898710681445198
0,g936,0.2249358642732591,0.17188508087217577
0,g939,0.3483495831103848,0.21365776196931283
0,g941,0.15796253151117898,0.13858518737279996
0,g943,0.12593763978793662,0.12653143583599477
0,g944,0.09675100439199041,0.0920652454862194
1,g945,0.323936471851728,0.8193929377010778
1,g946,0.664357886210277,0.8627881749249935
0,g947,0.07409908839461316,0.0933864730423136
0,g949,0.06536131674125568,0.06368701160953617
0,g950,0.15966551291279027,0.13205786888504437
0,g952,0.1253030762383076,0.12199754995117484
0,g953,0.08371830903941435,0.11297013784962957
0,g955,0.12851952662605937,0.11434039950036544
1,g956,0.6100827175521579,0.8552184596555846
0,g957,0.15561987212757844,0.1340353491910044
0,g960,0.10174169559217354,0.09161719722410647
0,g961,0.06198007116481328,0.0729007684558395
0,g962,0.09412540353782536,0.10498960261328429
0,g966,0.09452374140367328,0.10157546958478215
0,g967,0.4635392480805383,0.23860544116573737
0,g968,0.37034941443701214,0.22824261113495645
0,g969,0.1649363366703444,0.13413464759420235
0,g970,0.13722633813066892,0.12502649004857136
1,g972,0.5091856367039419,0.8239346332765677
0,g973,0.13851785528027183,0.10326181124299552
0,g974,0.2503821147922943,0.19784323377534807
0,g975,0.36093520571542154,0.25228204075962296
0,g979,0.47402444052017206,0.3140256400467747
0,g980,0.22665603354207228,0.17271368229745906
1,g981,0.5139919711910274,0.8535423764836988
0,g982,0.47560064389942686,0.2612105379934889
0,g984,0.3671531067125091,0.22704056779989243
0,g985,0.329131287200173,0.1833634434259101
0,g986,0.14870374532719768,0.15114232044464618
0,g987,0.29906232489954854,0.188425167698436
1,g988,0.47160918574398053,0.853576729985212
0,g989,0.15907736106016718,0.11076727848980417
0,g990,0.11808831235297361,0.11931010394700171
0,g991,0.23715553006851686,0.17078412592748524
0,g993,0.1688679427510658,0.13011451428094797
0,g994,0.14464353859743825,0.14955743737288402
1,g995,0.5685583080343908,0.8632526194955299
0,g996,0.0551414830015143,0.05995851605702696
0,g997,0.2880951395530147,0.25521899898097394
0,g998,0.12729771260597875,0.09733237495488256
0,g1000,0.3145148048136574,0.20164776685311647
0,g1001,0.11783478903026517,0.12853907011209298
0,g1002,0.4055174389673526,0.21659049885219328
0,g1003,0.49833475442063235,0.27975223949336336
0,g1004,0.14751996608770032,0.136607979663466
0,g1005,0.31297623056654794,0.2049651809202552
0,g1006,0.3273698607428499,0.22104600080634026
0,g1009,0.395936647762052,0.2593065161088287
0,g1010,0.12316185861439038,0.11911233405894946
0,g1011,0.17682226497257897,0.14151733326634275
0,g1012,0.1950575082646769,0.18862262382159958
0,g1013,0.10738283467025575,0.1379756854490552
0,g1014,0.15462297511451445,0.13877545782802453
0,g1015,0.06810295787718662,0.07372247449935998
0,g1016,0.07669595400316452,0.09622262724139989
0,g1018,0.1398183286199147,0.11551558385815977
0,g1019,0.3678303144420507,0.21780943410658668
0,g1020,0.3742466004204524,0.20933443600166957
1,g1023,0.4971680674662196,0.8007785729695045
0,g1024,0.48299227433474073,0.3040822489550237
0,g1025,0.1549008534738564,0.11070958576182142
0,g1026,0.1424148813358887,0.1214146614277188
1,g1028,0.5294940837762997,0.8448452533480573
0,g1029,0.3996076600959768,0.2090584310424706
0,g1030,0.264539773005042,0.18880656412765962
1,g1031,0.6759909588283622,0.8733254368938422
0,g1032,0.0423821963916517,0.04167449061231225
0,g1033,0.1650647508575382,0.13258268977405352
0,g1034,0.43182682855196614,0.22349875595454696
0,g1036,0.3014441235489767,0.2398330856402709
0,g1037,0.15675724111092124,0.11560917670703814
1,g1038,0.4077833259330921,0.8278812964196168
0,g1039,0.46793058249966973,0.24972540251555397
0,g1040,0.22365272355092333,0.19663067423534597
0,g1041,0.08624798754967636,0.08960386733182288
1,g1042,0.47708043124590893,0.8228113254456434
0,g1043,0.10729500916380692,0.12808545549477587
0,g1044,0.06745481565267368,0.06757177459947804
0,g1045,0.45079647748793317,0.22615104768191882
1,g1046,0.7910696112741261,0.9116838467800318
0,g1047,0.08284671457010973,0.07911440383002295
0,g1049,0.613859692386912,0.34990680146006614
0,g1050,0.13334334063568687,0.1149573561934168
0,g1051,0.43705325802118306,0.22063262527138444
0,g1052,0.14061927729810092,0.1426988552819321
0,g1053,0.09814111274337374,0.1084406272692851
0,g1054,0.44386242325017056,0.2045779429877783
0,g1055,0.22071565027870493,0.16808219889613044
1,g1056,0.7782367462368787,0.9032390253341954
0,g1057,0.1693280639949263,0.15672528425195775
0,g1058,0.43394429793530725,0.23340131616425921
0,g1059,0.1929307867228601,0.14050005904541119
1,g1061,0.3687643820084782,0.8430591360576456
1,g1062,0.24323006833218194,0.7266127118709177
0,g1065,0.42550133958188197,0.22690840552905805
0,g1066,0.15462661294653438,0.13331435468641203
1,g1067,0.7216864682578408,0.9011149846724065
0,g1070,0.0332685355545948,0.050902770633694784
0,g1071,0.198742124104757,0.1493477586605072
0,g1072,0.41691836646932096,0.24237805327892878
1,g1073,0.6546234626009776,0.8626132202471565
1,g1074,0.8248606864778119,0.9072681862750307
0,g1075,0.0851452148752077,0.0747326359130473
0,g1076,0.2518114303740147,0.19989063732465154
0,g1077,0.33450786528145293,0.2356207665023996
1,g1079,0.6384205277318604,0.8827141525160823
0,g1080,0.3479852105826659,0.21282037258695177
0,g1085,0.060197645333979186,0.06370456482445834
0,g1088,0.16117753960904305,0.1701435645428956
0,g1089,0.431558752373917,0.23395522968459062
0,g1090,0.3167272510023823,0.19199864227578828
1,g1091,0.4926393811932875,0.8567100788888826
0,g1093,0.28715898631659864,0.24805232489494308
0,g1094,0.14559008675196491,0.13893946118870532
0,g1095,0.30034935613561375,0.20870426927010197
0,g1096,0.1849160659019094,0.17746396840448697
1,g1097,0.735454656600224,0.8896802238667705
0,g1098,0.3013831521962033,0.21612528177967893
0,g1099,0.07736341656269326,0.07832275751138722
0,g1101,0.2745462125601738,0.17773239021088083
0,g1102,0.13088496006065345,0.14435346953965128
1,g1103,0.6444303006849539,0.8672014836684465
0,g1104,0.21645592192235275,0.1764612785200455
0,g1105,0.3022770638642031,0.18988167945740494
1,g1106,0.6919117028902348,0.8767085741287051
1,g1107,0.7846924629610449,0.8929004529691406
0,g1108,0.33533504150208365,0.19745179932220722
0,g1109,0.0502649723952058,0.060314512840423155
1,g1110,0.3273864700640601,0.7853742226333073
0,g1111,0.12075864234911175,0.10205186649854861
0,g1112,0.2020053572334178,0.15170580504515763
0,g1113,0.08371519056518621,0.07971351603399057
0,g1114,0.2993805934131108,0.1869428651150797
1,g1115,0.6545584209191821,0.8890590656142356
0,g1116,0.25883421464063544,0.17185858289832842
0,g1117,0.23174321423031627,0.15769362912856022
1,g1120,0.5124896324109035,0.8261333746091314
0,g1121,0.35940960995418014,0.2086535001984265
0,g1122,0.27487092172510247,0.19354616457909007
0,g1123,0.14257929882250983,0.12494886237842023
1,g1125,0.7099547243028909,0.878576257819223
1,g1129,0.41177690663744826,0.7395235218796913
0,g1131,0.28147825688807454,0.1740822962169246
0,g1133,0.14836077912634896,0.13527978973728547
1,g1134,0.4546660965339636,0.85993427489686
0,g1135,0.18541080442916477,0.1602756667459814
0,g1136,0.2447238348551352,0.17409810951707208
0,g1137,0.1224747766151385,0.10194220577292408
0,g1138,0.15126888249416343,0.13931306574194283
1,g1139,0.5930624726123485,0.8165185009115539
0,g1140,0.2171912646709877,0.18203835844573918
0,g1141,0.1768814495895882,0.15387780353388866
1,g1142,0.7706688069615176,0.8701845137437721
0,g1143,0.27352439819633695,0.17454517549243956
0,g1144,0.0410893260605758,0.04551762611531956
0,g1145,0.2655732231806283,0.2092432306810876
1,g1146,0.7431552757865022,0.8809465161916273
0,g1147,0.11882209863712297,0.11801092630736819
0,g1148,0.24378020117107924,0.19609896718881106
0,g1149,0.5201942997670671,0.2399809830377722
0,g1151,0.25552075153179526,0.18765115572446142
0,g1152,0.08206904062358178,0.09600987835232656
0,g1154,0.3028185823857145,0.18734541684617
0,g1156,0.5357661256411095,0.27219190510213465
0,g1157,0.24277810252111293,0.18312817731080414
0,g1158,0.0328663531074898,0.04174384801004165
0,g1159,0.4654460059910215,0.26740090578033016
0,g1160,0.18428615054970135,0.15740346331701832
0,g1161,0.11390172008962991,0.10722507332287434
0,g1164,0.3537037603638416,0.20787824063171562
1,g1166,0.3087021213371473,0.7838960314535641
0,g1167,0.054253599144118876,0.06002374774588017
0,g1168,0.3053709472055268,0.17222228385666374
1,g1169,0.5956432182322061,0.8871161569214787
1,g1170,0.3001873715005141,0.7787462816672707
0,g1171,0.7974544884041603,0.3835890163212549
0,g1173,0.834663727329361,0.4063075354982198
0,g1174,0.24847434734975074,0.16852005880448262
0,g1176,0.3118197567797095,0.16956616267709174
0,g1177,0.10621215419812205,0.1162239542954875
0,g1178,0.10434363217240927,0.13608773814512792
0,g1180,0.21548539453947624,0.14196960790380672
0,g1181,0.12850637797528078,0.12964904202453775
0,g1182,0.1129947393191377,0.11038996804081411
0,g1183,0.4344594661402337,0.24141709721869453
0,g1184,0.3556104169824784,0.25569444836064553
0,g1185,0.3082244902674655,0.1930637233085972
0,g1186,0.7029478170569387,0.31542205189544187
0,g1187,0.1489836770707739,0.12099721119692787
0,g1188,0.11502302216203292,0.08791632049768025
0,g1189,0.2865509749297299,0.18058475382361014
1,g1190,0.3610022255612097,0.8297585617712241
1,g1191,0.45361916919457623,0.8480730290186936
0,g1192,0.14769620408346584,0.12145147343115101
0,g1193,0.6185822057151459,0.36216171567606475
1,g1196,0.1743985413208193,0.7395868421981607
0,g1197,0.2812060194754977,0.1922285211799552
1,g1199,0.3083439217399344,0.6930196176747291
0,g1200,0.2550257089672648,0.162086295689343
0,g1202,0.11020106996498466,0.10501641188691381
1,g1203,0.1715351750250612,0.7547027117858368
0,g1204,0.2020478357905337,0.18641761153663827
1,g1205,0.4202739680839483,0.8155544864848693
0,g1206,0.25414496196460185,0.15183738058114268
0,g1207,0.23233264190329592,0.14065526490892308
1,g1208,0.34179273309363667,0.8200717190318643
0,g1209,0.4226555642887752,0.24389017943159802
1,g1211,0.4327240957693479,0.7566422767008427
0,g1212,0.05358019975678318,0.07864321477067436
0,g1213,0.3639871503177689,0.22738630785335598
0,g1214,0.2556248494210788,0.21728869588302838
0,g1215,0.1262820010236699,0.10548790877698197
0,g1216,0.2591551877071188,0.19569387586497466
0,g1217,0.14178256615734167,0.1425848124043815
0,g1218,0.3992222965635762,0.23912114942765447
0,g1219,0.04328368503034596,0.04975396093505657
0,g1220,0.3446823079083111,0.22266777034410645
0,g1221,0.12864268665030662,0.12857848940032698
0,g1222,0.11803178486869878,0.1062992366628015
0,g1224,0.161824681847168,0.1259520911998825
0,g1225,0.2976684897643623,0.1961747136624288
1,g1226,0.6990851792108311,0.8369231996565858
0,g1227,0.14680674750853973,0.12557047802434348
0,g1228,0.07642006303803522,0.08099111027542735
0,g1229,0.1520857188726932,0.10931685291805375
0,g1230,0.1311362727645029,0.10468069159216596
0,g1231,0.6557841299589705,0.31943203348889204
0,g1232,0.11379601785300363,0.10495193403315539
0,g1233,0.16911831386975404,0.19017130654423883
0,g1234,0.0651121292735082,0.0843649534270405
0,g1235,0.6034889191036938,0.3290096855599095
0,g1237,0.17623547442707527,0.14057568026218337
0,g1238,0.4267696302525474,0.2632421594948841
0,g1239,0.14317238708067867,0.1127310163467138
0,g1240,0.17683366613998835,0.14999623880276472
1,g1241,0.21425527777190698,0.743596846086192
0,g1242,0.14344927228035592,0.15101137059164385
1,g1243,0.24636021678703762,0.8254134006933304
0,g1244,0.33559509803669807,0.2167602926476938
0,g1245,0.07401609986940297,0.086408628116316
1,g1247,0.8182509214561343,0.899051221610756
0,g1248,0.11293699369089488,0.11668518431840899
0,g1249,0.6354199334965235,0.3337251227611873
0,g1250,0.19555440400448035,0.14637915904172868
0,g1251,0.29623787986077965,0.18111385065604682
0,g1252,0.2983411455599584,0.22034411312455185
0,g1253,0.15821658703600472,0.15329997677136833
0,g1255,0.04708741321210655,0.05226634061116962
1,g1256,0.6650176547392495,0.8718791424511178
0,g1257,0.1181578067214712,0.1137082519184838
0,g1258,0.27611604669232903,0.20540753349619054
0,g1259,0.1910025274821507,0.1461484016495908
0,g1261,0.1179816519438535,0.0968685058602964
0,g1262,0.6464160918169399,0.32343244457458975
0,g1263,0.3737774469160497,0.20500484989357387
0,g1265,0.08470586846587999,0.07255311365699504
0,g1266,0.7522105945615717,0.4104141868899283
1,g1267,0.14976547155533187,0.7179796747775379
0,g1268,0.7382873030768515,0.312909579227015
1,g1269,0.5878952987872187,0.8231711784689939
0,g1270,0.10514185510691024,0.09015930198511933
0,g1271,0.1347279825733625,0.13816976483914087
0,g1272,0.14822553525232826,0.14841963166102287
0,g1273,0.2777838803702171,0.184386801104905
0,g1274,0.12912104145242098,0.10456908542544532
0,solo7102,0.2721270067055605,0.26380123779923975
0,solo7103,0.19188363839380418,0.2507968598677978
