risk_level,score_range,count,actual_mean_delta,std,abs_mean
low,0-17,1571,23.049663712113738,23.229766892637052,23.049663712113738
mild,18-34,48,21.887628469041204,26.103802818893072,21.887628469041204
moderate,35-54,39,5.084127637146146,30.78120688291716,5.084127637146146
high,55-71,36,-9.678841744872996,26.788439246812867,9.678841744872996
severe,72-99,2143,-23.77005453869718,22.970051012622847,23.77005453869718
