depression_binary,count,mean,std,abs_mean,label
0,1808,-3.1386129123642212,34.719969568944904,3.1386129123642212,non_depressed
1,2510,-3.7804596728349313,27.68049822063592,3.7804596728349313,depressed
