quintile,score_range,count,actual_mean_delta,delta_std
Q1,0-0,864,14.142955375503366,16.890397302952287
Q2,0-82,863,27.867107011562158,29.484892744907228
Q3,82-99,864,-36.25962744555827,25.312657949943446
Q4,99-99,863,-17.883197311110724,17.767480760231155
Q5,99-100,864,-5.406105702930949,7.876285365301542
